:0200000460009A
:100000004643464200000156000000000103030081
:1000100000000000000000000000000000000000E0
:1000200000000000000000000000000000000000D0
:1000300000000000000000000000000000000000C0
:1000400000000000010408000000000000000000A3
:100050000000200000000000000000000000000080
:100060000000000000000000000000000000000090
:100070000000000000000000000000000000000080
:10008000EB04180A063204260000000000000000FD
:10009000050404240000000000000000000000002F
:1000A0000000000000000000000000000000000050
:1000B0000604000000000000000000000000000036
:1000C0000000000000000000000000000000000030
:1000D00020041808000000000000000000000000DC
:1000E0000000000000000000000000000000000010
:1000F0000000000000000000000000000000000000
:10010000D8041808000000000000000000000000F3
:100110000204180804200000000000000000000095
:1001200000000000000000000000000000000000CF
:10013000600400000000000000000000000000005B
:1001400000000000000000000000000000000000AF
:10015000000000000000000000000000000000009F
:10016000000000000000000000000000000000008F
:10017000000000000000000000000000000000007F
:10018000000000000000000000000000000000006F
:10019000000000000000000000000000000000005F
:1001A000000000000000000000000000000000004F
:1001B000000000000000000000000000000000003F
:1001C000000100000010000001000000000000001D
:1001D000000001000000000000000000000000001E
:1001E000000000000000000000000000000000000F
:1001F00000000000000000000000000000000000FF
:10020000FFFFFFFFFFFFFFFFFFFFFFFFFFFFFFFFFE
:10021000FFFFFFFFFFFFFFFFFFFFFFFFFFFFFFFFEE
:10022000FFFFFFFFFFFFFFFFFFFFFFFFFFFFFFFFDE
:10023000FFFFFFFFFFFFFFFFFFFFFFFFFFFFFFFFCE
:10024000FFFFFFFFFFFFFFFFFFFFFFFFFFFFFFFFBE
:10025000FFFFFFFFFFFFFFFFFFFFFFFFFFFFFFFFAE
:10026000FFFFFFFFFFFFFFFFFFFFFFFFFFFFFFFF9E
:10027000FFFFFFFFFFFFFFFFFFFFFFFFFFFFFFFF8E
:10028000FFFFFFFFFFFFFFFFFFFFFFFFFFFFFFFF7E
:10029000FFFFFFFFFFFFFFFFFFFFFFFFFFFFFFFF6E
:1002A000FFFFFFFFFFFFFFFFFFFFFFFFFFFFFFFF5E
:1002B000FFFFFFFFFFFFFFFFFFFFFFFFFFFFFFFF4E
:1002C000FFFFFFFFFFFFFFFFFFFFFFFFFFFFFFFF3E
:1002D000FFFFFFFFFFFFFFFFFFFFFFFFFFFFFFFF2E
:1002E000FFFFFFFFFFFFFFFFFFFFFFFFFFFFFFFF1E
:1002F000FFFFFFFFFFFFFFFFFFFFFFFFFFFFFFFF0E
:10030000FFFFFFFFFFFFFFFFFFFFFFFFFFFFFFFFFD
:10031000FFFFFFFFFFFFFFFFFFFFFFFFFFFFFFFFED
:10032000FFFFFFFFFFFFFFFFFFFFFFFFFFFFFFFFDD
:10033000FFFFFFFFFFFFFFFFFFFFFFFFFFFFFFFFCD
:10034000FFFFFFFFFFFFFFFFFFFFFFFFFFFFFFFFBD
:10035000FFFFFFFFFFFFFFFFFFFFFFFFFFFFFFFFAD
:10036000FFFFFFFFFFFFFFFFFFFFFFFFFFFFFFFF9D
:10037000FFFFFFFFFFFFFFFFFFFFFFFFFFFFFFFF8D
:10038000FFFFFFFFFFFFFFFFFFFFFFFFFFFFFFFF7D
:10039000FFFFFFFFFFFFFFFFFFFFFFFFFFFFFFFF6D
:1003A000FFFFFFFFFFFFFFFFFFFFFFFFFFFFFFFF5D
:1003B000FFFFFFFFFFFFFFFFFFFFFFFFFFFFFFFF4D
:1003C000FFFFFFFFFFFFFFFFFFFFFFFFFFFFFFFF3D
:1003D000FFFFFFFFFFFFFFFFFFFFFFFFFFFFFFFF2D
:1003E000FFFFFFFFFFFFFFFFFFFFFFFFFFFFFFFF1D
:1003F000FFFFFFFFFFFFFFFFFFFFFFFFFFFFFFFF0D
:10040000FFFFFFFFFFFFFFFFFFFFFFFFFFFFFFFFFC
:10041000FFFFFFFFFFFFFFFFFFFFFFFFFFFFFFFFEC
:10042000FFFFFFFFFFFFFFFFFFFFFFFFFFFFFFFFDC
:10043000FFFFFFFFFFFFFFFFFFFFFFFFFFFFFFFFCC
:10044000FFFFFFFFFFFFFFFFFFFFFFFFFFFFFFFFBC
:10045000FFFFFFFFFFFFFFFFFFFFFFFFFFFFFFFFAC
:10046000FFFFFFFFFFFFFFFFFFFFFFFFFFFFFFFF9C
:10047000FFFFFFFFFFFFFFFFFFFFFFFFFFFFFFFF8C
:10048000FFFFFFFFFFFFFFFFFFFFFFFFFFFFFFFF7C
:10049000FFFFFFFFFFFFFFFFFFFFFFFFFFFFFFFF6C
:1004A000FFFFFFFFFFFFFFFFFFFFFFFFFFFFFFFF5C
:1004B000FFFFFFFFFFFFFFFFFFFFFFFFFFFFFFFF4C
:1004C000FFFFFFFFFFFFFFFFFFFFFFFFFFFFFFFF3C
:1004D000FFFFFFFFFFFFFFFFFFFFFFFFFFFFFFFF2C
:1004E000FFFFFFFFFFFFFFFFFFFFFFFFFFFFFFFF1C
:1004F000FFFFFFFFFFFFFFFFFFFFFFFFFFFFFFFF0C
:10050000FFFFFFFFFFFFFFFFFFFFFFFFFFFFFFFFFB
:10051000FFFFFFFFFFFFFFFFFFFFFFFFFFFFFFFFEB
:10052000FFFFFFFFFFFFFFFFFFFFFFFFFFFFFFFFDB
:10053000FFFFFFFFFFFFFFFFFFFFFFFFFFFFFFFFCB
:10054000FFFFFFFFFFFFFFFFFFFFFFFFFFFFFFFFBB
:10055000FFFFFFFFFFFFFFFFFFFFFFFFFFFFFFFFAB
:10056000FFFFFFFFFFFFFFFFFFFFFFFFFFFFFFFF9B
:10057000FFFFFFFFFFFFFFFFFFFFFFFFFFFFFFFF8B
:10058000FFFFFFFFFFFFFFFFFFFFFFFFFFFFFFFF7B
:10059000FFFFFFFFFFFFFFFFFFFFFFFFFFFFFFFF6B
:1005A000FFFFFFFFFFFFFFFFFFFFFFFFFFFFFFFF5B
:1005B000FFFFFFFFFFFFFFFFFFFFFFFFFFFFFFFF4B
:1005C000FFFFFFFFFFFFFFFFFFFFFFFFFFFFFFFF3B
:1005D000FFFFFFFFFFFFFFFFFFFFFFFFFFFFFFFF2B
:1005E000FFFFFFFFFFFFFFFFFFFFFFFFFFFFFFFF1B
:1005F000FFFFFFFFFFFFFFFFFFFFFFFFFFFFFFFF0B
:10060000FFFFFFFFFFFFFFFFFFFFFFFFFFFFFFFFFA
:10061000FFFFFFFFFFFFFFFFFFFFFFFFFFFFFFFFEA
:10062000FFFFFFFFFFFFFFFFFFFFFFFFFFFFFFFFDA
:10063000FFFFFFFFFFFFFFFFFFFFFFFFFFFFFFFFCA
:10064000FFFFFFFFFFFFFFFFFFFFFFFFFFFFFFFFBA
:10065000FFFFFFFFFFFFFFFFFFFFFFFFFFFFFFFFAA
:10066000FFFFFFFFFFFFFFFFFFFFFFFFFFFFFFFF9A
:10067000FFFFFFFFFFFFFFFFFFFFFFFFFFFFFFFF8A
:10068000FFFFFFFFFFFFFFFFFFFFFFFFFFFFFFFF7A
:10069000FFFFFFFFFFFFFFFFFFFFFFFFFFFFFFFF6A
:1006A000FFFFFFFFFFFFFFFFFFFFFFFFFFFFFFFF5A
:1006B000FFFFFFFFFFFFFFFFFFFFFFFFFFFFFFFF4A
:1006C000FFFFFFFFFFFFFFFFFFFFFFFFFFFFFFFF3A
:1006D000FFFFFFFFFFFFFFFFFFFFFFFFFFFFFFFF2A
:1006E000FFFFFFFFFFFFFFFFFFFFFFFFFFFFFFFF1A
:1006F000FFFFFFFFFFFFFFFFFFFFFFFFFFFFFFFF0A
:10070000FFFFFFFFFFFFFFFFFFFFFFFFFFFFFFFFF9
:10071000FFFFFFFFFFFFFFFFFFFFFFFFFFFFFFFFE9
:10072000FFFFFFFFFFFFFFFFFFFFFFFFFFFFFFFFD9
:10073000FFFFFFFFFFFFFFFFFFFFFFFFFFFFFFFFC9
:10074000FFFFFFFFFFFFFFFFFFFFFFFFFFFFFFFFB9
:10075000FFFFFFFFFFFFFFFFFFFFFFFFFFFFFFFFA9
:10076000FFFFFFFFFFFFFFFFFFFFFFFFFFFFFFFF99
:10077000FFFFFFFFFFFFFFFFFFFFFFFFFFFFFFFF89
:10078000FFFFFFFFFFFFFFFFFFFFFFFFFFFFFFFF79
:10079000FFFFFFFFFFFFFFFFFFFFFFFFFFFFFFFF69
:1007A000FFFFFFFFFFFFFFFFFFFFFFFFFFFFFFFF59
:1007B000FFFFFFFFFFFFFFFFFFFFFFFFFFFFFFFF49
:1007C000FFFFFFFFFFFFFFFFFFFFFFFFFFFFFFFF39
:1007D000FFFFFFFFFFFFFFFFFFFFFFFFFFFFFFFF29
:1007E000FFFFFFFFFFFFFFFFFFFFFFFFFFFFFFFF19
:1007F000FFFFFFFFFFFFFFFFFFFFFFFFFFFFFFFF09
:10080000FFFFFFFFFFFFFFFFFFFFFFFFFFFFFFFFF8
:10081000FFFFFFFFFFFFFFFFFFFFFFFFFFFFFFFFE8
:10082000FFFFFFFFFFFFFFFFFFFFFFFFFFFFFFFFD8
:10083000FFFFFFFFFFFFFFFFFFFFFFFFFFFFFFFFC8
:10084000FFFFFFFFFFFFFFFFFFFFFFFFFFFFFFFFB8
:10085000FFFFFFFFFFFFFFFFFFFFFFFFFFFFFFFFA8
:10086000FFFFFFFFFFFFFFFFFFFFFFFFFFFFFFFF98
:10087000FFFFFFFFFFFFFFFFFFFFFFFFFFFFFFFF88
:10088000FFFFFFFFFFFFFFFFFFFFFFFFFFFFFFFF78
:10089000FFFFFFFFFFFFFFFFFFFFFFFFFFFFFFFF68
:1008A000FFFFFFFFFFFFFFFFFFFFFFFFFFFFFFFF58
:1008B000FFFFFFFFFFFFFFFFFFFFFFFFFFFFFFFF48
:1008C000FFFFFFFFFFFFFFFFFFFFFFFFFFFFFFFF38
:1008D000FFFFFFFFFFFFFFFFFFFFFFFFFFFFFFFF28
:1008E000FFFFFFFFFFFFFFFFFFFFFFFFFFFFFFFF18
:1008F000FFFFFFFFFFFFFFFFFFFFFFFFFFFFFFFF08
:10090000FFFFFFFFFFFFFFFFFFFFFFFFFFFFFFFFF7
:10091000FFFFFFFFFFFFFFFFFFFFFFFFFFFFFFFFE7
:10092000FFFFFFFFFFFFFFFFFFFFFFFFFFFFFFFFD7
:10093000FFFFFFFFFFFFFFFFFFFFFFFFFFFFFFFFC7
:10094000FFFFFFFFFFFFFFFFFFFFFFFFFFFFFFFFB7
:10095000FFFFFFFFFFFFFFFFFFFFFFFFFFFFFFFFA7
:10096000FFFFFFFFFFFFFFFFFFFFFFFFFFFFFFFF97
:10097000FFFFFFFFFFFFFFFFFFFFFFFFFFFFFFFF87
:10098000FFFFFFFFFFFFFFFFFFFFFFFFFFFFFFFF77
:10099000FFFFFFFFFFFFFFFFFFFFFFFFFFFFFFFF67
:1009A000FFFFFFFFFFFFFFFFFFFFFFFFFFFFFFFF57
:1009B000FFFFFFFFFFFFFFFFFFFFFFFFFFFFFFFF47
:1009C000FFFFFFFFFFFFFFFFFFFFFFFFFFFFFFFF37
:1009D000FFFFFFFFFFFFFFFFFFFFFFFFFFFFFFFF27
:1009E000FFFFFFFFFFFFFFFFFFFFFFFFFFFFFFFF17
:1009F000FFFFFFFFFFFFFFFFFFFFFFFFFFFFFFFF07
:100A0000FFFFFFFFFFFFFFFFFFFFFFFFFFFFFFFFF6
:100A1000FFFFFFFFFFFFFFFFFFFFFFFFFFFFFFFFE6
:100A2000FFFFFFFFFFFFFFFFFFFFFFFFFFFFFFFFD6
:100A3000FFFFFFFFFFFFFFFFFFFFFFFFFFFFFFFFC6
:100A4000FFFFFFFFFFFFFFFFFFFFFFFFFFFFFFFFB6
:100A5000FFFFFFFFFFFFFFFFFFFFFFFFFFFFFFFFA6
:100A6000FFFFFFFFFFFFFFFFFFFFFFFFFFFFFFFF96
:100A7000FFFFFFFFFFFFFFFFFFFFFFFFFFFFFFFF86
:100A8000FFFFFFFFFFFFFFFFFFFFFFFFFFFFFFFF76
:100A9000FFFFFFFFFFFFFFFFFFFFFFFFFFFFFFFF66
:100AA000FFFFFFFFFFFFFFFFFFFFFFFFFFFFFFFF56
:100AB000FFFFFFFFFFFFFFFFFFFFFFFFFFFFFFFF46
:100AC000FFFFFFFFFFFFFFFFFFFFFFFFFFFFFFFF36
:100AD000FFFFFFFFFFFFFFFFFFFFFFFFFFFFFFFF26
:100AE000FFFFFFFFFFFFFFFFFFFFFFFFFFFFFFFF16
:100AF000FFFFFFFFFFFFFFFFFFFFFFFFFFFFFFFF06
:100B0000FFFFFFFFFFFFFFFFFFFFFFFFFFFFFFFFF5
:100B1000FFFFFFFFFFFFFFFFFFFFFFFFFFFFFFFFE5
:100B2000FFFFFFFFFFFFFFFFFFFFFFFFFFFFFFFFD5
:100B3000FFFFFFFFFFFFFFFFFFFFFFFFFFFFFFFFC5
:100B4000FFFFFFFFFFFFFFFFFFFFFFFFFFFFFFFFB5
:100B5000FFFFFFFFFFFFFFFFFFFFFFFFFFFFFFFFA5
:100B6000FFFFFFFFFFFFFFFFFFFFFFFFFFFFFFFF95
:100B7000FFFFFFFFFFFFFFFFFFFFFFFFFFFFFFFF85
:100B8000FFFFFFFFFFFFFFFFFFFFFFFFFFFFFFFF75
:100B9000FFFFFFFFFFFFFFFFFFFFFFFFFFFFFFFF65
:100BA000FFFFFFFFFFFFFFFFFFFFFFFFFFFFFFFF55
:100BB000FFFFFFFFFFFFFFFFFFFFFFFFFFFFFFFF45
:100BC000FFFFFFFFFFFFFFFFFFFFFFFFFFFFFFFF35
:100BD000FFFFFFFFFFFFFFFFFFFFFFFFFFFFFFFF25
:100BE000FFFFFFFFFFFFFFFFFFFFFFFFFFFFFFFF15
:100BF000FFFFFFFFFFFFFFFFFFFFFFFFFFFFFFFF05
:100C0000FFFFFFFFFFFFFFFFFFFFFFFFFFFFFFFFF4
:100C1000FFFFFFFFFFFFFFFFFFFFFFFFFFFFFFFFE4
:100C2000FFFFFFFFFFFFFFFFFFFFFFFFFFFFFFFFD4
:100C3000FFFFFFFFFFFFFFFFFFFFFFFFFFFFFFFFC4
:100C4000FFFFFFFFFFFFFFFFFFFFFFFFFFFFFFFFB4
:100C5000FFFFFFFFFFFFFFFFFFFFFFFFFFFFFFFFA4
:100C6000FFFFFFFFFFFFFFFFFFFFFFFFFFFFFFFF94
:100C7000FFFFFFFFFFFFFFFFFFFFFFFFFFFFFFFF84
:100C8000FFFFFFFFFFFFFFFFFFFFFFFFFFFFFFFF74
:100C9000FFFFFFFFFFFFFFFFFFFFFFFFFFFFFFFF64
:100CA000FFFFFFFFFFFFFFFFFFFFFFFFFFFFFFFF54
:100CB000FFFFFFFFFFFFFFFFFFFFFFFFFFFFFFFF44
:100CC000FFFFFFFFFFFFFFFFFFFFFFFFFFFFFFFF34
:100CD000FFFFFFFFFFFFFFFFFFFFFFFFFFFFFFFF24
:100CE000FFFFFFFFFFFFFFFFFFFFFFFFFFFFFFFF14
:100CF000FFFFFFFFFFFFFFFFFFFFFFFFFFFFFFFF04
:100D0000FFFFFFFFFFFFFFFFFFFFFFFFFFFFFFFFF3
:100D1000FFFFFFFFFFFFFFFFFFFFFFFFFFFFFFFFE3
:100D2000FFFFFFFFFFFFFFFFFFFFFFFFFFFFFFFFD3
:100D3000FFFFFFFFFFFFFFFFFFFFFFFFFFFFFFFFC3
:100D4000FFFFFFFFFFFFFFFFFFFFFFFFFFFFFFFFB3
:100D5000FFFFFFFFFFFFFFFFFFFFFFFFFFFFFFFFA3
:100D6000FFFFFFFFFFFFFFFFFFFFFFFFFFFFFFFF93
:100D7000FFFFFFFFFFFFFFFFFFFFFFFFFFFFFFFF83
:100D8000FFFFFFFFFFFFFFFFFFFFFFFFFFFFFFFF73
:100D9000FFFFFFFFFFFFFFFFFFFFFFFFFFFFFFFF63
:100DA000FFFFFFFFFFFFFFFFFFFFFFFFFFFFFFFF53
:100DB000FFFFFFFFFFFFFFFFFFFFFFFFFFFFFFFF43
:100DC000FFFFFFFFFFFFFFFFFFFFFFFFFFFFFFFF33
:100DD000FFFFFFFFFFFFFFFFFFFFFFFFFFFFFFFF23
:100DE000FFFFFFFFFFFFFFFFFFFFFFFFFFFFFFFF13
:100DF000FFFFFFFFFFFFFFFFFFFFFFFFFFFFFFFF03
:100E0000FFFFFFFFFFFFFFFFFFFFFFFFFFFFFFFFF2
:100E1000FFFFFFFFFFFFFFFFFFFFFFFFFFFFFFFFE2
:100E2000FFFFFFFFFFFFFFFFFFFFFFFFFFFFFFFFD2
:100E3000FFFFFFFFFFFFFFFFFFFFFFFFFFFFFFFFC2
:100E4000FFFFFFFFFFFFFFFFFFFFFFFFFFFFFFFFB2
:100E5000FFFFFFFFFFFFFFFFFFFFFFFFFFFFFFFFA2
:100E6000FFFFFFFFFFFFFFFFFFFFFFFFFFFFFFFF92
:100E7000FFFFFFFFFFFFFFFFFFFFFFFFFFFFFFFF82
:100E8000FFFFFFFFFFFFFFFFFFFFFFFFFFFFFFFF72
:100E9000FFFFFFFFFFFFFFFFFFFFFFFFFFFFFFFF62
:100EA000FFFFFFFFFFFFFFFFFFFFFFFFFFFFFFFF52
:100EB000FFFFFFFFFFFFFFFFFFFFFFFFFFFFFFFF42
:100EC000FFFFFFFFFFFFFFFFFFFFFFFFFFFFFFFF32
:100ED000FFFFFFFFFFFFFFFFFFFFFFFFFFFFFFFF22
:100EE000FFFFFFFFFFFFFFFFFFFFFFFFFFFFFFFF12
:100EF000FFFFFFFFFFFFFFFFFFFFFFFFFFFFFFFF02
:100F0000FFFFFFFFFFFFFFFFFFFFFFFFFFFFFFFFF1
:100F1000FFFFFFFFFFFFFFFFFFFFFFFFFFFFFFFFE1
:100F2000FFFFFFFFFFFFFFFFFFFFFFFFFFFFFFFFD1
:100F3000FFFFFFFFFFFFFFFFFFFFFFFFFFFFFFFFC1
:100F4000FFFFFFFFFFFFFFFFFFFFFFFFFFFFFFFFB1
:100F5000FFFFFFFFFFFFFFFFFFFFFFFFFFFFFFFFA1
:100F6000FFFFFFFFFFFFFFFFFFFFFFFFFFFFFFFF91
:100F7000FFFFFFFFFFFFFFFFFFFFFFFFFFFFFFFF81
:100F8000FFFFFFFFFFFFFFFFFFFFFFFFFFFFFFFF71
:100F9000FFFFFFFFFFFFFFFFFFFFFFFFFFFFFFFF61
:100FA000FFFFFFFFFFFFFFFFFFFFFFFFFFFFFFFF51
:100FB000FFFFFFFFFFFFFFFFFFFFFFFFFFFFFFFF41
:100FC000FFFFFFFFFFFFFFFFFFFFFFFFFFFFFFFF31
:100FD000FFFFFFFFFFFFFFFFFFFFFFFFFFFFFFFF21
:100FE000FFFFFFFFFFFFFFFFFFFFFFFFFFFFFFFF11
:100FF000FFFFFFFFFFFFFFFFFFFFFFFFFFFFFFFF01
:10100000D1002043491600600000000000000000ED
:10101000201000600010006000600260000000000E
:1010200000000060006C020000000000FFFFFFFFF6
:10103000FFFFFFFFFFFFFFFFFFFFFFFFFFFFFFFFC0
:10104000FFFFFFFFFFFFFFFFFFFFFFFFFFFFFFFFB0
:10105000FFFFFFFFFFFFFFFFFFFFFFFFFFFFFFFFA0
:10106000FFFFFFFFFFFFFFFFFFFFFFFFFFFFFFFF90
:10107000FFFFFFFFFFFFFFFFFFFFFFFFFFFFFFFF80
:10108000FFFFFFFFFFFFFFFFFFFFFFFFFFFFFFFF70
:10109000FFFFFFFFFFFFFFFFFFFFFFFFFFFFFFFF60
:1010A000FFFFFFFFFFFFFFFFFFFFFFFFFFFFFFFF50
:1010B000FFFFFFFFFFFFFFFFFFFFFFFFFFFFFFFF40
:1010C000FFFFFFFFFFFFFFFFFFFFFFFFFFFFFFFF30
:1010D000FFFFFFFFFFFFFFFFFFFFFFFFFFFFFFFF20
:1010E000FFFFFFFFFFFFFFFFFFFFFFFFFFFFFFFF10
:1010F000FFFFFFFFFFFFFFFFFFFFFFFFFFFFFFFF00
:10110000FFFFFFFFFFFFFFFFFFFFFFFFFFFFFFFFEF
:10111000FFFFFFFFFFFFFFFFFFFFFFFFFFFFFFFFDF
:10112000FFFFFFFFFFFFFFFFFFFFFFFFFFFFFFFFCF
:10113000FFFFFFFFFFFFFFFFFFFFFFFFFFFFFFFFBF
:10114000FFFFFFFFFFFFFFFFFFFFFFFFFFFFFFFFAF
:10115000FFFFFFFFFFFFFFFFFFFFFFFFFFFFFFFF9F
:10116000FFFFFFFFFFFFFFFFFFFFFFFFFFFFFFFF8F
:10117000FFFFFFFFFFFFFFFFFFFFFFFFFFFFFFFF7F
:10118000FFFFFFFFFFFFFFFFFFFFFFFFFFFFFFFF6F
:10119000FFFFFFFFFFFFFFFFFFFFFFFFFFFFFFFF5F
:1011A000FFFFFFFFFFFFFFFFFFFFFFFFFFFFFFFF4F
:1011B000FFFFFFFFFFFFFFFFFFFFFFFFFFFFFFFF3F
:1011C000FFFFFFFFFFFFFFFFFFFFFFFFFFFFFFFF2F
:1011D000FFFFFFFFFFFFFFFFFFFFFFFFFFFFFFFF1F
:1011E000FFFFFFFFFFFFFFFFFFFFFFFFFFFFFFFF0F
:1011F000FFFFFFFFFFFFFFFFFFFFFFFFFFFFFFFFFF
:10120000FFFFFFFFFFFFFFFFFFFFFFFFFFFFFFFFEE
:10121000FFFFFFFFFFFFFFFFFFFFFFFFFFFFFFFFDE
:10122000FFFFFFFFFFFFFFFFFFFFFFFFFFFFFFFFCE
:10123000FFFFFFFFFFFFFFFFFFFFFFFFFFFFFFFFBE
:10124000FFFFFFFFFFFFFFFFFFFFFFFFFFFFFFFFAE
:10125000FFFFFFFFFFFFFFFFFFFFFFFFFFFFFFFF9E
:10126000FFFFFFFFFFFFFFFFFFFFFFFFFFFFFFFF8E
:10127000FFFFFFFFFFFFFFFFFFFFFFFFFFFFFFFF7E
:10128000FFFFFFFFFFFFFFFFFFFFFFFFFFFFFFFF6E
:10129000FFFFFFFFFFFFFFFFFFFFFFFFFFFFFFFF5E
:1012A000FFFFFFFFFFFFFFFFFFFFFFFFFFFFFFFF4E
:1012B000FFFFFFFFFFFFFFFFFFFFFFFFFFFFFFFF3E
:1012C000FFFFFFFFFFFFFFFFFFFFFFFFFFFFFFFF2E
:1012D000FFFFFFFFFFFFFFFFFFFFFFFFFFFFFFFF1E
:1012E000FFFFFFFFFFFFFFFFFFFFFFFFFFFFFFFF0E
:1012F000FFFFFFFFFFFFFFFFFFFFFFFFFFFFFFFFFE
:10130000FFFFFFFFFFFFFFFFFFFFFFFFFFFFFFFFED
:10131000FFFFFFFFFFFFFFFFFFFFFFFFFFFFFFFFDD
:10132000FFFFFFFFFFFFFFFFFFFFFFFFFFFFFFFFCD
:10133000FFFFFFFFFFFFFFFFFFFFFFFFFFFFFFFFBD
:10134000FFFFFFFFFFFFFFFFFFFFFFFFFFFFFFFFAD
:10135000FFFFFFFFFFFFFFFFFFFFFFFFFFFFFFFF9D
:10136000FFFFFFFFFFFFFFFFFFFFFFFFFFFFFFFF8D
:10137000FFFFFFFFFFFFFFFFFFFFFFFFFFFFFFFF7D
:10138000FFFFFFFFFFFFFFFFFFFFFFFFFFFFFFFF6D
:10139000FFFFFFFFFFFFFFFFFFFFFFFFFFFFFFFF5D
:1013A000FFFFFFFFFFFFFFFFFFFFFFFFFFFFFFFF4D
:1013B000FFFFFFFFFFFFFFFFFFFFFFFFFFFFFFFF3D
:1013C000FFFFFFFFFFFFFFFFFFFFFFFFFFFFFFFF2D
:1013D000FFFFFFFFFFFFFFFFFFFFFFFFFFFFFFFF1D
:1013E000FFFFFFFFFFFFFFFFFFFFFFFFFFFFFFFF0D
:1013F000FFFFFFFFFFFFFFFFFFFFFFFFFFFFFFFFFD
:10140000814205D051F8043B40F8043B8242F9D8B0
:10141000704700BF044A05494FF0000342F8043BFF
:101420009142FBD8704700BFC0960020E0A7002083
:101430002DE98848BFF34F8F00BF00BF00BF00BF3A
:1014400000F0A2FE674B0822C3F8542100BF00BF82
:1014500000BF00BF00BF00BF00BF00BF00BF00BF94
:1014600000BF00BF00BF00BF00BF00BF5E4A5F49B2
:101470005F48FFF7C5FF5F4A5F496048FFF7C0FF5D
:101480005F4CFFF7C7FF4FF470004FF0E0210023DF
:101490005C4AC1F8880D44F823200133B02BFAD1FF
:1014A000594B8021594A03F8011B9342FBD14FF05D
:1014B000E0254C4E4FF08039DFF880B1DFF880A195
:1014C0004FF0FF31C5F8084D0027C6F80491C6F863
:1014D00000B1C6F8F490C6F8F0A0D5F8243DDFF8C6
:1014E000648143F4E0234A4AC5F8243DD8F81C300F
:1014F00023F07F0343F04003C8F81C30D8F82430B1
:1015000023F07F0343F04003C8F824309166D1668E
:101510001167516700F040FE3E4B3F49A3633F4BCC
:10152000E36363236B610323AF612B613C4BC5F81D
:10153000203DD5F8FC3D43F08073C5F8FC3D394BA8
:101540001A6842F001021A605B680B6000F0ACFEA2
:10155000C6F804913448C6F800B1C6F8F490C6F84D
:10156000F0A001F019F8D8F86C10304B304A41F473
:101570004051C8F86C101F60C3F80871C3F81871A7
:10158000C3F82871C3F83871936BDB0708D442F6AF
:101590001563284951651365936B43F00103936309
:1015A000234A254C936843F00113936000F0C2FD79
:1015B00001F002F800F0A6FE00F0E8FD2368132B0E
:1015C000FCD900F037FF2368B3F5967FFBD300F01A
:1015D000E1FD00F0DDFD00F0F3FF00F0D9FF30BFCA
:1015E000FDE700BF00800D4078A00100AC2800603E
:1015F00000000000C096002028C901600000002003
:1016000000940020D9D5000000E400E0A0E400E050
:1016100000C00A4055C5000070A7002059C5000051
:1016200000002020001000E00046C32300400840D6
:1016300000400D400000C05674A700201B10182069
:101640000C0D111300C00F40054B4FF42A01054A41
:1016500005485A641864054A99639546FFF7E8FE01
:1016600000C00A40FFAAAAAA070020000000062026
:101670001BB9124B1B6F9B041ED400F03F000F4B95
:1016800022F0604221F0604140F489101867C3F8ED
:101690008010C3F890201A6F22F480521A671A6FD4
:1016A000002AFCDAD3F87011054A0A40C3F8702109
:1016B0001A6F22F480321A67704700BF00800D4015
:1016C000FF7F7FFF43690A4A03EB011010B4037ADE
:1016D000084C02EB0313D3E901321460C2681A60AC
:1016E00003690BB142691A605DF8044B704700BF93
:1016F000E07A002061F801004369027E03EB0212E8
:1017000092F808C08C451CD01A7AFF2A19D0914251
:1017100010B5044616D01A7EFF2A06D00121D3E95F
:10172000002312681A4201D1217610BD064B052212
:10173000204603EB0C135B681A60FFF7C3FF2176AA
:10174000F3E770470021EAE7E07A002043690A4A9C
:1017500003EB011010B490F82830084C02EB03138F
:10176000D3E901321460C26A1A60036B0BB1426B99
:101770001A605DF8044B7047E07A002061F80100C0
:101780004369427E03EB021292F828C08C451ED0BA
:1017900093F82820FF2A1AD0914210B5044617D09A
:1017A00093F83820FF2A06D00121D3E900231268DC
:1017B0001A4201D1617610BD064B0522204603EB8B
:1017C0000C135B681A60FFF7C1FF6176F3E770479F
:1017D0000021EAE7E07A0020164942698B6B23F486
:1017E0007C0343F4802370B58B630446124DD2E929
:1017F00000130A681A4303690A60022200211A6171
:101800000E4A19619A6401225A629D624FF4303582
:10181000DD624FF001159E6C1E6519629D651A61AF
:10182000017EFFF74FFF617E2046BDE87040FFF765
:101830008DBF00BF00C00F40B80B05053B3728190E
:10184000B1F5607FF0B50E468DB028BF4FF46076DD
:101850000F46054672B62E4B0024702218602146B2
:101860002C4B2D481C8000F0B7FECFB121462A48F2
:101870004FF0010C4A0901F01F03013150F82240DA
:101880000CFA03F38E4243EA040340F82230F1D805
:10189000284600234380013300F582709E42F9D828
:1018A0001E4C257815B162B60DB0F0BD082000F0D1
:1018B0006BFE1B4B80220646009302A90693194B30
:1018C0000271056008A8029300F082FE06A9164A7C
:1018D000304600F06DFE069B08A8DB689847009B29
:1018E00002A8DB6898472378002BDCD10F4B104A05
:1018F000C3F858210F49D0204FF0E023402281F84F
:101900004600C3F808210123237062B60DB0F0BD74
:1019100048A200209AA7002050A20020ADA70020D6
:101920009C0C0020ADBF00001B10010000940020A3
:10193000B9BF000000E400E0204B002030B4C3E950
:101940002000C3E92200C3E92400C3E92600C3F84C
:10195000A800BFF34F8F4FF0E0231949194AC3F88D
:10196000701FC3F8702FBFF34F8FBFF36F8F164BED
:101970000146164C01229D6804F6DC749D601863D4
:10198000134B44F81C0C184602330088A34212FA89
:1019900080F21144F7D192B20C4B42EA0142C3F8F3
:1019A000DC2FBFF34F8F4FF0E023094AC3F8682FB5
:1019B000BFF34F8FBFF36F8F30BC704700FF2720FE
:1019C00080FF2720A0FF272000800F4000F0272065
:1019D000C0FF2720B24BD3F880200B2A2DE9F04717
:1019E0000D461BD14FF0FF30AE49AF4BAF4E01F16A
:1019F000040C5040202400F00102013C03FB02F2E1
:101A000082EA5000F7D1B44502D04A686146EEE759
:101A1000DFF88C82D8F8A830984279D02B6817224A
:101A2000A34928465B689847284600F0BDFD2B680F
:101A30004822A0495B6828469847284600F0B4FD34
:101A40002B6849229C495B6828469847284600F045
:101A5000ABFD2B68242299495B68284698472846A5
:101A600000F0A2FD2B68472295495B6828469847FD
:101A7000284600F099FD2B683F2292495B68284672
:101A80009847284600F090FD8F4B9C68A2070DD523
:101A90001A6B8E4B9A422B6800F0748140228C495D
:101AA0005B6828469847284600F07EFD670700F1EE
:101AB0005F81260700F15281E00600F14581A10611
:101AC00000F13881620600F12B81230600F1DD80F0
:101AD00014F4807440F0AD80714BD3F8C06096B1BF
:101AE000D3F8DC700122C0337A48194602330988E2
:101AF000834212FA81F21444F7D193B243EA0443C9
:101B00009F4200F07C81FFF717FF0120BDE8F087BE
:101B10002B680C22704928465B689847284600F0DD
:101B200043FD2A68D8F8A49028466C4BD2F804A04C
:101B3000A3FB09276A497F09A3FB072326225E0925
:101B4000C8F8A460D04767490A222846A1FB06319D
:101B50002346090901EB4101A6EBC10100F010FD8C
:101B60002B68C6EB061601225B6828465E4998473B
:101B70002346A7EB86010A222846C7EB071700F089
:101B8000FFFC2B68012258495B682846984723468A
:101B9000A9EB87010A22284600F0F2FC284600F053
:101BA00003FD2B68242251495B6828469847234649
:101BB0001022D8F89810284600F0E2FC284600F0E1
:101BC000F3FCD8F88860002E40F0DF80344ED6F861
:101BD0008C40002C40F0FA802B6822224449284691
:101BE0005B6898472E4B0221284693ED280AB7EEF2
:101BF000C00A00F0E9FC2B6805223E495B682846D4
:101C000098472B681D223C495B68284698473B4A09
:101C10003B48002311680A22A0FB01012846890CD9
:101C200000F0AEFC2B68042236495B6828469847D2
:101C30002AE72B682922344928465B6898472846BA
:101C400000F0B2FC2049286821228B6844682846AD
:101C500023F480738B602D49A047284600F0A4FC34
:101C60002B6842222A495B6828469847284600F09C
:101C70009BFC284A284B07211964936B43F04003CF
:101C80009363BFF34F8F30BFFDE72B6821222349B9
:101C900028465B689847284600F086FC18E700BF96
:101CA00000FF272080FF27202083B8EDA8FF2720F2
:101CB0006883002080830020CC83002018840020CB
:101CC000408400208884002000800F40F100AD0B8C
:101CD00014850020DCFF2720507E0020898888881A
:101CE000607E0020ABAAAAAA887E00208C7E0020FD
:101CF00014830020388300204083002010890020B6
:101D000083DE1B4360830020488600207486002009
:101D10009886002000400D4000C00A402486002024
:101D20002B6821229C4928465B689847284600F08A
:101D30003BFCCAE62B682922984928465B689847ED
:101D4000284600F031FCBDE62B682622944928463F
:101D50005B689847284600F027FCB0E62B682A22EB
:101D6000904928465B689847284600F01DFCA3E68A
:101D70002B6827228C4928465B689847284600F044
:101D800013FC96E6482289498AE62B68082288498E
:101D900028465B68984723461022D8F888102846C2
:101DA00000F0EEFB284600F0FFFBF40769D4B00713
:101DB00000F15381310700F14481F20600F15D81A9
:101DC000B30667D52B682A227A495DE02B68082282
:101DD000794928465B68984700231022D6F88C1072
:101DE000284600F0CDFB284600F0DEFBA00767D4B4
:101DF00061007FF5F1AE2B681B22704963E001247E
:101E0000DFF8F4A1DFF8F491DFF8D48105E00134C4
:101E1000072C3FF478AED8F8C060631E012707FA9C
:101E200003F23242F3D009EB83062B680E225146AF
:101E30005B68284698472146284600F0D1FB2B686E
:101E400005225F495B6828469847716800230A228B
:101E5000284600F095FB2B6804225A495B68284607
:101E60009847716800231022284600F089FB2B68F0
:101E70003A4655495B6828469847284600F094FB47
:101E8000C5E72B68282251495B68284698472846B1
:101E900000F08AFB37063CD4F4051BD4B00500F1F2
:101EA000D880710500F1D180320500F1E280F304A1
:101EB00000F1DB80B70416D52B68312244490CE0D1
:101EC0002B682622434928465B689847284600F03D
:101ED0006BFB81E62B6820223F495B6828469847C8
:101EE000284600F061FB340440D4F0032ED4B10343
:101EF00000F1B78072034BD4330300F1C680F701C1
:101F000000F1BF80B4017FF561AE2B681B2233491D
:101F10001FE02B682122324C284632495B689847E3
:101F200010220023D4F89010284600F029FBD4F8A2
:101F300090201F2A64D92C4B9A4203D320339A4213
:101F4000C0F0A780284600F02FFBA5E72B682322CE
:101F500026495B682846224E9847284600F024FB15
:101F6000D6F88C40002C3FF437AE2FE72B682122A7
:101F70001F4928465B689847194900231022D1F869
:101F80009410284600F0FCFA284600F00DFBACE760
:101F90002B6828221749DCE700860020D485002022
:101FA000AC8500208085002058850020C884002052
:101FB000B47E0020647F0020C4820020F8820020CC
:101FC000EC860020F486002014840020C07E0020CF
:101FD00088810020D082002078800020A882002004
:101FE00000FF2720907F0020E0A70020E081002054
:101FF000BC81002038820020DC860020C0FF272022
:102000002B681E22264928465B689847D4F898100A
:1020100000231022284600F0B3FA2B683E22214903
:102020005B6828469847D4F8981000231022284669
:1020300000F0A6FA2B681D221B495B6828469847CA
:1020400080E72B68292219491EE72B68442218498A
:1020500043E72B682C2217493FE72B6821221649BA
:1020600012E72B683222154973E72B683322144993
:1020700033E72B683F2213492FE72B6825221249AB
:1020800002E72B682822114963E72B6816221049C2
:102090005FE72B6841220F4928465B68984751E764
:1020A000B47F0020D47F002014800020107F002007
:1020B000CC8000209C800020EC7E00200482002048
:1020C00054810020148100203C7F00207C8200206D
:1020D0006482002034800020124BD3F880300B2B18
:1020E0001ED14FF0FF32104830B5104D104C01E0BA
:1020F0006B68754605F1040E5A40202102F0010379
:10210000013900FB03F383EA5202F7D1A645EFD170
:10211000044BD3F8A800801AB0FA80F0400930BD13
:102120000020704700FF27202083B8ED80FF272084
:10213000A8FF2720104BA020104AD96E41F440314F
:1021400010B4D96640F23764D96E41F44071D96653
:1021500054649064936C1B06FCD4094A40F23761C6
:10216000A02351649364936C13F08003FBD1054A60
:1021700013705DF8044B704700C00F4000400C40E6
:1021800000800C40B3A70020704700BF704700BF1D
:10219000704700BF00BF704710B44FF0E02300212C
:1021A00010243148C3F8941DC3F89C4D1124C3F882
:1021B000A00D2E48C3F89C4D1224C3F8A00D2C4846
:1021C000C3F89C4D2B4AC3F8A00D2B4C42F01502CE
:1021D0002A48C3F89C4DC3F8A00D294C2948C3F8E0
:1021E0009C4DC3F8A00D284CC3F89C2D2748284AC5
:1021F000C3F8A04DC3F89C0DC3F8A02D02F5A02292
:10220000244C0C322448C3F89C4DC3F8A02D234A1B
:10221000C3F89C0D224CC3F8A02D02F14062C3F814
:102220009C4D2048C3F8A02D0C32C3F89C0DC3F878
:10223000A02D00BF00BF00BF00BF00BF0122C3F838
:10224000942DBFF34F8FBFF36F8FC3F8501FBFF3B1
:102250004F8FBFF36F8FD3F8142D5DF8044B42F40A
:102260004032C3F8142D70473F00001025000807C6
:1022700009001000E0A70020130020002100020741
:10228000140000202500081309000010160020206B
:1022900027000B1317000040180000602F000B07E9
:1022A000190000701A000080F0B4154A40274FF45E
:1022B00080314FF480564FF400554FF4404443F2C0
:1022C0004200136913F0020F0ED113F4005F0FD018
:1022D00013F4805F0ED0002BF3DA13F4803F0BD1A0
:1022E0005B060BD5F0BC7047946151619061E8E7E3
:1022F0005561E6E75661E4E79161E2E75761E0E79F
:1023000000800D403F4A03203F49F3EE095AD2F8BE
:1023100080304FF0000C9FED3D6A23F001039FEDEC
:102320003C5A30B4C2F88030C2F89000D1F8E010C6
:10233000384DCBB2384C39482B6007EE903A0B0D34
:10234000C1F30B21F8EEE77A06EE903A07EE101A89
:10235000334BB8EEC77A2160F8EEE66A314937EEC2
:10236000C66A37EEC55A76EEC76A77EEE57A26EE8C
:10237000266AC3ED006A25EE265AD2F8803067EE51
:10238000A64AC0ED007AC6EE275A274885EE276A8E
:10239000C4EEA76A75EE875AFCEEE55A36EE076A78
:1023A00015EE904ABCEEC66A43EA045376EE877A8D
:1023B000C2F8803016EE103AD2F89041FCEEE77A7F
:1023C00001EA0341214317EE903AC2F89011C3F39A
:1023D0000B03D2F890110B431449C2F89031D2F894
:1023E000803043F00203C2F88030114B80F840C0C7
:1023F000C1F840314FF0E023012230BCC3F808217E
:10240000704700BF00810D4000441F400000AA42F9
:102410000000B44260A700205CA7002064A7002051
:1024200068A700200000FF0F00E400E000940020F7
:10243000C5D70000314B40F6617210B5C3F82021BA
:1024400040F2044400F0D0F82D4A2E49D2F88030F2
:102450002D4843F00303C2F880302C4BC1F8604193
:1024600002681A4203D1D1F8A8319A071BD0254A35
:102470004FF00041244B5963D2F8403143F002033E
:10248000C2F84031D2F840319B07FBD44FF4003002
:102490004FF0E0211C4B4FF00042C1F88C02192094
:1024A0009A6300F07DF8184A4FF08040154C0021E7
:1024B00090630A20164B11604FF42072C4F8A801F3
:1024C000184600F089F84FF4800203464FF481006B
:1024D00040F243111860C4F858311A640D4B0E4A8B
:1024E000C4F84811C3F804224FF0E0224FF4003141
:1024F0000123C2F80C11C4F8403110BD00800D401A
:1025000000C00F4000002E4000900D40001C1E0037
:102510000000002000940020ADD9000008B50E4B4B
:102520001B6E9B0700D4FBBE72B60C4B00200C4AFE
:10253000C3F8400103F160430A49A3F55F23116426
:102540009D46BFF34F8F4FF400130748074ADB69DE
:1025500002609B68984700BF00441F4000002E4067
:1025600000C00A400300200000802020000012EB81
:10257000F8B500BFF8BC08BC9E46704700000000DC
:102580005FF800F091C800005FF800F03DD2000055
:102590005FF800F0F9D000005FF800F025CC0000F3
:1025A0005FF800F015CF00005FF800F059C8000098
:1025B0005FF800F039C600005FF800F0A5D4000015
:1025C0005FF800F0F11B01005FF800F0B9C80000EF
:1025D0005FF800F021C000005FF800F0AD180100C6
:1025E0005FF800F041C800005FF800F01DE1000056
:1025F000450000005D1F0000F120000005260000DE
:102600001D260000352600004D260000652600002E
:102610007D26000095260000AD260000C52600009E
:10262000DD260000F5260000992B0000B12B0000EC
:10263000C92B0000E12B0000F92B0000112C000039
:10264000292C0000412C0000752C0000A52C000056
:10265000BD2C0000D52C0000ED2C0000052D000045
:08266000CD4200003DC700005F
:102668001F1C1F1E1F1E1F1F1E1F1E0053756E4D91
:102678006F6E547565576564546875467269536121
:10268800740000004A616E4665624D617241707265
:102698004D61794A756E4A756C4175675365704F1F
:1026A80063744E6F764465630000000080C00F407D
:1026B800000000031900000010000000E8841F401B
:1026C80001000000FF000000FF0000000000000003
:1026D800000000001800000010000000E4841F4003
:1026E80001000000FF000000FF00000000000000E3
:1026F800000000001F000000A1BF000070C00F40D4
:10270800000C00001100000011000000E0841F40D0
:10271800020000002400000012000000E0841F40B6
:10272800010000001000000011000000DC841F40C0
:10273800020000002500000012000000DC841F4099
:10274800010000001E00000095BF000070C00F408F
:10275800C00000001200000013000000D0841F40D9
:1027680001000000FF000000FF0000000000000062
:10277800000000001300000013000000CC841F407C
:1027880001000000FF000000FF0000000000000042
:10279800000000001C00000089BF0000160355005F
:1027A8005300420020005300650072006900610078
:1027B8006C00000018035400650065006E0073008B
:1027C80079006400750069006E006F000403090455
:1027D80009026200030100C032080B000202020174
:1027E800000904000001020201000524001001058F
:1027F80024010101042402060524060001070582BC
:102808000310001009040100020A00000007050374
:10281800024000000705840240000009040200028B
:10282800FF6AFF0007058102400001070501024019
:102838000001000009026200030100C032080B0019
:10284800020202010009040000010202010005243D
:1028580000100105240101010424020605240600D4
:10286800010705820310000509040100020A00009F
:1028780000070503020002000705840200020009A0
:1028880004020002FF6AC70007058102000201076F
:1028980005010200020100000A060002EF020140E1
:0428A800010000002B
:1028AC00000000000000000000000000000000001C
:1028BC00000000000000000000000000000000000C
:1028CC000548064B1B1AD90F01EBA301491002D086
:1028DC00034B03B118477047C0960020C0960020E8
:1028EC000000000008B5054B1BB105490548AFF3C6
:1028FC000080BDE80840FFF7E3BF00BF0000000008
:10290C000CA70020006C026038B590F845330BB969
:10291C00184638BD04460D4602F066FE2946204690
:10292C00BDE8384002F008BF02F05EBE03F098BB71
:10293C00B5EEC00AF1EE10FA0DD4F7EE007A90F86D
:10294C004433B4EE670AF1EE10FA37FE800A80EDDC
:10295C00D20A43B970479FED0B0A90F8443380EDCF
:10296C00D20A002BF6D09FED087A00F53A70DFED15
:10297C00077AE0EE077AFCEEE77A17EE901A02F08F
:10298C008FB900BF0000000000000143EE7CFF3E49
:10299C0069B372B690F8903203F0FF0213B10023C2
:1029AC0080F8903262B62AB372B647F6FF7C4FF4C9
:1029BC000042B0F99232B0F99412A0F892C2A0F889
:1029CC00942262B6002983EAE3729FED0E7AB8BFB7
:1029DC004942A2EBE37289B293B28B42B8BF0B4669
:1029EC0007EE903AF8EEE77A87EE870A7047D0F850
:1029FC00C03213B9BFEE000A704700F5267001F023
:102A0C0093BF00BF00FEFF4638B504463C21184872
:102A1C0004F53A752DED028BB0EE408A19F064FF87
:102A2C00284602F0F7F884F8440384EDD28A80B982
:102A3C000B21104803F0E0FC0D210E4803F0DEFCE6
:102A4C000A210D4804F028F884F84503BDEC028BEC
:102A5C0038BD9FED0A7A2846DFED097AE8EE077A51
:102A6C00FCEEE77A17EE901A02F01AF9E0E700BFD5
:102A7C000000202014890020C89C00200000014385
:102A8C00EE7CFF3E38B590F844330446ABB194F875
:102A9C00453323B194F844336BB9002038BD0A2177
:102AAC00124803F0F9FF94F8443384F84503002BE3
:102ABC00F3D00028F1D0012038BD00F53A75284636
:102ACC0002F0A8F884F844030028E0D0D4EDD26AD0
:102ADC0028469FED077ADFED077AE6EE877AFCEE63
:102AEC00E77A17EE901A02F0DBF8D0E7C89C0020CA
:102AFC0000000143EE7CFF3E08B5002120200CF0C5
:102B0C0013FF00211E200CF00FFF00211C200CF0E5
:102B1C000BFF20200CF0F6FE01280ED01E200CF02E
:102B2C00F1FE012808D01C200CF0ECFEA0F10100F5
:102B3C00B0FA80F04009400008BD002008BD00BF7D
:102B4C0038B590F8B43303B938BD0446D0F8B01397
:102B5C000830FFF7D9FE18B3D4F8B8330122082196
:102B6C001948134484F8B523C4F8B8330EF08EFA20
:102B7C00D4F8B05335B1284611F092FE01462846E0
:102B8C000EF084FA062111480EF080FAD4F8B8132E
:102B9C000F480CF0A5FA0E48BDE838400CF0ACBA62
:102BAC000F210C480EF072FAD4F8B04334B1204621
:102BBC0011F076FE014620460EF068FA0448BDE896
:102BCC0038400CF099BA00BFDC070020E807002061
:102BDC0064890020F0070020134AD0F8DC13136836
:102BEC005B1A182B00D8704710B5136804460121E6
:102BFC000830C4F8DC33FFF7CBFEB5EEC00AF1EEBB
:102C0C0010FA10D4D4EDEF7A0620F8EEE77ABDE88E
:102C1C00104027EE800AFDEEC07A17EE901A81F371
:102C2C0008010CF0EBBF10BD74A700202C4B1A68E8
:102C3C00D20730B5044685B008D52A4D2A4A2968F2
:102C4C0013685B1A312B0BD805B030BD264A012016
:102C5C00244D11681860136829605B1A312BF3D965
:102C6C00136816202B600CF0D5FB07EE900AB2EE21
:102C7C00047AD4EDD46AFAEECB7A67EE877AF8FE52
:102C8C00677A87EE870AB4EE660AF1EE10FADBD0AB
:102C9C0004F10800FFF74CFE072114480EF0F6F97A
:102CAC0094EDD40A02211248B7EEC00A0CF054FA83
:102CBC000F480CF021FA94EDD47A08210D4AB7EEA6
:102CCC00C77A0DEB01008DED007B11F0BBF802AB68
:102CDC005622302104F5587000F0A6FE05B030BD28
:102CEC009CA10020E4A3002074A70020D0050020A4
:102CFC0064890020D80500202DE9F0417E4D47F273
:102D0C002F52D0F8C41304462B685B1A934235D863
:102D1C0000F1080790F8B463D4F8C8232B689B1A09
:102D2C0041F2873293420FD92B6804F55878C4F8D6
:102D3C00C833002E40F09F80704B40464822302113
:102D4C0000F072FE94F8B463002E45D13846FFF7BC
:102D5C00EDFD002840F09F800121204600F01EFF71
:102D6C00002106200CF04AFF2B6844F61F62D4F8B1
:102D7C00CC135B1A934244D8BDE8F0812B68142223
:102D8C00082100F55670C36600F0BEFD94F8B4330C
:102D9C000646834200F0838004F55878002846D01C
:102DAC00574B57223021404600F03EFE94F8B46356
:102DBC00002E53D1601C00F045FD01222B6884F8D5
:102DCC00B423D4F8C823C4F8B8639B1A41F28732F1
:102DDC00934275D804F108073846FFF7A7FD002881
:102DEC004BD12B68D4F8D4239B1AB3F5FA7F59D264
:102DFC002046022100F0D2FE002106200CF0FEFE3F
:102E0C00B2E7296804F558753D4B52222846C4F8A0
:102E1C00CC13312100F008FE96200CF0CBFC284698
:102E2C00374B52223221BDE8F04100F0FDBD344B4E
:102E3C0053223021404600F0F7FD94F8B433002BB8
:102E4C0049D004F10807601C00F014FD84F8B46349
:102E5C003846FFF769FD94F8B4635DE7D4F8C823EE
:102E6C0004F108072B689B1A41F287329342B3D9BD
:102E7C002B68C4F8C833234B5FE72046FFF7ACFE42
:102E8C0094F8C0331BBB0821204600F087FE2B684A
:102E9C00C4F8D43368E73846FFF746FD5CE704F125
:102EAC00080739E7164B5022302104F5587000F012
:102EBC00BBFD2046FFF744FE2B68C4F8D43397E7DC
:102ECC002B6804F10807C4F8C8330E4B35E72046CD
:102EDC00FFF7ACFED7E7D4F8C82304F108072B683A
:102EEC009B1A41F2873293427FF630AF2B68C4F8BD
:102EFC00C833024B21E700BF74A70020A8050020AF
:102F0C0028080020A40500201A4BD0F8D02370B557
:102F1C001E68044690F8B433B61A53B10830FFF764
:102F2C0005FDD0B9144920468E428CBF06210221E2
:102F3C000BE000F108052846FFF7F8FCB0B90E4984
:102F4C0020468E428CBF0621012100F027FE002175
:102F5C000620BDE870400CF051BE2046FFF73CFE49
:102F6C0020460821BDE8704000F018BE2846FFF747
:102F7C00DBFCE4E774A70020905F010070B513211F
:102F8C0004464C480EF082F84B480CF0B5F805217D
:102F9C004A480EF07BF894F8AC1347480CF0A0F8B4
:102FAC0045480CF0A9F8052145480EF06FF8D4F807
:102FBC00B05335B1284611F073FC014628460EF08B
:102FCC0065F83D480CF098F894F8AC33002B66D0BB
:102FDC0006213C480EF05AF894F8B4333A4E002BC4
:102FEC003A4D15BF03210221304628460EF04EF80B
:102FFC0031480CF081F8082135480EF047F894F868
:10300C00B533002B15BF03210221304628460EF0A4
:10301C003DF829480CF070F807212E480EF036F8D0
:10302C0094EDD40A02212448B7EEC00A0CF094F8AF
:10303C0021480CF061F80A2127480EF027F8D4F843
:10304C00BC131D480CF04CF81B480CF055F80B2128
:10305C0022480EF01BF8D4F8B81317480CF040F8BF
:10306C0015480CF049F809211D480EF00FF80CF02A
:10307C00FBFF0221B7EEC00A0F480CF06DF80221DD
:10308C0018480EF003F80C480CF036F810211648CE
:10309C000DF0FCFF0848BDE870400CF02DB8042181
:1030AC0012480DF0F3FF044904F5567000F076FC5D
:1030BC008EE700BF3C0600206489002050060020EB
:1030CC005806002068060020380600203406002030
:1030DC00DC070020D0050020700600207C060020B4
:1030EC008806002094060020980600206006002028
:1030FC0010B51221044618480DF0C8FF17480BF004
:10310C00FBFF94F8AC33BBB194F8B433FBB9002398
:10311C000721204684F8B43300F040FD104A40F6F5
:10312C00B730116813685B1A8342FBD94FF0E02368
:10313C000C4AC3F80C2D10BD0B4B4222302104F568
:10314C00587000F071FC94F8B433002BDFD0601C85
:10315C0000F090FBDBE700BF200600206489002014
:10316C0074A700200400FA05280800202B3910B59C
:10317C0004462D2924D8DFE801F02F2349232323EB
:10318C0023232323232323232323235123666F2346
:10319C00238623232323238A2323A523232323BF0B
:1031AC0023C3C72323D8172490F8B43343B9601C26
:1031BC0000F048FB0122002384F8B423C4F8B83390
:1031CC0010BD0830FFF7B0FB0021062084F8B513C2
:1031DC00BDE810400CF012BD90EDD40A0830DFEDC4
:1031EC005A7A30EE270AFFF7A3FB072157480DF058
:1031FC004DFF94EDD40A02215548B7EEC00A0BF0EE
:10320C00ABFF5348BDE810400BF076BF90EDD40AED
:10321C000830DFED4D7A30EE670AE4E7D0F8BC33C6
:10322C0004214C48193B23EAE373C4F8BC330DF07A
:10323C002DFFD4F8BC1346480BF052FF4448BDE8B0
:10324C0010400BF059BFD0F8BC330421414819335E
:10325C00FF2BA8BFFF23E8E73A213F480DF016FFEC
:10326C003B480BF049FF23213C480DF00FFF384839
:10327C000BF042FF36213A480DF008FF3448BDE808
:10328C0010400BF039BFBDE81040FFF731BF90F88C
:10329C00AC33002B94D0002A92D01378002B8FD013
:1032AC00304B90F8B4131B68C0F8D0331378A3F1EB
:1032BC003102B2FA82F252098A4281D0312B3FF4A8
:1032CC0076AF26E090F8C0330521274883F0010340
:1032DC0084F8C0330DF0DAFE94F8C023234B002A97
:1032EC00234812BF0221032118460DF0CFFE1848C7
:1032FC00BDE810400BF000BFBDE81040FFF720BC4C
:10330C00BDE81040FFF73ABE90F8B433002B3FF401
:10331C0057AF601C00F0AEFA002304F1080084F8EB
:10332C00B433BDE81040FFF7FFBA002A3FF448AFB2
:10333C001378002B3FF444AF10460EF0CFFF04F18E
:10334C000800B7EEC00B4EE7CDCCCC3DD00500202D
:10335C0064890020340700204407002080070020E7
:10336C00A407002074A700203C0700202C07002095
:10337C0030070020F0B590F8AC538FB04DB30B78FC
:10338C000446302B07D0012D43D0022D0CBF322226
:10339C004C2293421BD14B78522B32D194F8B4630C
:1033AC0094F8B5730CF060FEB7EEC00A2B461A4ABF
:1033BC00282104A8019700968DED020B10F042FD18
:1033CC0004AB73224C2104F5587000F02DFB0FB0A8
:1033DC00F0BD0B784C2BFAD14B78732BF7D18C1C9E
:1033EC000E4811210DF052FE204611F059FA0146FB
:1033FC0020460DF04BFE0A480FB0BDE8F0400BF034
:10340C007BBE8A1C204619460FB0BDE8F040FFF782
:10341C00ADBE3122BDE700BFC0050020AC050020C9
:10342C0064890020F0B597B005460DF0A3FD3A284D
:10343C0043D00DF005FEC4B2202C3CD995F8AC332A
:10344C003BB9582C05D83B2C0BD82B2C11D02D2C40
:10345C000FD0534A2146284617B0BDE8F040FFF77D
:10346C0085BEA4F13C034F4ADBB222FA03F3DB071F
:10347C00EFD54B4B2246302105F5587000F0D4FAAD
:10348C00E7E704F1580300220DEB0304464B04F864
:10349C00302C0A9A9A4230D0444B0A9A9A424FD016
:1034AC00434B0A9A9A425DD0112142480DF0EEFD31
:1034BC0041480BF021FE17B0F0BD404E0DF0C0FDA1
:1034CC000024376805E03368DB1BC82BD9D82F2CB8
:1034DC00D7D00DF071FD0028F5D00DF0B1FD04F141
:1034EC0058030DEB0302C3B20A2BCAD00D2BC8D064
:1034FC003768013402F8303CE9E7BDF82C2046F679
:10350C0069539A42C8D19DF82E30652BC4D109AAB3
:10351C0008AB07A806A9CDE90232CDE9001005AB2E
:10352C0004AA27490DF12F0010F0F0FC06281FD03B
:10353C00232124480DF0AAFD1F480BF0DDFDBAE74E
:10354C001B4B0B9A9A42ABD105F55675284600F0E9
:10355C000FFA13211C480DF099FD1749284600F06D
:10356C001DFAA8E7144905F5567000F017FAA2E702
:10357C00DDE90630DDE9082105F556750090CDE949
:10358C0001212846DDE9041200F0D6F908210F4884
:10359C000DF07CFD0849284600F000FA8BE700BFCF
:1035AC0028080020450090187365747473796E6355
:1035BC0074696D65180700206489002074A70020C9
:1035CC00B4060020D406002004070020C806002002
:1035DC0090F84C3370B504468CB02BB390F84D3347
:1035EC0013B304F108060DF0E7FC10B12046FFF709
:1035FC0019FF04F5587501E0FFF7BCFE01A9284638
:10360C0000F040FA034601A92046002BF4D13046C5
:10361C00FFF78CF994F8AC3384F8B5032046ABB9BA
:10362C00FFF76AFB0CB070BD0A4A40F6B731D4F80C
:10363C00D80313681B1A8B42D3D9136804F10806FC
:10364C00C4F8D8333046FFF71DFACCE7FFF75CFC23
:10365C000CB070BD74A700202DE9F0475D4D0646F7
:10366C005D4C40F2EE29DFF8A8812F68DFF8A4A1A9
:10367C000DF08AFD2378002B67D098F80030DB071B
:10368C0063D52B68DAF800209B1A0E2B5DD906F552
:10369C0058704FF4165100F0C1F9504819F02CF93C
:1036AC00002861D13046FFF727FA012886F8AC03D1
:1036BC0058D04B4B4B4A022808BF1346C6F8B033C0
:1036CC00052149480DF0E2FC96F8AC1347480BF085
:1036DC0007FD062146480DF0D9FCD6F8B04334B1AD
:1036EC00204611F0DDF8014620460DF0CFFC3F4896
:1036FC000BF002FD304600F03BFA701C00F08CF829
:10370C00012106200CF010F908200CF095FB00218B
:10371C0006200CF073FA9FED370A06F10800FFF74C
:10372C0073F996F84C33002B48D096F84D33002B98
:10373C0038D096F8AC331BB30F212F480DF0A6FCF4
:10374C002A48BDE8F0470BF0D7BC2B682278DB1B6E
:10375C002AB1B3F5FA6F9AD80DF016FD88E74B45F0
:10376C00FAD994E7254BA9E7072125480DF08EFCE3
:10377C001E491A4819F0C4F81C480BF0BDFC91E71F
:10378C0006F5567000F08EF80028D5D108211D489A
:10379C000DF07CFC15480BF0AFFC0521304600F019
:1037AC00FDF9C9E7072118480DF070FC0F480BF024
:1037BC00A3FC0321304600F0F1F9BAE70A211348C3
:1037CC000DF064FC09480BF097FC0421304600F026
:1037DC00E5F9AAE774A70020BBA700200889002000
:1037EC00F8080020E408002050060020648900201E
:1037FC00E80500209A99193F10060020D8080020EF
:10380C00E005002004060020FC050020F005002047
:10381C00BAA7002084A7002010B50121044611206E
:10382C000CF082F8012110200CF07EF80021112000
:10383C000CF03EF8002110200CF03AF80023237015
:10384C0010BD00BF037803B1704710B501210446C9
:10385C0011200CF02DF84FF4FA700BF0ABFF012196
:10386C0010200CF025F84FF4FA700BF0A3FF012395
:10387C00237010BD037803B9704710B500210446BE
:10388C0010200CF015F84FF4FA700BF093FF002198
:10389C0011200CF00DF84FF4FA700BF08BFF002395
:1038AC00237010BD70B5054684B014490AF03EFA79
:1038BC000446287110B9204604B070BD28460AF0A1
:1038CC004DFA06460028F6D0294668460AF0BEFA9C
:1038DC009DF8003003F5FA63B3F5FD6F03D334465E
:1038EC00204604B070BD064A02A8064934460AF0C8
:1038FC006BFB02A928460AF039FAF1E7D4890020BB
:10390C00200900202C09002003790BB918467047B8
:10391C0030B583B00D460146144668460AF096FA57
:10392C009DF80320AA422CBF01230023A24228BFEA
:10393C000023184603B030BD10B50446007986B09C
:10394C0008B906B010BD0A98DBB2D2B2C0B289B2C7
:10395C0002900998C0B201900898C0B2009004A8D7
:10396C000AF01CFB04A920460AF000FA06B010BDB0
:10397C00037903B9704710B582B00446054A06496D
:10398C0068460AF021FB694620460AF0EFF902B0BE
:10399C0010BD00BF200900202C090020037910B5B0
:1039AC000C4690B053B3014606A80AF04FFA9DF8A6
:1039BC001D109DF81C209DF81830CDE903219DF8B1
:1039CC001B1003F5FA639DF81A20CDE901219DF82F
:1039DC001910104A009120210DEB010010F032FA61
:1039EC0008A810F05DFF2368024608A95B68204612
:1039FC00984720460BF080FB10B010BD0B680F22CF
:103A0C00054920465B689847204610B0BDE8104039
:103A1C000BF072BB48090020380900200068002216
:103A2C000368DB69184700BF10B514469EB01A46F0
:103A3C000B460094302101920446104A02A810F063
:103A4C0001FA2F2818D850B102AA002302EB000C5F
:103A5C0012F8011B944583EA0103F9D11846084A70
:103A6C0002AB402100900EA810F0ECF90246206841
:103A7C000EA90468636898471EB010BD00080020AA
:103A8C00080800202DE9F843002580460F46061D46
:103A9C00D8F8000003681B699847002860D0D8F854
:103AAC00000003685B699847C3B2232B0FD098F8CA
:103ABC004840002CECD00A2B0FD0D8F844203E2ADA
:103ACC0049DC511C4244C8F844101371E0E701234F
:103ADC00C8F8445088F84830DAE7D8F844302A213E
:103AEC00304643441D7188F8485010F081FBD8B320
:103AFC00A0EB0609C8F84450B9F1010FC8DD10223B
:103B0C000130002110F0A6F808F10303C0B2002226
:103B1C0003EB090C13F8011F9C4582EA0102F9D151
:103B2C009042B5D1A9F1020998F8043008F10601C8
:103B3C00B81CB9F1270F3B7098F80530A8BF4FF0AF
:103B4C0027097B704A464F440BF02EFF002320467A
:103B5C00BB70BDE8F88388F84850C8F8445097E724
:103B6C0004462046BDE8F883C8F8440090E700BF3F
:103B7C0030B5094C83B00220E51C012101900BF0FB
:103B8C00D3FE019800210BF093FEAC4202D014F846
:103B9C00010FF2E703B030BDF40800200F2917D84D
:103BAC00022010B50C46C1F3C7010BF081FE0320B7
:103BBC00C4F380010BF07CFEC4F3400104200BF035
:103BCC0077FE04F001010520BDE810400BF070BE3B
:103BDC00704700BF00207047704700BF036D0BB1EA
:103BEC0001207047406D003818BF0120704700BF9E
:103BFC0010B50446806D18B10EF07CFB0023A36554
:103C0C00236D2BB104F11800BDE8104007F032BC55
:103C1C00636D002BF6D110BDF0B595B000224FF4BA
:103C2C007A74244F1831054604A88DF80C2000979F
:103C3C00CDE90124CDE9122207F088FC129B002B60
:103C4C002DD05C2000260BF049FF019B04464660FA
:103C5C00C36004A9029B183040F8083C9DF80C3056
:103C6C0000F8043C144B40F8183C144B40F8103C42
:103C7C0007F0BEFB124B4FF47A72A7602B6063689F
:103C8C00A66501336E602E73AA602C6163600D4BC8
:103C9C0004A8009307F0EEFB284615B0F0BD139B6B
:103CAC00002BCED1064A2B732A602B61C5E9013457
:103CBC00EDE700BF3C0B0020600B0020BC0B00208C
:103CCC00100B0020C009002010B50446806D00B117
:103CDC0010BD4FF480700EF005FBA065B0B1002252
:103CEC00236D02703BB101464FF48072184607F009
:103CFC0011F8A06D10BD636D002BE9D001464FF497
:103D0C008072184604F0B4FCA06D10BD014B18462F
:103D1C00A36510BDB2A7002038B5056D6DB10BB110
:103D2C00002038BD1146284605F030FD0028F7D09C
:103D3C002846BDE8384005F0CBBE446D002CEFD0D2
:103D4C00204603F0E7F80028EAD02046BDE83840CA
:103D5C0003F05ABF8A79A2F150031B0622D402F257
:103D6C006C72F0B54B7985B0046D01330D798E789A
:103D7C004F78DBB209784CB1204601960095CDE91D
:103D8C000271022105F038FE05B0F0BD406D00282F
:103D9C00FAD001960095CDE90271022103F078FE6C
:103DAC0005B0F0BD0020704710B50446006D80B121
:103DBC00037813F0700F00D110BD002105F0E6FC64
:103DCC00606D0028F8D000220023BDE8104003F0FD
:103DDC00A1B8606D0028EFD090F8313013F0500F7F
:103DEC00EAD000220023BDE8104003F093B800BFD6
:103DFC00036D10B50C4682B02BB30DF1060201A970
:103E0C00184605F069F838B3BDF80430BDF8062043
:103E1C0053EA020120D0C2F3451C02F01F00D20A63
:103E2C00C3F34311400084F801C0A2705A0A01394F
:103E3C0003F01F0302F5EA62207001206171237107
:103E4C00A27102B010BD406D30B10DF1060201A996
:103E5C0002F006FF0028D7D1002002B010BD00BF31
:103E6C00036D10B50C4682B02BB30DF1060201A9FF
:103E7C00184605F021F838B3BDF80430BDF806201B
:103E8C0053EA020120D0C2F3451C02F01F00D20AF3
:103E9C00C3F34311400084F801C0A2705A0A0139DF
:103EAC0003F01F0302F5EA62207001206171237197
:103EBC00A27102B010BD406D30B10DF1060201A926
:103ECC0002F0BCFE0028D7D1002002B010BD00BF0C
:103EDC000369D3B10E4810B41C68E46884420FD156
:103EEC00186D18B15DF8044B05F02CBE586D18B167
:103EFC005DF8044B03F0FABE00205DF8044B7047EC
:103F0C00184623465DF8044B18470020704700BF45
:103F1C0089180000006990B10368154A1B69934227
:103F2C0025D1036D63B1187810F0080007D0D8695B
:103F3C005B69C01A48BF6FF0004070471846704765
:103F4C00436D002BFAD093F8310010F00800F6D036
:103F5C00186919685A69401A5B6862EB0303B0F17F
:103F6C00004F73F10003EAD36FF00040704718471D
:103F7C0085190000036973B11A68084952698A42AD
:103F8C0007D1186D08B105F08DBA586D18B102F053
:103F9C00ABBF184610474FF0FF307047B917000001
:103FAC00036923B31968134A10B58C6882B0944224
:103FBC0014D1186D48B101220DF1070105F09EF9DD
:103FCC0090B19DF8070002B010BD586D0028F8D0D4
:103FDC0001220DF1070102F0B7FEF1E701220DF10C
:103FEC0007011846A047EBE74FF0FF30EBE74FF027
:103FFC00FF30704711180000036963B11A68074954
:10400C0092698A4208D1186D08B105F0EFBC586D61
:10401C0008B103F0C7BB7047184610476118000081
:10402C00036D13B1586900217047436D13B1D3E987
:10403C000001704718461946704700BF036D13B155
:10404C00D86900217047436D13B1D3E9040170475F
:10405C0018461946704700BF036D13B1184605F09A
:10406C0021BA406D08B102F03FBF4FF0FF307047EE
:10407C00836C13B1184605F015BAC06C08B102F088
:10408C0033BF4FF0FF307047036D33B11B7813F023
:10409C00700F14BF012000207047406D30B190F8B4
:1040AC00313013F0500F14BF01200020704700BFB7
:1040BC00036D13B1184605F021B9406D08B102F03B
:1040CC0043BE4FF0FF307047836C00B583B063B1D3
:1040DC0001220DF10701184605F010F901280CD149
:1040EC009DF8070003B05DF804FBC06C28B10122F9
:1040FC000DF1070102F028FEF0E74FF0FF30F1E779
:10410C00036D13B1184605F071BC406D08B103F096
:10411C0049BB7047836C13B1184605F067BCC06C83
:10412C0008B103F03FBB7047036D13B1184605F09F
:10413C0009BD406D08B103F0D9BD7047836C13B154
:10414C00184605F0FFBCC06C08B103F0CFBD70473A
:10415C0000B5836C83B08DF8071043B101220DF1CB
:10416C000701184605F0EEFC03B05DF804FBC06CCB
:10417C000028F9D001220DF1070103F0B7FD03B0BF
:10418C005DF804FB8A79A2F150031B0622D402F2DB
:10419C006C72F0B54B7985B0046D01330D798E7866
:1041AC004F78DBB209784CB1204601960095CDE9E9
:1041BC000271042105F020FC05B0F0BD406D002813
:1041CC00FAD001960095CDE90271042103F060FC50
:1041DC0005B0F0BD00207047836C53B1187810F017
:1041EC0008000DD0D8695B69C01A48BF6FF0004059
:1041FC007047C36CA3B193F8310010F0080000D1E4
:10420C007047186919685A69401A5B6862EB0303B6
:10421C00B0F1004F73F10003F2D36FF00040704720
:10422C001846EDE7036D53B1187810F008000DD067
:10423C00D8695B69C01A48BF6FF000407047436D86
:10424C00A3B193F8310010F0080000D17047186941
:10425C0019685A69401A5B6862EB0303B0F1004FAE
:10426C0073F10003F2D36FF0004070471846EDE78E
:10427C0000B5006983B08DF8071060B10368104A6F
:10428C00DB68934215D1036D43B101220DF1070197
:10429C00184605F057FC03B05DF804FB406D002890
:1042AC00F9D001220DF1070103F020FD03B05DF8F8
:1042BC0004FB01220DF10701984703B05DF804FBE4
:1042CC008918000038B504460C4B806D236018B17A
:1042DC000EF010F80023A365236D04F118054BB103
:1042EC00284607F0C7F8064B2846A36007F0C2F82B
:1042FC00204638BD636D002BF2D1F4E7600B002033
:10430C00C009002038B504460E4B806D236018B1EF
:10431C000DF0F0FF0023A365236D04F118056BB1BC
:10432C00284607F0A7F8084B2846A36007F0A2F828
:10433C0020465C210BF0D4FB204638BD636D002B6E
:10434C00EED1F0E7600B0020C009002070B50446E8
:10435C0000F54E700AF03AFC04F549700AF036FC90
:10436C0004F544700AF032FC04F53F700AF02EFCA0
:10437C00244A254B256BA2602362002D32D06E6837
:10438C00013E6E6076BB2B68204ADB6A93422FD1CC
:10439C00A86D10B10DF0AEFFAE652B6D23B305F11A
:1043AC00180007F067F8256BE5B12B68184A5B68B5
:1043BC00934224D1174BA86D2B6018B10DF09AFFC6
:1043CC000023AB652B6D05F11806A3B1304607F041
:1043DC0051F8114B3046AB6007F04CF85C21284685
:1043EC000BF07EFB204670BD6B6D002BD7D1DAE74E
:1043FC0028469847D7E76B6D002BE7D1E9E72846AD
:10440C009847EFE7FC090020100B00205113000027
:10441C00651A0000600B0020C009002030B4029C1B
:10442C0011469C4634B1012C1CD0022C0ED000201D
:10443C0030BC7047056DF5B14FF0FF33934274EB10
:10444C000C04F4D3284630BC05F0A0B9026D0AB3B5
:10445C00D36959184CF10003002BE8D1104630BC3D
:10446C0005F094B9026D62B1536959184CF100030F
:10447C00002BDCD1F2E7406D0028D8D030BC02F024
:10448C0049BD406D0028D2D0D0E900238A184CEBEE
:10449C000303F3E7406D0028C9D0D0E9042330BCF6
:1044AC008A184CEB030302F035BD00BF70B5244BEA
:1044BC00044605690360002D32D06E68013E6E60C3
:1044CC0076BB2B681F4ADB6A93422FD1A86D10B1C3
:1044DC000DF010FFAE652B6D23B305F1180006F03F
:1044EC00C9FF2569E5B12B68174A5B68934224D153
:1044FC00164BA86D2B6018B10DF0FCFE0023AB65BC
:10450C002B6D05F11806A3B1304606F0B3FF104B26
:10451C003046AB6006F0AEFF5C2128460BF0E0FAAB
:10452C00204670BD6B6D002BD7D1DAE72846984733
:10453C00D7E76B6D002BE7D1E9E728469847EFE703
:10454C00100B002051130000651A0000600B0020B6
:10455C00C009002070B5264B044605690360002D88
:10456C0032D06E68013E6E6076BB2B68214ADB6AE6
:10457C00934233D1A86D10B10DF0BCFEAE652B6D1E
:10458C0043B305F1180006F075FF2569E5B12B68FA
:10459C00194A5B68934228D1184BA86D2B6018B14F
:1045AC000DF0A8FE0023AB652B6D05F11806C3B109
:1045BC00304606F05FFF124B3046AB6006F05AFFF8
:1045CC005C2128460BF08CFA204614210BF088FA5B
:1045DC00204670BD6B6D002BD3D1D6E7284698478B
:1045EC00D3E76B6D002BE3D1E5E728469847EBE763
:1045FC00100B002051130000651A0000600B002006
:10460C00C00900202DE9F0436D4F0022DFF8D08166
:10461C0085B03B680446C0F8008002610281C2602C
:10462C00002B00F0C8801A465B69002BFBD154614B
:10463C00644B0025204604F51D7623604FF47A73F5
:10464C0065612362604B6560A572E56184F8245056
:10465C00A562A361C4E9185500F0B0FF04F52373FB
:10466C00C4F88052C4F88C52C4F884324FF480736E
:10467C003D68C4F87482A4F87C32002D00F09D8053
:10468C002B461A465B69002BFBD156614F4A00231F
:10469C0004F52677C4F8742247F6FF72C4F8883202
:1046AC00A4F892224FF40042C4F87832A4F8942271
:1046BC0004F52C7284F87E32C4F8A432C4F8B032FB
:1046CC002B46C4F8A8224FF48072A4F8A0221A46F4
:1046DC005B69002BFBD157610022C4F8AC32C4F8E3
:1046EC009C3284F8A232C4F8C032C4F8D432C4E983
:1046FC00B833374BC4F898320023C4E9AE2304F521
:10470C00387204F53273C4F8D8224FF40072A4F84E
:10471C00D0222A466D69002DFBD1536118462D4AD3
:10472C0004F53D79C4F8DC5204F54278C4F8C8228B
:10473C00C4F8CC5284F8D252039300F00FFE264AF0
:10474C004846C4F8E8220A2284F8F0220AF070F9EC
:10475C00039B2A462146484600950AF0DDF940465F
:10476C000AF066F9012204F54779039B2146009271
:10477C0040462A460AF0D0F904F54C7848460AF02F
:10478C0057F933462A462146484600950AF0C4F9A3
:10479C0040460AF04DF93B462A46404621460095D4
:1047AC000AF0BAF90D4B2046A4F84453C4F8483328
:1047BC0005B0BDE8F08338603AE735463E6065E702
:1047CC004CA20020FC090020100B0020140A002031
:1047DC00080A0020F0090020F40A00209A99193FD9
:1047EC00E40900200148FEF737BF00BFE098002025
:1047FC000148FEF7EDBE00BFE098002038B51B4C19
:10480C00002504F108006570FFF7FCFE184B194AEF
:10481C001949C4F8B0231A68C4F86013FF2118684A
:10482C00C4F8C4231A68C4F8BC131968C4F85853E4
:10483C0084F85C53C4F8A45384F8A85384F8AC539C
:10484C00A4F8B453C4F8B85384F8C053C4E9F202C2
:10485C001A6818681B68C4E9F412C4E9F603074A1D
:10486C0020460749BDE838400DF09AB8E098002082
:10487C0074A700202808002074890020008E0020D6
:10488C00AD1A000010B5002104460AF0C5F8C8B1F5
:10489C00031DB4F91EC0B4F9201000F5827E33F963
:1048AC00022B9445A8BF94469142B8BF114673455C
:1048BC00F5D10123A4F81EC021842377BDE8104054
:1048CC000AF05EB810BD00BF2DE9F0410021804612
:1048DC000AF0A2F8F8B100F1140100F58A7CD8E9CD
:1048EC00082351E9047651E90254C7FBC723C6FBE0
:1048FC00C623C5FBC523C4FBC42310316145F0D1CD
:10490C00D8F828100131C8E90823C8F82810BDE8E8
:10491C00F0410AF035B8D8F828300133C8F82830FF
:10492C00BDE8F0810000000038B572B69FED127B37
:10493C000023826AD0E90845836280ED087B62B669
:10494C00D201204629460DF0FBFA0DF0BBFA07EE1A
:10495C00900AF5EE407AF1EE10FA06D4B1EEE70AC1
:10496C00DFED077A80EE270A38BD00EE100A0CF056
:10497C00EBFFF5E7AFF30080000000000000000043
:10498C0000FEFF4610B504460AF0B6F9204610BDED
:10499C00024A034903480DF003B800BF008E002003
:1049AC00E5200000D4A300200020704700207047B1
:1049BC00F8B50127027A1E4C0D46BA40C1F3072107
:1049CC000646204684F8A52084F8307184F82F71AF
:1049DC0009F0CCFCE9B2204609F0C8FC00212046C5
:1049EC0009F09CFD08B10020F8BD3B460222317A4B
:1049FC00204609F013FE0128F5D994F8A22094F86A
:104A0C00A300824210D2531CA118DBB2897E9842BB
:104A1C004FEA012184F8A23006D923440232987E51
:104A2C0084F8A2200843F8BD4FF0FF30F8BD00BF5A
:104A3C00D4890020F8B50127037A144C242903FAF1
:104A4C0007F30D4608BFC2801646C1F30721204666
:104A5C0084F8A53084F8307184F82F7109F086FC45
:104A6C00E9B2204609F082FCC6F30721204609F082
:104A7C007DFC2046F1B209F079FC3946204609F05C
:104A8C004DFDB0FA80F04009F8BD00BFD48900207C
:104A9C002DE9F0414FF001080F461546302144F244
:104AAC00600280F804800446FFF7C4FF064610B984
:104ABC003046BDE8F0816C2226212046FFF7BAFF74
:104ACC004FF4F97228212046FFF7B4FF40F622720A
:104ADC002C212046FFF7AEFF44F246423C212046F3
:104AEC00FFF7A8FF40F2371224212046FFF7A2FF60
:104AFC00002F6BD0454B342120469F428CBF424641
:104B0C000022FFF797FF07EE905A9FED417A322172
:104B1C00B8EE676A07EE907A2046F8EE676AB5FB46
:104B2C00F7F2C6EE267A02F01F0206EE902AF8EE95
:104B3C00E66A77EEE67A67EE877AFCEEE77A17EEAE
:104B4C00903AC3F30A0343EAC222FFF773FF44F21D
:104B5C00FF5230212046FFF76DFF732202212046C1
:104B6C00FFF768FF4FF4C8700AF024FE41F61D529F
:104B7C002E212046FFF75EFF072204212046FFF777
:104B8C0059FFB02206212046FFF754FF10220A21BC
:104B9C002046FFF74FFF00220E212046FFF74AFF69
:104BAC0043F63C4210212046FFF744FF47F67F7244
:104BBC0022212046FFF73EFF362224212046FFF714
:104BCC0039FF012330466372BDE8F08144F2FF02E5
:104BDC0030212046FFF72EFF732202212046FFF7DB
:104BEC0029FF4FF4C8700AF0E5FD41F61D522E2145
:104BFC002046FFF71FFF042220461146FFF71AFF3D
:104C0C00302206212046FFF715FFBFE7406603015F
:104C1C000000004510B50446084817F059FE052061
:104C2C000AF0C8FD06212046FFF7C2FE2046044AC2
:104C3C000021BDE81040FFF72BBF00BFD489002036
:104C4C000040C40A10B50446D1B1012901D000209E
:104C5C0010BD40F273122A21FFF7ECFE0028F6D0AB
:104C6C00882220212046FFF7E5FE0028EFD0E288BD
:104C7C002046242122F00402BDE81040FFF7DABEE2
:104C8C0055222021FFF7D6FE0028E0D0E2882046EE
:104C9C00242142F00402BDE81040FFF7CBBE00BF58
:104CAC0038B5054611B380290CD8C1F180042B7995
:104CBC0044EA042453B9224628462221BDE8384050
:104CCC00FFF7B8BE2B790024002BF4D0EA88002320
:104CDC002421284622F010022B71FFF7ABFE22464E
:104CEC0028462221BDE83840FFF7A4BE012347F631
:104CFC007F7222210371FFF79DFEEA88284624214A
:104D0C0042F01002BDE83840FFF794BE9FED1F7AC9
:104D1C00DFED1F7AE0EE077A38B50546FCEEE77A50
:104D2C0017EE904A14B3802C0CD8C4F180042B7964
:104D3C0044EA042453B9224628462221BDE83840CF
:104D4C00FFF778BE2B790024002BF4D0EA880023DF
:104D5C002421284622F010022B71FFF76BFE22460D
:104D6C0028462221BDE83840FFF764BE012347F6F0
:104D7C007F7222210371FFF75DFEEA882846242109
:104D8C0042F01002BDE83840FFF754BE000001436A
:104D9C00EE7CFF3E30B482B00C4602AB03E9060059
:104DAC00C37C002B30D072B6C37CDA0708D54FF029
:104DBC00E0214569D1F880212A408262C1F8802126
:104DCC009D0708D54FF0E0218569D1F884212A4050
:104DDC00C262C1F88421590708D54FF0E021C5699A
:104DEC00D1F888212A400263C1F888211A0708D516
:104DFC004FF0E021056AD1F88C212A404263C1F8BA
:104E0C008C21DB062FD462B683689C4235D0224BB2
:104E1C0084609B69214AC3F30111C3F3826352F886
:104E2C0021100133B1FBF3F2CCB1944227D8B2FB81
:104E3C00F4F3B2FBF3F294422CD3B3F5817F20D37D
:104E4C00174CC460036803220020019918615A6250
:104E5C0001221C6419661A6102B030BC7047994279
:104E6C00EFD3531CE9E74FF0E022416AD2F89031BE
:104E7C000B408363C2F89031C5E7C468E2E70024B5
:104E8C00DFE7022BFBD9023B5A08140244EA024426
:104E9C001C43D6E71A46E4E700C00F40AC0C0020D8
:104EAC00FF7F7F00024A034903480CF079BD00BF25
:104EBC00008E0020E520000050A30020024A034988
:104ECC0003480CF06DBD00BF008E0020E5200000F3
:104EDC00C8A20020024A034903480CF061BD00BF80
:104EEC00008E0020E5200000E0A20020024A0349C9
:104EFC0003480CF055BD00BF008E0020E5200000DB
:104F0C0058A30020024A034903480CF049BD00BFD6
:104F1C00008E0020E520000060A30020024A034917
:104F2C0003480CF03DBD00BF008E0020E5200000C2
:104F3C0078A30020024A034903480CF031BD00BF9E
:104F4C00008E0020E5200000D0A20020024A034978
:104F5C0003480CF025BD00BF008E0020E5200000AA
:104F6C00E8A20020024A034903480CF019BD00BF17
:104F7C00008E0020E520000068A30020024A0349AF
:104F8C0003480CF00DBD00BF008E0020E520000092
:104F9C00D8A20020024A034903480CF001BD00BF0F
:104FAC00008E0020E5200000F0A200202DE9F04F3B
:104FBC0000F5807EB1E8A00AB2E84015C5EA0643C8
:104FCC00C6EA2544C7EA0845C8EA2746C9EA0A479B
:104FDC00CAEA2948CBEA0C49CCEA2B4AA0E8F807E4
:104FEC008645E7D1BDE8F04F70474FF000022DE940
:104FFC00F00F00F5807C00BFB1E8A00AC5EA0203FF
:10500C00C2EA2544C7EA0205C2EA2746C9EA0207F2
:10501C00C2EA2948CBEA0209C2EA2B4AA0E8F807FF
:10502C008445E9D1BDE8F00F70474FF000022DE93F
:10503C00F00F00F5807C00BFB1E8A00AC2EA05437E
:10504C00C2EA0504C2EA0745C2EA0706C2EA0947F2
:10505C00C2EA0908C2EA0B49C2EA0B0AA0E8F8073F
:10506C008445E9D1BDE8F00F70472DE9F00F089C9D
:10507C0000F5007B51F8045B53F8046BC5EA064756
:10508C00C6EA254952F8045B54F8046BC5EA064895
:10509C00C6EA254AA0E880078345EBD1BDE8F00FAE
:1050AC00704700BF2DE9F84F454B464C18681979ED
:1050BC0004F580750368444AAB42D1770BD2434B5D
:1050CC001B78002B4BD04FF0E02340222C4605F5EB
:1050DC008075C3F808223E4BDFF804A1D3F800809A
:1050EC00DFF800913B4BBAF80060D3F800B0B9F888
:1050FC000070B8F1000F4FD0BBF1000F21D1B8F107
:10510C00000F49D008F10401204601EB460140365E
:10511C00FFF76BFFBFF34F8F4FF0E022C2F8704FD9
:10512C002034AC42FAD3BFF34F8FBFF36F8F7F2E77
:10513C0026D8AAF800607F2F15D8A9F80070BDE812
:10514C00F88F0BF1040208F10401204602EB470230
:10515C00403701EB46014036FFF728FFDAE72C46D3
:10516C0005F58075B7E700245846A9F8004009F00A
:10517C0007FC194B1A681C60164B1A60BDE8F88FB7
:10518C0000244046AAF8004009F0FAFB134A104BE1
:10519C00116814601960CEE7BBF1000F08D00BF159
:1051AC000401204601EB47014037FFF73EFFB1E712
:1051BC004FF48072594620460EF0C8FFAAE700BF94
:1051CC0008A30020003D202000800E40AEA7002048
:1051DC00F8A2002000A3002004A30020FCA20020C1
:1051EC009CA700209EA7002038B50021044609F09A
:1051FC0013FC88B172B61C4A1368002B2BD01B49C8
:10520C000D68002D2CD0156008600021184A118003
:10521C0062B6184609F0B4FB0121204609F0FCFBEC
:10522C0098B172B6134A136883B113490C6854B120
:10523C0014600024114A0860148062B61846BDE858
:10524C00384009F09DBB086062B638BD0B49106050
:10525C000B8062B638BD064910600B8062B6DBE786
:10526C00086062B6D8E700BFF8A20020FCA20020BC
:10527C009CA7002000A3002004A300209EA70020D0
:10528C00F8B52D4C05462D4AE36F43F44023E367F4
:10529C009368002B46DBD2F88830002B42DB0023CE
:1052AC0042F210724FF40C611C2017F021FBE369E1
:1052BC00234A23F44063234943F40063E361A36A64
:1052CC001A40214B42F0CE02A2624A68134043F4CA
:1052DC0000234B602DB91D4B0322C3F82021C3F8CA
:1052EC0024211A4E0327154B0124C6F828710025DA
:1052FC004FF480301649174A174E1D66DC601E614C
:10530C0058619961DA61C3F8E050C3F88C4004F13C
:10531C00E064C3F89040C3F89400C3F89810C3F845
:10532C009C20F8BD002DFCD1084B0322C3F8202192
:10533C00C3F82421F8BD00BF00C00F400040384026
:10534C0000FEFFFF00C00A40F8FFF7FF00801F407F
:10535C001B1F0100001F1F1F0100004770B5264DC9
:10536C0000240121254E284609F06CFC244A254BCB
:10537C00204614601C60FFF783FF234B0321234A54
:10538C000220C3F880112B6821491A604FF48072F7
:10539C009C61DA82DA8306229C829A831D4ADE6043
:1053AC001A61C3E9011029791B480FFA81FC1B4BC8
:1053BC0040F82C4040F82C30194B1A48D976D2F8CA
:1053CC006630194C43F01043C2F8663042F81A0CA0
:1053DC0009F016FC2A79154B0121207002F11000FE
:1053EC0003EB521302F01F02114C91409B00114A27
:1053FC0042F82040196070BD08A3002000FEFFFF9A
:10540C00F8A2002000A3002000801F40003D2020B7
:10541C00020001012240384000C00E401400008000
:10542C0000800E4001000090AEA7002040380038EC
:10543C000528000000940020024A034903480CF0A0
:10544C00AFBA00BF008E0020E520000008A30020AA
:10545C00024A034903480CF0A3BA00BF008E002097
:10546C00E520000040A30020024A034903480CF049
:10547C0097BA00BF008E0020E520000080A300201A
:10548C00024A034903480CF08BBA00BF008E00207F
:10549C00E520000088A30020024A034903480CF0D1
:1054AC007FBA00BF008E0020E5200000A8A30020DA
:1054BC00024A034903480CF073BA00BF008E002067
:1054CC00E520000010A30020024A034903480CF019
:1054DC0067BA00BF008E0020E520000090A30020DA
:1054EC00024A034903480CF05BBA00BF008E00204F
:1054FC00E5200000B0A3002010B5054C04F1080015
:10550C0009F0FAFB2046BDE8104009F0F5BB00BFDE
:10551C0018A3002010B5084C0021204609F092FB7E
:10552C0004F10800002109F08DFB044A0449002015
:10553C00BDE810400CF034BA18A30020008E0020F7
:10554C00592C0000024A034903480CF029BA00BF49
:10555C00008E0020E520000070A30020024A0349C1
:10556C0003480CF01DBA00BF008E0020E52000009F
:10557C0098A30020024A034903480CF011BA00BF5B
:10558C00008E0020E5200000A0A30020024A034961
:10559C0003480CF005BA00BF008E0020E520000087
:1055AC0028A30020024A034903480CF0F9B900BFB4
:1055BC00008E0020E520000048A3002038B50446EA
:1055CC000E23006E002584F86F3284F87032656506
:1055DC0010B109F0D5F92566606E18B109F0D0F953
:1055EC000023636638BD00BF4FF0E022D2F80831CB
:1055FC0013F040032DE9F041044608D04023C2F8D3
:10560C00883190F86F320E2B6ED0012504E090F8A3
:10561C006F220E2A6DD01D460023D4E91806C4E96A
:10562C0018330E2384F86F3208B109F0A9F916B1BA
:10563C00304609F0A5F9A66A002E49D03368DFF888
:10564C00F480DB6A43455AD1B06D18B10CF052FEB0
:10565C000023B365336D002B4DD006F1180005F017
:10566C0009FFA76A7E68013E7E60002E2ED13B6842
:10567C00DB6A43454AD1B86D10B10CF03BFEBE65F8
:10568C003B6D002B3ED007F1180005F0F3FEA66A27
:10569C00E6B13368224A5B6893423ED1214BB06D30
:1056AC00336018B10CF026FE0023B365336D06F1A0
:1056BC00180773B3384605F0DDFE1B4B3846B36054
:1056CC0005F0D8FE5C2130460AF00AFA0023A362EA
:1056DC00164A13881BB1013B9BB213801BB94621A0
:1056EC00134800F0A1FE25B14FF0E0234022C3F88F
:1056FC000821BDE8F081736D002BAED1B1E73046C7
:10570C009847AEE77B6D002BBDD1C0E73846984774
:10571C00BDE7736D002BCDD1CFE730469847D5E769
:10572C00651A0000600B0020C009002090A7002023
:10573C0014890020511300002DE9F04796B006465D
:10574C000C46FFF751FF4FF0E023D3F8085115F04A
:10575C00400503D040220125C3F88821DFF8E08101
:10576C0046216F4800F04CFEB8F8003022466D49D7
:10577C00013302A8A8F80030002305F095FF149B14
:10578C00002B00F0A9805C2000270AF0A7F9039BEE
:10579C0004464760C36006A9049B1830DFF8A49147
:1057AC0040F8083C9DF8143000F8043C5E4B40F87F
:1057BC00183C5E4B40F8103C05F01AFE6368A76578
:1057CC0006A80133CDF808906360594BA36005F02F
:1057DC0051FEB76A002F54D07B68013B7B6001936C
:1057EC00002B32D13A685349D26A8A4240F08D80FC
:1057FC00B86D18B10CF07EFD019BBB653B6D002BA9
:10580C007ED007F1180005F035FEB76AEFB13B68A2
:10581C00494A5B6893427FD1434BB86D3B6018B1EA
:10582C000CF068FD0023BB653B6D07F1180A002BDB
:10583C006ED0504605F01EFE5046C7F8089005F095
:10584C0019FE38465C210AF04BF9B4621CB323688C
:10585C003A4A1B6B93421AD1236D002B4CD0002378
:10586C0014214FF00062A6F86A320E237165C6F857
:10587C006C2286F8703235BB0125284616B0BDE87F
:10588C00F08723682D4A1B6BB4629342E4D0204608
:10589C0098470028E3D1B8F8003023B1013B9BB204
:1058AC00A8F800301BB946211D4800F0BDFD002DA5
:1058BC00E3D000254FF0E02340222846C3F808210E
:1058CC0016B0BDE8F0874FF0E02340222846C3F81D
:1058DC00082116B0BDE8F087159C002C7FF453AF5F
:1058EC00DFF8609006A8CDF8089005F0C3FDB76A04
:1058FC00002F7FF471AFCEE7636D002BAFD1CAE7F9
:10590C007B6D002B7FF47DAF7FE7384690477CE7BB
:10591C007B6D002B8DD18FE73846984795E700BFFC
:10592C0014890020CC9C0020600B0020BC0B0020B4
:10593C003C0B002051130000651A00003D130000C1
:10594C0090A70020C0090020C26A91B2012912D18F
:10595C00016B03464AF64440814210B40DD045F227
:10596C002260814225D042F6113081421ED00020A7
:10597C005DF8044B7047002070470F4C0021120C4F
:10598C00012A04D0022AF2D1640841F001015A8F95
:10599C00082A04D0102AEAD1640841F0020183F8E5
:1059AC0070120120DC655DF8044B7047034C042138
:1059BC00E5E7034C0421E2E7BC13CE05F24E3817A1
:1059CC0079279C0B2DE9F04FB0F86A3200F16A068A
:1059DC0083B006EB030B09B304460D4608274FF4BE
:1059EC002068DFF864A3DFF8649394F86F320E2B11
:1059FC0000F22D81DFE813F012001200F100D80044
:105A0C001200120012001200A00073003C002B00C8
:105A1C0016002B011200002B00F0D880002003B0E0
:105A2C00BDE8F08F626D2B46B4F86A12954228BF20
:105A3C0013461944D21AA4F86A1240F07781ED1A71
:105A4C009B44676584F86F72002DCED1E6E7626DDA
:105A5C00AA4200F26D81B4F86A329344AD1A6765BC
:105A6C001A44A4F86E82A4F86A22002DBDD1D5E7A1
:105A7C00626D04F12C0094F86E325946AA42184417
:105A8C0028BF2A46019209F08FFF019A94F86E32D2
:105A9C00134484F86E32B4F86A321344A4F86A32B0
:105AAC00636D9B1A6365002BB8D1E16A9344AD1A00
:105ABC00226B5145626540F0D38084F8713294F8C2
:105ACC00703284F86F32DB0705D508F003FF60668F
:105ADC000028A3D0626DA265002D86D19EE7626D71
:105AEC0004F12C0094F86E325946AA42184428BF8F
:105AFC002A46019209F058FF019A94F86E32134429
:105B0C0084F86E32B4F86A321344A4F86A32636DC6
:105B1C009B1A6365002B81D12046FFF715FF0028E7
:105B2C0000F09580019A6765AD1A9344A4F86E82D3
:105B3C00002D7FF45AAF71E7626D04F12C0094F8DC
:105B4C006E325946AA42184428BF2A46019209F0DF
:105B5C002BFF019A94F86E32134484F86E32B4F829
:105B6C006A321344A4F86A32636D9B1A6365002B86
:105B7C007FF454AFE36A4B4569D1636B71498B4237
:105B8C0065D101F15B41A36B01F5F11101F60F41F8
:105B9C008B426CD1E36BA3F11001182957D84FF449
:105BAC001061A4F86E1267E0626D94F87112954260
:105BBC0028BF1546521B6265002964D1023DBBF813
:105BCC00007040F08280002A40F0AA800E23002052
:105BDC0084F86F3203B0BDE8F08F636D216E9D4287
:105BEC00B4F8682028BF1D465B1B636502E0002DDE
:105BFC003FF411AFBBF90000571C01EB4202023D10
:105C0C00A4F868700BF1020B9080B4F868207F2A1E
:105C1C00EDD90022204608F0DBFE0122216E204641
:105C2C0008F0D6FE206E08F0ABFE0022ABEB0603AC
:105C3C00606E2266626DA4F86A321544656510B117
:105C4C0008F09EFE656D002D63D00120E7E60E2363
:105C5C00002084F8703284F86F3203B0BDE8F08F06
:105C6C000B2384F86F32002D7FF4BFAED6E640F6DE
:105C7C000C43A4F86E32E36BAD1A93446365002DAC
:105C8C007FF4B3AECAE6216EB4F86800E76A01EBA4
:105C9C0040008780002084F87102B4F86800D84670
:105CAC00676E023D38F9023B07EB40070130A4F860
:105CBC006800BB80B4F868307F2B0FD875BB002A06
:105CCC0084D0284684F87152A9E6216E0BF1020BA0
:105CDC00B4F8680001EB40008780DEE70022204624
:105CEC00002708F075FE206E08F04AFE0122616E56
:105CFC002046276608F06CFE606E08F041FE626D6F
:105D0C00A8EB060367662A44A4F86A326265002A87
:105D1C009BD10E23012084F86F3280E6C3464DE7F9
:105D2C0002232846E76284F8713278E6626575E6EC
:105D3C00B4F86A32521B00202B446265A4F86A3214
:105D4C006DE600BF57415645646174615249464641
:105D5C0090F86F320D3B012B40F2BC802DE9F041E5
:105D6C00044608F0B7FD2066002800F0AC8094F8DB
:105D7C006F32072B02D8DD0700F1AD80002363667C
:105D8C00B4F86C120023B4F86A22A4F86830891AAB
:105D9C00994200F3068194F86F320E2B00F0B38019
:105DAC00A56A002D44D02B68A2491A698A4240F09A
:105DBC0030812A6D002A00F006811178080740F125
:105DCC00A680D1695269891A40F1128104F16A07DF
:105DDC00994E4FF6FF784DB32B689B68B34240F059
:105DEC00E780286D002800F081804FF4007239465E
:105DFC0003F084FA83B2A4F86C32002B00F0838099
:105E0C00002381B2204694F86F52A4F86A32FFF74F
:105E1C00D9FD94F86F32002873D10E2B73D0072D57
:105E2C0014D9072B12D8A56A002DD5D1A4F86C5221
:105E3C00824A1388002B48D0013B9BB21380002B65
:105E4C0043D00E2384F8703284F86F32256EFDB186
:105E5C00B4F86800B8B17F2808D8C0F180020230CD
:105E6C000021520005EB40000EF070F9002229468B
:105E7C00204608F0ADFD94F86F32072B02D8DB07F3
:105E8C0040F1BA80256E284608F07AFD002323667F
:105E9C00656EC5B1B4F8680080B17F2808D8C0F130
:105EAC00800202300021520005EB40000EF04EF94A
:105EBC0029460122204608F08BFD656E284608F025
:105ECC005FFD00236366BDE8F08146215C4800F06D
:105EDC00ABFAB6E7704708F0FDFC606600287FF46B
:105EEC004FAF206EBDE8F04108F04ABD686D002848
:105EFC0000F0B0804FF40072394600F025FF83B2F9
:105F0C0079E70E2BDFD1A56A002D91D02B68DB6AC7
:105F1C004C4FBB427AD1A86D18B10CF0EBF90023B1
:105F2C00AB652B6D002B4AD005F1180005F0A2FAD9
:105F3C00A66A7568013D7560002D2FD13368DB6A48
:105F4C00BB4271D1B06D10B10CF0D4F9B565336DA5
:105F5C00002B65D006F1180005F08CFAA56AEDB19E
:105F6C002B68394A5B68934261D1384BA86D2B6022
:105F7C0018B10CF0BFF90023AB652B6D05F11806B9
:105F8C00002B3FD0304605F075FA314B3046AB60F4
:105F9C0005F070FA5C21284609F0A2FD0023A362EB
:105FAC0046E72046FFF70EFD00283FF4F4AE8AE7E3
:105FBC0028464FF400723946984783B21BE76B6D45
:105FCC00002BB1D1B4E76A6D002AA0D092F8311041
:105FDC0009079CD510681169091A5069526860EB61
:105FEC000202B1F1004F72F1000201D36FF00041D7
:105FFC0000297FF4EBAE8AE70122216E204608F0DF
:10600C00E7FC3FE76B6D002BBCD1BEE728469847F9
:10601C008EE728469047A56A00287FF4D7AE73E731
:10602C00736D002B96D199E73046984796E7284632
:10603C009847B3E7851900001118000090A70020BD
:10604C001489002051130000651A0000600B002019
:10605C00C00900204FF0FF30A4F86C82D0E600BFDE
:10606C0090F86F0207288CBF00200120704700BFFA
:10607C0090F81CC04160BCF1020FC26001D1836872
:10608C00184708F053BE00BFF0B4046840F2012575
:10609C001E462561A3B121B311F8015B013B656676
:1060AC00256FAF0707D41546013E676F1AB105F887
:1060BC00017B2A4604686569ED07F1D5002BEAD10E
:1060CC006EB10368196F8907FAD41146013E5B6FF4
:1060DC00002AF5D001F8013B0A46002EF1D1F0BCA4
:1060EC00704790F83C50D9E7324B334930B5D3E97F
:1060FC0011542079C8771A6C95F804C081F81CC02B
:10610C00087752B1B2F5004F23D32C4911442A4AD7
:10611C001964D07682F81BC030BD19680F24D86C76
:10612C008C6540F20134CA610C614FF47C544C61B3
:10613C0003210468246883F83D10214B9C4226D12E
:10614C00037F4260022BC26026D18368BDE83040D9
:10615C0018472D68E98B090422D492B2EA8321688E
:10616C00EC8BA4B2EC82CC8B240405D5CC8BC2F383
:10617C00080204F47E442243CA83CA8B92B2CA82B8
:10618C0000210D4A1964D07682F81BC030BD23461D
:10619C001146BDE830401847BDE8304008F0C6BD98
:1061AC00E98BC2F3080E92B201F47E4141EA0E0172
:1061BC00E983D4E71489002000800E400180FFFFA2
:1061CC00D137000043682DE9F04FD3E90041814DF0
:1061DC004FF0B80A22684FF0020822EA01027E4909
:1061EC002260AA6911407D4A0A43AA6190F810E026
:1061FC007B4A03EB0E0603EB8E0E317C02EB011196
:10620C008968C1F800A090F811C003EB0C0503EBF2
:10621C008C0C95F8201002EB01118968C1F800A0D4
:10622C00817C03EB010903EB810199F830B002EB9F
:10623C000B1BDBF808B0CBF800A0D4F800A05F680B
:10624C004AEA070AC4F800A0347CDEF814E002EB3A
:10625C0004146468C4F800E095F82040DCF824C00D
:10626C0002EB04146468C4F800C0496B99F8304020
:10627C0002EB041252681160DA6B99F83810116055
:10628C00DA69317EDB6A116095F828201A600F22DA
:10629C000368C3F810809A65C27C002A31D072B6AC
:1062AC00C37CDC0708D54FF0E0214469D1F880218C
:1062BC0022408262C1F88021990708D54FF0E02175
:1062CC008469D1F884212240C262C1F884215A0722
:1062DC0008D54FF0E021C469D1F88821224002632F
:1062EC00C1F888211F0708D54FF0E021046AD1F8C6
:1062FC008C2122404263C1F88C21DE0655D462B653
:10630C000368384C8268A24259D0324A8460926940
:10631C003549C2F30116C2F38262344D51F826108E
:10632C000132B1FBF2F2AA4231D80022C260002441
:10633C0003211C610724596201211A641C6619612E
:10634C00C37C13B3DD0704D5816A4FF0E022C2F899
:10635C0000119C0704D5C16A4FF0E022C2F8041169
:10636C00590704D5016B4FF0E022C2F808111A0747
:10637C0004D5416B4FF0E022C2F80C11DB0604D5BA
:10638C00826B4FF0E023C3F81021BDE8F08F184961
:10639C00A1FB0251090DB2FBF1F2A24288BF0131FF
:1063AC00B1F5817F0DD3134AC0E74FF0E022416A6B
:1063BC00D2F890310B408363C2F890319FE7C268EA
:1063CC00B5E70229B1D902394C08220242EA04424B
:1063DC000A43ABE700C00F40CFFFFFE310000008FB
:1063EC00E07A002000093D00AC0C0020FF083D00C5
:1063FC0083DE1B43FF7F7F00704700BF704700BFE9
:10640C009F290FD84B09012201F01F0102FA03FC4E
:10641C0000EB83038A40C17C41EA0C01C1745969C9
:10642C0011435961704700BF9F2918D8012200B54C
:10643C004FEA511E01F01F0100EB8E0C02FA01F124
:10644C00DCF8143023EA0103CCF814302BB9C37CEC
:10645C0002FA0EF223EA0203C3745DF804FB7047E0
:10646C000BB1FFF711BE70474368D3E900120968FE
:10647C00114200D1704710B5026804460020052176
:10648C001061227C1344187C09F04EFA627C63681C
:10649C000521134493F8200009F046FA6368A27CA6
:1064AC0005211344BDE8104093F8300009F03CBAC4
:1064BC00704700BF30B583B005460C4609F0CAFCE6
:1064CC001C4B984204D800232B80238003B030BD92
:1064DC00694608F0F3FE9DF805309DF8062001335F
:1064EC009DF80410503ADBB292B21F2998BF0C2BC6
:1064FC0001D87F2A18D900219DF802209DF801307F
:10650C002980172A98BF3B2B9DF8001001D83B29F6
:10651C0003D90023238003B030BD5B0143EAC223BF
:10652C0043EA51039BB2F5E741EA431141EA4221A8
:10653C0089B2E1E7FFA5CE12012BF0B5054695B067
:10654C003DD0022B40F2022001F104010CBF0346A6
:10655C000023684605F0A8F8129B002B38D05C206D
:10656C00002609F0BBFA214B04AF0446C0E9003603
:10657C00019B3946183040F80C3C1D4B40F8103C40
:10658C00029B40F8083C9DF80C3000F8043C04F0E9
:10659C002FFF184B4FF47A72A665A360164B6E60F2
:1065AC002B6063682E730133AA602C616360134BFC
:1065BC003846009304F05EFF284615B0F0BD44F257
:1065CC0002230431684605F06FF8129B002BC6D1EC
:1065DC00139B002BC3D14FF47A71074A04AF2B7372
:1065EC002A602B61C5E90131E1E700BF600B002097
:1065FC00BC0B00203C0B0020100B0020C00900201D
:10660C0010B5D0F884448EB00A4644B1002321461C
:10661C006846009302F01EFE80B90EB010BDD0F893
:10662C00881441B1234668460C9400F031FF50B9F0
:10663C0000200EB010BD08460EB010BD684603F029
:10664C005DF80EB010BD684600F0E0FF0028EFD0FA
:10665C00E3E700BF70B5D0F884548EB016465DB138
:10666C0005F5896500230A4668462946009302F021
:10667C006FFD90B90EB070BDD0F888040028F9D029
:10668C0000F589640A462B46684621460C9500F0B5
:10669C0083FE48B900200EB070BD324629466846CC
:1066AC0002F036FF0EB070BD32462146684601F04E
:1066BC0001F90028EED0DDE710B5D0F884448EB097
:1066CC000A464CB10020012321460090684602F096
:1066DC00C1FD80B90EB010BDD0F8881441B10123B2
:1066EC0068460C9400F0D4FE50B900200EB010BDDA
:1066FC0008460EB010BD684603F0B2FE0EB010BDD9
:10670C00684600F029FF0028EFD0E3E730B5D0F859
:10671C0084448FB00A464CB10025012304F58961ED
:10672C006846009502F09EFC0FB030BDD0F888048E
:10673C000028F9D000F58961012368460C9401F01A
:10674C003BF90FB030BD00BF10B5D0F884448EB00B
:10675C000A463CB1002321466846009302F07AFDBC
:10676C000EB010BDD0F8881431B1234668460C9495
:10677C0000F08EFE0EB010BD08460EB010BD00BF6E
:10678C00F8B5054690F8D00408B90146F8BDD5F81F
:10679C008434002B4CD0DC69D5F89004013C0028E3
:1067AC0054D00368DB6B9847E0B1D5F8900478B30C
:1067BC0003681B6C9847A8B9D5F8900440B30368DC
:1067CC0001215B6C9847074610B3D5F8840458BB7D
:1067DC00D5F8886433466EB9D5F8900490B900208A
:1067EC000146D3E7D5F88404E8B9D5F88834002BF2
:1067FC00F5D00746184602F0B3F906463FB1D5F876
:10680C00900428B1036800215B6C984700B1A41B6D
:10681C00D5F88434FBB19B794FF40071994089B25F
:10682C00A1FB0401F8BD002704F06CFC0646E5E76B
:10683C00D5F88834D5F89004B3B1D3F83044002897
:10684C00AFD1184602F08CF90646E0E7184604F082
:10685C0059FC0646DBE7D5F88864002EBFD0D6F885
:10686C003C14A1FB0401F8BD0028B8D01C4698E7E5
:10687C0090F8D03463B1D0F8843463B19A794FF482
:10688C000070D9699040013980B2A0FB01017047BA
:10689C00184601467047D0F888040028F9D0D0F883
:1068AC003C14D0F83004A1FB000170472DE9F043F3
:1068BC00D0F890548DB04DB198462B6804462846BC
:1068CC00DB699847B0F5405F064604D80026304691
:1068DC000DB0BDE8F0834FF400700BF003FD0746DC
:1068EC000028F3D00DF10409B6F1806F024643463F
:1068FC00294648462ED901F0FFFB064638460BF0D8
:10690C00F9FC002EE2D02B682846271D1B6A9847FD
:10691C0094F8C034FF2B21D0D4F8C43404F594651A
:10692C0002932846D4F8C8340393B4F8C034ADF8B5
:10693C00043099E80E0005F07DFD94F8B134C4F8EC
:10694C009054002BC3D10123294638461A4604F033
:10695C0039FEBCE704F09CF80646CFE704F29445F8
:10696C0094F8CC14284606F0ADFB2846C4F8905495
:10697C0005F00AFE0028AAD10123D4F89014384659
:10698C001A4604F01FFEA2E7F0B5D0F8906485B06B
:10699C000446002E42D090F8D05490F8D13485B1F2
:1069AC00FE2B63D094F8D20427283DD9336869466E
:1069BC0030469B6C98470546284684F8D05405B061
:1069CC00F0BDFE2B26D090F8D204272849D994F894
:1069DC00C034271DFF2B2DD0D4F8C43404F5946695
:1069EC00D4F8C82401933046B4F8C0340292ADF800
:1069FC0000306B460ECB05F01DFD94F8B134C4F895
:106A0C00906463B90123314638461A4604F0DAFD26
:106A1C00054604E01F4B9B689B03D8D400252846F1
:106A2C0084F8D05405B0F0BD08F06CFF051E18BFFB
:106A3C000125F4E704F2944694F8CC14304606F0A1
:106A4C0041FB3046C4F8906405F09EFD0028E6D169
:106A5C000123D4F8901438461A4604F0B3FD0546C9
:106A6C00DDE708F04FFF0028B1D1D7E73368304697
:106A7C005B6D9847421C034694D00028CFD194F804
:106A8C00D124FE2ACAD1032126201D4608F04CFF32
:106A9C00C5E700BF00800042F0B50D46044685B046
:106AAC00304806F0C7FFFE2D84F8D15426D0272D90
:106ABC0002D9002005B0F0BD00262B4B04F59467DD
:106ACC008DF80450C4F8C4348DF80560384684F849
:106ADC00C05484F8C164C4F8C864CDE9023604AB70
:106AEC0013E90E0005F0A6FC94F8B134C4F89074C8
:106AFC0083B3304684F8D00405B0F0BD04F294455D
:106B0C000023FF221946284684F8CC3484F8C0248C
:106B1C0006F0D8FA2846C4F8905405F035FD70B943
:106B2C000123D4F89014201D1A4604F04BFD30B10B
:106B3C000122262384F8D02484F8D234BAE7262004
:106B4C000025032184F8D20484F8D05408F0ECFE1C
:106B5C002846AFE701233946201D1A4604F032FDC2
:106B6C00C8E700BF153C000040787D0118484FF085
:106B7C00290C184A0023184910B4C0F89424072291
:106B8C0080F8B1C44FF0FF0CC0F8A8144FF47F414B
:106B9C00124CC0F8AC24124AA0F8D014A0F89C34C3
:106BAC0080F8B53480F8CC3480F8D2C40460C0F8D6
:106BBC00A0240C490C4A5DF8044BC0F88434C0F88E
:106BCC008834C0F8903480F8BC340AF0E9BE00BFB9
:106BDC00C89C0020340C002000093D00E00B002074
:106BEC002C0A0020113C0000008E002070B500F132
:106BFC00240384B08C46044601AD164693E8070086
:106C0C0085E807004FEA4C122946206A01F0C4FEC1
:106C1C00012806D132462946206A01F0A1FE04B0B3
:106C2C0070BD002004B070BD10B5044600F0BAFD74
:106C3C00002384F8313084F8333010BD38B5144655
:106C4C000D46002200F12401006A01F089FE034682
:106C5C0020B1428901202A801B89238038BD00BFC6
:106C6C0038B514460D46002200F12401006A01F0EB
:106C7C0077FE034620B1C28901202A809B8923809C
:106C8C0038BD00BF38B50D4690F8311009B1002061
:106C9C0038BD382204460DF059FA012340222562F2
:106CAC00184684F8333084F8312038BDF0B40D46E2
:106CBC000978202903D115F8014F202CFBD0156041
:106CCC0095602C782F2C11D084B16E1C3C2C1D4F50
:106CDC0035462AD8212C12D804F1FF3CBCF11E0FEA
:106CEC0016D80020F0BC704715F8014F202CFBD0B3
:106CFC002F2CF9D01D601146F0BC01F01FBDA4F182
:106D0C00220C5FFA8CFC27FA0CFC1CF0010FE8D16A
:106D1C002E2C01D0202C0DD116F8014B002CE5D0D7
:106D2C002F2CE3D03C2C3546D4D95C2CD9D003D9AC
:106D3C007C2CD6D09660EFE73E3C012CFAD8002094
:106D4C00F0BC7047012100052DE9F04F90F833306D
:106D5C0083B00546DC0774D558060F46904640F1C3
:106D6C00B080D5E90023D5E9041018EB020443F1F7
:106D7C000003A14270EB0303C0F0A980B8F1000F2F
:106D8C005BD0464605F11809D5E90032D5F820A0AC
:106D9C00DAF838441C40C4F3080B002C70D11343B0
:106DAC0070D195F831305A064CBFDAF83424EA69C0
:106DBC00AA619AF84504023ADAF82C14630A824064
:106DCC0001EB54211144BBF1000F45D1B6F5007F06
:106DDC0042D3DAF81C2291423ED0B6F5806F58D3DC
:106DEC004FF0010B0BFA00FBABEB030B730A9B454B
:106DFC0028BF9B4691424FEA4B240AD801EB0B0368
:106E0C009A4206D20AF50470019106F0B5FD01997B
:106E1C00B8B1DAF814025B460268D2F814A03A460C
:106E2C00D04770B123462744D5E900125B1842F1D4
:106E3C000002361BC5E90032A8D1404603B0BDE8BC
:106E4C00F08F95F832304FF0FF3043F0020385F8A5
:106E5C00323003B0BDE8F08FCBF5007400220AF598
:106E6C000470B44228BF344606F0B2FD0028E8D0C6
:106E7C0000EB0B012246384608F096FD2346D2E77C
:106E8C00AA6996E795F833305B060ED5AA690132EC
:106E9C008EE7DAF814023A4603681B699847002813
:106EAC00CFD04FF400731C46BDE74A465046A96943
:106EBC0001F0B4FD0028C4DB0CD0D5F820A0AA69E1
:106ECC0077E795F8313019077FF558AF49E7A1EB13
:106EDC00020853E795F8313013F0500FB1D0A8EBFE
:106EEC0006084046AAE700BFF0B583B0012204466D
:106EFC0085690DF10701D0E90067FFF725FF01282F
:106F0C00A5610CBF9DF807004FF0FF30C4E9006786
:106F1C0003B0F0BD2DE9F04F1F4690F8313083B02F
:106F2C000446D0F81880002B51D01646D0E9001C2E
:106F3C00BC4508BF91425CD056EA07024DD01D07F4
:106F4C0004D5D0E90402B042BA4140D394F83320BE
:106F5C00751ED4F820A0019247F1FF309AF8452411
:106F6C000932D2B2C2F1200ED540A2F1200900FAAA
:106F7C000EFB20FA09F045EA0B0505430198400683
:106F8C0033D4481E20FA02F24CF1FF3051EA0C0CBB
:106F9C0000FA0EFE20FA09F042EA0E0242EA000262
:106FAC0001D0954229D25B064CBFDAF83434E36940
:106FBC00A36104F1180906E0A169013D206A01F002
:106FCC002DFD002803DD4A46002DF5D107E00020F9
:106FDC00C4F8188003B0BDE8F08F00238361012052
:106FEC00C4E9006703B0BDE8F08FE3692B44A361EB
:106FFC00F5E7012003B0BDE8F08FAD1AD9E700BF6B
:10700C002DE9F04F174690F831208FB00546002A35
:10701C0040F0D7808B4691F8311011F0500F00F0F2
:10702C00D08003F003019A46032900F0CA80013195
:10703C0003F0080041EA00030293002F00F0CB801C
:10704C00396901F10E08B649A1FB0818DBE90010FB
:10705C004FEAD808014308F102085FFA88F805D016
:10706C0000200021CBF81820CBE900010024029B62
:10707C00264643F040030393202206A95846FFF707
:10708C0063FE00B3202840F09C809DF918209DF8E9
:10709C001830002AC0F2A28034B9DBF80020A2F12B
:1070AC002009DBF818200192444501D20134E4B2E6
:1070BC00002B00F01381202206A958460026FFF76A
:1070CC0043FE0028DED11AF4007F7AD0029B9B0786
:1070DC0077D5002F75D0444517D2DDF804A02022B7
:1070EC0006A95846FFF730FE631C002861D0202803
:1070FC0067D12CB9DBF80020DBF818A0A2F120092D
:10710C00DCB2A045EBD8CDF804A0382200212846EB
:10711C009BF833400DF01AF8DBF82030C4F38014E0
:10712C00019A2B620823002685F82C4085F8313013
:10713C003B68C5E909297B60BE81B8F1000F33D0EB
:10714C0008F1FF39B346DFF8DCA15FFA89F90122B7
:10715C0059462846FFF74AFD044690B390F90020A3
:10716C00002A2EDB202200210CF0F0FF002E00F074
:10717C00BC80BBF1010F00F0D780C123A3461E34A5
:10718C0004F81E3CBB8938461BB9D7E901239A4247
:10719C0005D006F05BFC2BF8020FA345F2D10136AB
:1071AC005FFA86FBD845D2D8284600F0FBFA064693
:1071BC000DE05846DBF8186000F024FB002840F086
:1071CC00918000231E4685F8313085F833303046E7
:1071DC000FB0BDE8F08F4FF0030847E756BB4445AE
:1071EC0038BF0024852B7FF447AF31463822284620
:1071FC0001260CF0ABFF9DF81C209DF8193085F88A
:10720C00303002F03703D20658BF43F0080385F83C
:10721C003130DBF80030DBF82020203B2A62DBF831
:10722C001820C5E909239BF83330C3F3801385F884
:10723C002C3021E7C02B28D0C12B7FF43CAF3A4631
:10724C0006A9284601F0EEF9E8B1BB89DBB9D7E90C
:10725C0001329A4217D11AF4006FB2D11AF4884F46
:10726C0070D195F8333098076CD41AF4806FA8D18C
:10727C001AF4804FABD02846D5E90423FFF74AFE19
:10728C000028A4D19DE70646F6E6029B85F833302C
:10729C009DF819309B0702D5039B85F833300B9B67
:1072AC00EB61DDE90823C5E90423DDE90C23C5E91D
:1072BC000223002FCFD04FF000033A69BB813B680B
:1072CC007B609DF81B309A427FF4F5AEBE8ABDF808
:1072DC001C30F61AB6FA86F67609CDE6002F7FF446
:1072EC00F2AE6EE7CBF818600BE78523237085F8B8
:1072FC00309084F80190DAF80030002B46D00DF174
:10730C0013020DF1160105A89847BDF814306381DE
:10731C00BDF8163023819DF8133023753FE700BF6D
:10732C008988888840A20020C02384F801B023708B
:10733C00029B63F07F0385F833303B69E370BB8AB3
:10734C00A3802CE795F83130D9063FF53AAF13F00E
:10735C0001017FF436AF1AF4806F89D095F8332091
:10736C0092077FF52EAF002B3FF42BAFD5E90032FF
:10737C00134304D000220023A961C5E90023284649
:10738C0000F042FC00283FF41CAF20E745F62143F7
:10739C006381E381638202E72DE9F043002597B016
:1073AC00994690F8313001921495ADF81450002B99
:1073BC003ED191F831300F4613F0500F38D013787E
:1073CC00044616462F2B37D04FF0000801AB02AA0B
:1073DC0031462046FFF76AFC50B3019E3378002BF0
:1073EC003ED0002302AA39462046FFF709FEF8B129
:1073FC00A44608AD04F13007DCF800000CF1100CC9
:10740C005CF80C1CAE465CF8082C10355CF8043C9F
:10741C00BC45AEE80F00EFD1DCF8000008AF2860E7
:10742C00204600F0BFF984F8318084F83380CDE732
:10743C00002017B0BDE8F08316F8011F2F29FBD0F0
:10744C000196B1B9382220463D6A0CF07FFE01232B
:10745C0040222562184684F8333084F83120E8E75E
:10746C004B4602AA39462046FFF7CAFD17B0BDE8C5
:10747C00F0833822002108A83D6A0CF067FE012336
:10748C0008AF10958DF8533040238DF851309BE7A1
:10749C0019B101F58961FFF77FBF0846704700BF3E
:1074AC0090F8313063B991F8313013F0500F07D0A8
:1074BC000B6813F01F0C03D113466246FFF7A0BDF7
:1074CC00002070478169F8B50446006A01B10131AA
:1074DC00012201F069F90128054632D90123014640
:1074EC00206A1A4601F0C0F9064650B3A3695BB393
:1074FC0094F83320510612D5591CA94218D022F009
:10750C004002E16984F8332005E0206A01F0A8FA12
:10751C003946B0B1A3694F1C99423A46F5D34FF0A6
:10752C00FF322946206A01F09BFA50B1A16911B9CA
:10753C003046A561F8BD2A46206A01F091FA002870
:10754C00F6D100263046F8BD94F8333043F04003B2
:10755C0084F83330ECE700BF90F833309A0736D517
:10756C00C16970B50546A1B90024214607E003782E
:10757C0003F07F03037095F830308B4229D301342C
:10758C0001222846FFF732FBE1B20028EFD10020A0
:10759C0070BD5B06006A34D590F84534D5E90224F9
:1075AC000933013ADBB244F1FF34C3F1200CDA4069
:1075BC00203B04FA0CFC24FA03F342EA0C021A43B3
:1075CC000023013201F050F90028CDD1DFE7002073
:1075DC00704700232C6A85F83130204685F833300B
:1075EC0006F0CAF90028D2D004F5047006F0C4F9EC
:1075FC000028CCD0D4F840040368BDE870401B6A66
:10760C00184701F04DFA0028AED1C0E790F83130A0
:10761C00DB0601D40020704710B5002288B000238F
:10762C000446FFF777FC08E020281BD19DF90030B9
:10763C009DF80020002B15DB32B120226946204634
:10764C00FFF782FB0028EFD194F833300822204654
:10765C0043F0020384F8312084F83330FFF77CFFC9
:10766C0008B010BD002008B010BD00BF2DE9F041DE
:10767C004FF0000882B04A4F06464446414600226D
:10768C003046FFF7B3FA054630B10178C02969D00E
:10769C00C1292BD0852909D096F83230002043F02F
:1076AC00010386F8323002B0BDE8F08196F8313033
:1076BC0003F0370383803B6883B10DF103020DF1B6
:1076CC00060101A89847BDF80630AB812B82BDF8A6
:1076DC000430EB816B829DF803306B75326A92F843
:1076EC00103243F0010382F810322978A1F18500A1
:1076FC000022B0FA80F0400901E00422A95CE30307
:10770C00012A02F1010243EA540311FA83F39CB2F9
:10771C0001D10028F1D11F2AF0D908F1010896F8FF
:10772C0030305FFA88F18B42A9D2012206F1240194
:10773C00306A01F015F90028AED0356A448028462D
:10774C0006F01AF90028A7D005F5047006F014F914
:10775C000028A1D0D5F8400403681B6A984700287C
:10776C00A1D199E796F8333013F0400F437814BF4A
:10777C0043F0020303F0FD034370D6E90401D6E99C
:10778C000732C5E90201D6E902016B61C5E90601C0
:10779C0092F8103243F0010382F810322978A5E7F1
:1077AC0040A2002038B590F8313043B390F9332023
:1077BC00044690F83330002A0CDB056A284606F0A4
:1077CC00DBF878B994F83230002043F0010384F8E8
:1077DC00323038BD03F07F0380F83330BDE83840D9
:1077EC00FFF744BF05F5047006F0C6F80028E9D091
:1077FC00D5F8400403681B6A98470028E2D00120A2
:10780C0038BD00BF70B590F8313005465A064CD4DF
:10781C0080682B6AD3F83C341844B0F1806F01D3E4
:10782C00002070BD2846FFF74DFE0028F8D0286ACE
:10783C000024AE6990F84534023E9E40D0F82C34BA
:10784C001E443119052200F50470013406F0C0F80D
:10785C004FF4007200210028E2D00CF077FC286A6B
:10786C00012390F8452493409C42EAD395F831309B
:10787C005B0615D495F8332062F07F02D5E902310E
:10788C0085F83320D0F83C249B1841F10000AB6004
:10789C00D5E90431E8609B1841F10001C5E90431D8
:1078AC002846BDE87040FFF77DBF006A01F0FEF985
:1078BC00AFE700BF70B5044690F831009CB00023D0
:1078CC0010F0180F0C931A9303D0206A0B6A98428D
:1078DC0002D000201CB070BD40F601236846FFF7B3
:1078EC005BFD0028F5D0A44604F130060EADDCF8A3
:1078FC0000000CF1100C5CF80C1CAE465CF8082C6B
:10790C0010355CF8043CB445AEE80F00EFD1DCF860
:10791C00000009AA04F1240328609DF8305007CA1E
:10792C0083E8070094F83330204684F8305063F035
:10793C007F0384F83330FFF735FF0028C9D00021CE
:10794C00022208230EA815918DF86B208DF8693052
:10795C00FFF702FEBEE700BF38B591F8313013F0E7
:10796C00500F02D10025284638BD40F602230446AC
:10797C00FFF746FB0028F5D01023204684F8313061
:10798C00FFF740FF05460028ECD0A1690022002338
:10799C002046E161FFF7BEFAC12294F8313084F839
:1079AC003320002BDFD04123204684F83330BDE850
:1079BC003840FFF75BBE00BFF0B5002597B01F46FF
:1079CC0090F831300192ADF814501495002B46D13B
:1079DC0091F831300E4613F0500F40D01378044616
:1079EC0011462F2B3ED001AB02AA2046FFF75EF9C1
:1079FC00002834D0019B1B78002B41D0002302AA15
:107A0C0031462046FFF7FCFA30B947B302AA31469B
:107A1C002046FFF7A1FF10B3A44608AD04F13006D1
:107A2C00DCF800000CF1100C5CF80C1CAE465CF899
:107A3C00082C10355CF8043CB445AEE80F00EFD1CF
:107A4C00DCF8000008AE28602046FFF7EDF801993D
:107A5C0001AB02AA2046FFF729F90028CAD1002061
:107A6C0017B0F0BD013101910B782F2BFAD0316A90
:107A7C0008A8FFF707F90028F1D0019908AEB2E782
:107A8C0002AA31462046FFF767FF17B0F0BD00BFD2
:107A9C002DE9F04F0E4690F8311083B009079DF890
:107AAC0030B09DF834909DF838809DF83C7040F1D2
:107ABC008580A2F2BC7294B27F2C7FD85A1E0B2AFE
:107ACC007CD80BF1FF321E2A78D8B8F13B0F98BF47
:107ADC00B9F1170F8CBF4FF0010A4FF0000A3B2F82
:107AEC0088BF4AF0010ABAF1000F67D1054601932D
:107AFC00FFF758FE002861D0019B51464BEA431B0F
:107B0C007B0817F001074BEA4424D34643EA481894
:107B1C0018BF6427A4B248EAC92806F001091FFA65
:107B2C0088F800222846FFF761F8002846D090F824
:107B3C0000C0BCF1850F45D00CF14003DBB2012B2A
:107B4C003CD8ACF185010023B1FA81F1490902E07E
:107B5C00042310F803C04FEACB32012B03F10103CD
:107B6C0042EA5B021CFA82F21FFA82FB01D1002965
:107B7C00EED11F2BEDD90AF1010A95F830305FFADE
:107B8C008AF18B42CDD2012205F12401286A00F042
:107B9C00E7FE98B12C6AA0F802B0204605F0ECFE86
:107BAC0060B104F5047005F0E7FE38B1D4F8400478
:107BBC0003681B6A03B0BDE8F04F1847002003B000
:107BCC00BDE8F08F95F831302A6A03F037038380D3
:107BDC0092F8103243F0010382F81032B9F1000F21
:107BEC0002D0A0F810804482B20703D50775A0F824
:107BFC0008804481730703D54775A0F80C80C481B5
:107C0C0090F800C09DE700BF90F833309A0762D51A
:107C1C0070B5C56982B00446A5B313F0400634D0E4
:107C2C00006AA26890F845C4013AE1680CF1090CAD
:107C3C0041F1FF315FFA8CFCCCF1200E22FA0CF2F0
:107C4C00ACF1200C01FA0EFE21FA0CFCA16942EAFF
:107C5C000E0242EA0C02013219B3013D6D1A0131D8
:107C6C002A44019172BB63F07F03204694ED007BA4
:107C7C0084F8333084ED027B84ED047BFFF792FDB6
:107C8C0002B070BD012002B070BD816961B901956F
:107C9C00C1612946206A00F003FFC8B194F8333063
:107CAC00E1E70195E161DDE701AA006A019600F0C8
:107CBC00B5FE00280CDB10D1019D002DE9D194F804
:107CCC003330D0E70023019900F0CEFD0028E5D138
:107CDC00002002B070BD002070474FF0FF32A16948
:107CEC00206A00F0BDFE0028E6D1F1E72DE9F04353
:107CFC0090F8333083B004469D0740F1A180914643
:107D0C001A070E4600F19580B9F1000F00F028819A
:107D1C0023684D46206AA169D0F8382402EA03088A
:107D2C00C8F30807B8F1000F40F09480002900F068
:107D3C00D48094F833305B0640F1EC8090F845C465
:107D4C00D4E902320CF1090C013B5FFA8CFC42F1D4
:107D5C00FF32CCF1200E23FA0CF3ACF1200C02FA1A
:107D6C000EFE22FA0CFCE26943EA0E0343EA0C0312
:107D7C001344994280F0D5800131A16190F84524DB
:107D8C000239D0F82C3491401944B5F5007FC0F07D
:107D9C008A80B5F5806FC0F0A680012393406A0AF3
:107DAC00A3EB0803934228BF1346D0F81C228A4247
:107DBC004FEA432809D35F18BA4206D2002280F852
:107DCC0010224FF0FF32C0F81C22D0F814023246B9
:107DDC000768BF6AB84798B343464644A5EB080505
:107DEC00D4E90072D4E90401DB1942F10002984293
:107DFC009141C4E9003207D294F8331061F07F014D
:107E0C00C4E9043284F83310002D83D1D4E9020183
:107E1C0098429141C0F09680534B1B68002B00F0A8
:107E2C009D8094F83330484663F07F0384F83330F8
:107E3C000DE0D0E90423FFF76DF800287FF464AF60
:107E4C0094F83230002043F0010384F8323003B050
:107E5C00BDE8F08390F8452402394FEA5828D0F851
:107E6C002C34914041441944002F8ED0C7F5007832
:107E7C00012200F50470A84528BFA84605F0A8FD0E
:107E8C000028DDD0384447444246314607F08CFD8B
:107E9C00B7F5007F206A9FD100F5047005F06CFDEA
:107EAC00002899D1CCE7626863690092019322693A
:107EBC0023689342DDE900239A4112D2012200F596
:107ECC00047005F085FD0028BAD02A4631463844A6
:107EDC00A84607F069FD2B467FE7E16949B3A1612C
:107EEC004CE70522EBE7D0F81C328B4206D100237D
:107EFC0080F810324FF0FF33C0F81C32D0F8140267
:107F0C00324603685B6A9847002899D04FF4007397
:107F1C00984662E704F1180200F080FD00288FDB20
:107F2C0004D12046FFF7CEFA002889D0A169206A37
:107F3C0024E72046FFF7C6FA002881D0A169206A01
:107F4C00E1611BE794F833104846C4E9023261F052
:107F5C007F0384F8333003B0BDE8F083484676E7FE
:107F6C00D4E9003252E700BF40A2002069B170B5DD
:107F7C00054608460C460CF093FC2B68024621463D
:107F8C0028465B68BDE87040184770478368C3F3A8
:107F9C00080383B1002110B40269D1540133B3F545
:107FAC00007FF9D10168D0E903321C681846636A76
:107FBC005DF8044B18470120704700BF82680346E8
:107FCC00006940F2FF1CC2F30802815462455868F4
:107FDC0001EB7001986800F10100C3E9011001D0B8
:107FEC0001207047D868196810B404684A1C646A88
:107FFC001A601A6923465DF8044B184738B5836834
:10800C00CAB20D460169C3F3080340F2FF1C0446D3
:10801C00CA546345416802EB71024260826802F106
:10802C000102826005D0290A2046BDE83840FFF7DE
:10803C00C5BF0168C0684A1C03685B6A226022697C
:10804C0098470028EFD138BDF8B5002306460160EB
:10805C001D46C0E90133A8B205F00CFEA842044647
:10806C0007D0C1B23046FFF7A9FF00283BD1002052
:10807C00F8BD6C1CB4F5803F04D12AE00134B4F592
:10808C00803F04D0A0B205F0F5FDA042F6D0671BEE
:10809C00B7F5007F1DD34FF6FF713046FFF7AEFFEB
:1080AC000028E4D0B9B23046FFF7A8FF0028DED094
:1080BC002546B5F5803FCED13046BDE8F840FFF7F8
:1080CC0065BFC5F3072130460135FFF777FF002860
:1080DC00CDD0A542E9B23046EBD2FFF76FFF0028B6
:1080EC00EFD10020F8BDC4F307213046FFF766FF3F
:1080FC000028BCD00135DCE72DE9F04F1F4689B0D4
:10810C000B680D4604901446C16002610846DB6999
:10811C009847B0F5801F0090C0F0D8800023012252
:10812C00009E01335200DBB201D09642F9D81C2BD1
:10813C00009640F2B780A3F10B08012248FA02F135
:10814C00C8F347088A4002910792013301225B1061
:10815C009A40069204229A400392022202FA03F3F6
:10816C000193009A0021039B2046029E4FF0010AC6
:10817C00D31A4FF400724AF6552BF34003FA06F962
:10818C000593019E0BF0E2FFFF2384F8BFA184F856
:10819C00C0A1B14484F8C431224684F8C531072308
:1081AC000021284684F8C231FE23C4F8C66184F845
:1081BC00C3312B68C4F8CA915B6AA4F8FEB1984726
:1081CC00002863D04FF40072002120460BF0BEFF54
:1081DC00009B84F86D804FF000086366F421059BCA
:1081EC0004F17800069AE3652023266423726372F7
:1081FC00A372EB23A665464623707623C4F84890F9
:10820C006370902384F86EA0A3704523E370582309
:10821C002371462363714123A3715423E371042317
:10822C0023664FF48073A4F86830092384F86C300B
:10823C008023C4E9142284F86F304FF4C3720BF01E
:10824C0085FFA4F8FEB1A8F16A03012B06D9B8F199
:10825C00700F03D014F8083003EB760608F1010810
:10826C00B8F5007FEFD12B682246DDF80490284644
:10827C005B6A4946984748B12B68494622462846CE
:10828C005B6A0C31CDF80490984740BB2FB13B682A
:10829C000F22B84938465B6898470026304609B02B
:1082AC00BDE8F08F1A2B4FF0080800F2A6814FF4AE
:1082BC008043CDF8088001934FF4004303934FF4AF
:1082CC00807307934FF4005306934AE7002FE4D0D2
:1082DC003B681522A84938465B689847D7E7424661
:1082EC000021204609F1010A0BF030FF4AF6552314
:1082FC0009F1090204F2FF19A4F8FE310023934698
:10830C00A04601E018F8013FC14503EB7606F9D110
:10831C002B682246514628465B6A98470028B5D000
:10832C002B6822460AF10C0128465B6A9847002804
:10833C00ACD00AF101039B4502D09A462378DFE7C3
:10834C004FF40072002120469B460BF0FFFE0022EA
:10835C000AF1030A1146234601E013F8011F984560
:10836C0001EB7606F9D12B682246594628465B6A02
:10837C00984700288AD02B6822460BF10C0128461E
:10838C005B6A9847002881D00BF101018A456AD1BC
:10839C00231F04F5FE7243F8046F9A42FBD12B683D
:1083AC00224628465B6A984700283FF46FAF2B683B
:1083BC000BF10D01224628465B6A984700283FF4D2
:1083CC0065AF2FB13B680C226C4938465B68984707
:1083DC00069A0021019B2046002613444FF400729C
:1083EC009946059B4FEA83080BF0B0FE23464FF0ED
:1083FC00FF3208F20728F821B7F1000B4FEA582A90
:10840C0003F8011B4FEA9838C4F8012018BF4FF04D
:10841C00010BDA605A609A60C3F80F2002E0013653
:10842C00B24523D0B6FBF8F308FB136343B9BBF199
:10843C00000F05D03B680122514938465B689847CC
:10844C002B6809EB0601224628465B6A98470028F0
:10845C003FF41CAF002EE2D131464FF4007220469F
:10846C000BF074FEDBE78B46217874E7002F34D0D9
:10847C003B680222434938465B689847059E079A39
:10848C000736F60806F2FF13B2EB532F4FEA5329C7
:10849C00FFF4FDAE4FF40072002120460BF056FEA7
:1084AC0007232370B9F1000F00F08A804FF0000809
:1084BC0008E0B8F1000F01D184F8008008F1010840
:1084CC00C1457BD9039A28462B6802EB080122464A
:1084DC005B6A98470028ECD1D8E6059E079A0736C8
:1084EC00F60806F2FF13B2EB532F4FEA5329FFF4B1
:1084FC00D4AE4FF40072394620460BF027FE07230A
:10850C002370B9F1000FD1D1039B079A04989918E5
:10851C00FFF79AFD00283FF4C0AE029A4FF40073A7
:10852C009340049A92689A423FF6B7AE4FF0020815
:10853C00029B4FF40072002108FA03F9039B2046BA
:10854C0099440BF003FE81220323049909F1FF39AE
:10855C0084F820208222237084F84020C4E90D8600
:10856C004A684FF00108636562648B68A365002359
:10857C00E3650EE0C00800206008002078080020A9
:10858C00748000209C080020079B98453BD208F182
:10859C0001082B6809EB0801224628465B6A9847BC
:1085AC00064600283FF472AEB8F1010FECD14FF43F
:1085BC000072002120460BF0C9FDE8E7002FA3D084
:1085CC003B681622144938465B689847039B079A08
:1085DC0004989918FFF738FD00283FF458AE029A1A
:1085EC004FF400739340049A92689A423FF64FAE50
:1085FC000A493846FFF7BAFC98E74FF48072CDF879
:10860C0008800792A1E5002F3FF448AE0449384694
:10861C00FFF7ACFC42E600BF88080020A008002051
:10862C00B00800202DE9F0410C46154601F11E085A
:10863C00AB89284634F8027F1BB9D5E901239A424D
:10864C000ED005F003FA05F015FB0646384605F08A
:10865C0011FB864209D14445EAD10120BDE8F081E5
:10866C00B7FA87F04009BDE8F0810020BDE8F08141
:10867C002DE9F04F90F8313083B08846002B4FD065
:10868C0090F830300746012B53D9013A0B464FF086
:10869C00020A00248E18DFF8A0B00022514638469A
:1086AC000193FEF7A3FA00283AD00278C12A37D1F9
:1086BC00054600F11E09019B35F8020F24B300F5A5
:1086CC00105292B2B2F5806F2AD20BEA8424C0F316
:1086DC000900204300F580301946324605F02CFA8B
:1086EC000346E8B100244D45E6D10AF1010A97F89A
:1086FC0030205FFA8AFA5245CFD2A3EB0800984695
:10870C00002388F800300FE000F5205292B2B2F549
:10871C00006F02D30028DFD1EFE7B2F5806F06D3EC
:10872C000023184688F8003003B0BDE8F08F0446EB
:10873C00D9E70020E4E700BF00FC0F0070B50C4641
:10874C0000234FF6FF75226819461E46A38123614C
:10875C00626017E005F07AF9A84222D005F08AFA97
:10876C002369F203A189013342EA5602060A236106
:10877C0052FA80F083B2C0F34E0040EAC33016FACE
:10878C0080F086B220460029E4D1D4E901239A4234
:10879C00E0D12069A6820138FE288CBF0020012080
:1087AC0070BD002070BD00BF2DE9F84F07468A460A
:1087BC009146002942D0A1F10208D7F83034434544
:1087CC0042D908F007030125C8F3C80B9D40EDB250
:1087DC0046464446D7F82C140022384601EB143197
:1087EC0005F0F6F8E8B10BF1FF3B834400F2FF1003
:1087FC001BF8011F0AE04A452BD0A04510D0D7F832
:10880C003054A54214D913F0FF050CD00134294281
:10881C004FEA4503A4EB0602EDD0A0452646EED167
:10882C000120BDE8F88F58454FF00105E0D101E07B
:10883C000026344601254FF0000BCBE7D0F82084FE
:10884C00D7F830344345BCD84FF000080125C34657
:10885C00BEE7BAF1000F04D1B9F1010F08BFC7F898
:10886C002064B01CBDE8F88F2DE9F8438046881EC3
:10887C0015461E468318D8F83024934237D8CEBB01
:10888C00D8F82034834288BFC8F8200400F00703CE
:10889C000124D8F82C74C0F3C8099C4007EB1031A4
:1088AC00E4B2012240468F1805F092F8F8B109F1B4
:1088BC00FF3E864400F2FF101EF801CF1CEA040FA5
:1088CC008CEA040C4FEA440414BF01220022B24289
:1088DC000DD0013D8EF800C018D014F0FF04EDD17E
:1088EC007045A1464FF00104E6D13946D9E7002086
:1088FC00BDE8F883D8F820148B42C7D98142C5D380
:10890C00934228BF0023C8F82034BFE70120BDE8FC
:10891C00F88300BFF8B5D0F8303401338B4201D264
:10892C000020F8BD07460C4600F50476002505E04E
:10893C00D7F8303401350133A342F1D3D7F82414DE
:10894C000022304601EBD41105F042F8A4000028B7
:10895C00E6D0C4F308040459631CE9D1681CF8BDC3
:10896C0038B50C460B6890F845C400F50470D0F887
:10897C002812023B656803FA0CF3294003EB5123E0
:10898C00D0F81C12194405F023F818B16368C3F32E
:10899C000803184438BD00BF2DE9F8430C46D0F845
:1089AC00383449680B4011446160134490F8451405
:1089BC0001F10902D2B2D3402BB380465D1E00F503
:1089CC00047905E02368013D03F1010323601AD308
:1089DC00267A002EF6D1D8F830343246276848462D
:1089EC0001339F4212D8D8F8241401EBD71104F0AC
:1089FC00EFFFBF0050B1C7F30807C3595A1C09D089
:108A0C00013D2360E4D20120BDE8F8834FF0FF3034
:108A1C00BDE8F8833046BDE8F88300BF38B5D0F820
:108A2C00303401338B4202D24FF0FF3038BD0C464C
:108A3C00D0F82414154600F50470002201EBD41173
:108A4C0004F0C6FF0028EFD0A400C4F308040359B7
:108A5C005A1C02D001202B6038BD002038BD00BF4D
:108A6C0001291BD938B5D0F830340C4601338B4270
:108A7C0001D2002038BDD0F82414154600F504703E
:108A8C00012201EBD41104F0A3FF03460028F0D01F
:108A9C00A4000120C4F308041D5138BD0020704708
:108AAC00D0F830340133994201D9002070472DE9B8
:108ABC00F04F054683B00C4600F504790F464FF095
:108ACC000008D5F82414002248464FEAD41B01EBC9
:108ADC00D41104F07DFF90B1A300C3F30803C25876
:108AEC000193531C16BF16464FF0000A4FF0010AB3
:108AFC00012C04D9D5F830240132944203D900203A
:108B0C0003B0BDE8F08FD5F824140122484659442F
:108B1C0004F05EFF0028F2D0019B40F80380BAF10C
:108B2C00000F12D00134B44208D00023E21B3946A6
:108B3C002846FFF799FE0028E1D03746D5F83034A7
:108B4C000133B342DBD33446BBE7621C5346394690
:108B5C002846D21B03B0BDE8F04FFFF785BE00BF1F
:108B6C002DE9F84300250646D0F82C1400F50478BE
:108B7C002C46002240464F1C04F02AFFA8B100F1FD
:108B8C00FF3E04F58059D6F8300405E079B9083475
:108B9C00844209D24C4516D01EF8011FFF29F5D18D
:108BAC00083408358442F5D3401BBDE8F88308220D
:108BBC00012319424FEA430C18BF0135013A5FFA01
:108BCC008CF3F6D1E3E73946D3E700BFF8B50023C1
:108BDC004FF0FF3600F504771546C0F840140446F4
:108BEC0041601A46C0F81412194680F844340370D8
:108BFC00C66080F81032C0F81C62384604F0E8FEFB
:108C0C00042D0DD8064658B1BDB16B1E00EB0313F5
:108C1C0093F8BE2112F07F0202D193F8C2310BB946
:108C2C000020F8BD00EB05163846D6F8B65129469B
:108C3C0004F0CEFE06460028F2D005221A49F01C9C
:108C4C000BF03CFB0028EBD196F86C30092BE7D1EC
:108C5C00336D01462B44C4F82434736DC4F82834A6
:108C6C00B36D2B440125C4F82C34F36DC4F83034A7
:108C7C00336EC4F8343496F86D20C4F820042046C2
:108C8C0002F1090384F8452405FA03F35A1EC4F8CB
:108C9C003C34C4F838242A46FFF786FD4023284686
:108CAC0084F84434F8BD00BFD008002010B5044649
:108CBC00D0F83414FFF72EFE94F845340933DBB2A8
:108CCC00984010BD70B590F9023082B00446002B6C
:108CDC000DDBA56805F1280004F04EFE00283BD101
:108CEC006378002043F00103637002B070BD8068AC
:108CFC000122A169283004F06BFE0028F0D0A58871
:108D0C0005F00F056B0100EB4515C35CE52BE7D0B7
:108D1C0023781B0701D5E369EB61236A15491A0C0B
:108D2C006B830E68AA8266B10DF103020DF1060188
:108D3C0001A8B047BDF80430BDF806202B836B8228
:108D4C00EA82A378A56803F07F0305F12800A370DD
:108D5C0004F012FE0028C3D005F50E7004F00CFED2
:108D6C000028BDD0286803681B6A98470028B7D034
:108D7C00BBE700BF40A20020024638B552F8105F96
:108D8C0004468068294602F021F950B155B1236997
:108D9C000135AB42A37818BF03F0BF0363F07F0328
:108DAC00A37038BDA37843F04003F7E7F8B5047817
:108DBC0014F0200404D11A4B054642699A4202D39E
:108DCC0000273846F8BDFFF7D7FF07460028F7D035
:108DDC00A8682E698279023E416996400E44017959
:108DEC00A9B1214606E00BF0B1F9A868E1B202790D
:108DFC008A420BD9314405222830013404F0E8FDB5
:108E0C004FF4007200210028EDD1D9E782794FF49C
:108E1C00007369693846934011FA83F36B61F8BDAE
:108E2C0000FE1F0010B5044680680A462830A16970
:108E3C0004F0CEFD20B1A38803F00F0300EB431028
:108E4C0010BD00BF10B5037804462BB1FFF73AFFF5
:108E5C0000232370A37010BD002301202370A37086
:108E6C0010BD00BF38B5037805460C4613B1FFF7AB
:108E7C0029FFF0B1A8680022A969283004F0A8FDE8
:108E8C00B8B1AA8802F00F0200EB421352015D68E0
:108E9C0080589968DA6820606560A160E2601869A2
:108EAC005D699969DA69206101206561A161E261FE
:108EBC0038BD002038BD00BF30B589B00D46144612
:108ECC006946FFF7CFFF28B1BDF81020BDF80E3072
:108EDC002A80238009B030BD30B589B00D461446C8
:108EEC006946FFF7BFFF28B1BDF81820BDF8163052
:108EFC002A80238009B030BD0B7813F0700F01D19C
:108F0C0000207047F0B540F6022389B00D460446A8
:108F1C0001F0F0F838B1012210232046A270237022
:108F2C00FFF744FF10B9002009B0F0BD2269237887
:108F3C0022626BB1636933B1A378002223F0200362
:108F4C00C4E90422A3702046FFF7BCFE0028EAD037
:108F5C00A0680122A169283004F03AFD0028E2D073
:108F6C00B4F804C010220CF00F0C4FEA4C1300EBB9
:108F7C004C1C8CF80B20C058A768236A97F806E0A5
:108F8C009E1EDCF80410DCF80820DCF80C3006FA25
:108F9C000EF6EE46AEE80F00DCF81000DCF814100C
:108FAC00DCF81820DCF81C30AEE80F007B6907F108
:108FBC0028000122F1184FF02033CDF80130CDF804
:108FCC000530ADF8093004F003FD84460028AAD022
:108FDC002E27EE468DF800707646BEE80F00CCF8D2
:108FEC000000CCF80410CCF80820CCF80C308DF82C
:108FFC000170BEE80F00CCF81000CCF81410CCF8BF
:10900C001820CCF81C302B6A1A0CADF81A30ADF8BD
:10901C0014200FCECCF82000CCF82410CCF828204B
:10902C00CCF82C300FCECCF83000CCF83410CCF877
:10903C003820CCF83C30A46804F1280004F09CFCE7
:10904C0000283FF470AF04F50E7004F095FC002876
:10905C003FF469AF206803681B6A09B0BDE8F040B3
:10906C00184700BF2DE9F041002694B098460378CC
:10907C000192ADF814600B96002B41D10B780D4684
:10908C0013F0700F3CD01378044616462F2B3BD0B0
:10909C00002728E0019E3678002E50D001F02AF8E7
:1090AC00034602AA294620462BB9B8F1000F27D057
:1090BC00FFF722FF20B3A6460DF12C0CBEE80F00E3
:1090CC00ACE80F00BEE80F00ACE80F00DEF8005073
:1090DC0020462378CCF800500BB1FFF7F3FD019E2E
:1090EC000BAD2770A770314601AB02AA204601F0E8
:1090FC004DF9064602AA294600232046002EC9D166
:10910C00002014B0BDE8F0810136019633782F2B86
:10911C00FAD0AD68242200210BA80BF017F80D959E
:10912C00EB79102B03D0202B0FD00C2BE8D1202364
:10913C008DF82C3001230BAD8DF82E30A8E702AA48
:10914C00FFF7DAFE14B0BDE8F0814023F0E700BF72
:10915C002DE9F041002594B09846037801920295D0
:10916C00ADF83850002B37D10B780E4613F0700F3A
:10917C0032D01378044615462F2B31D000271EE031
:10918C00019D2D78002D40D000F0B4FFA6460DF1C6
:10919C00080C08B366462578BEE80F00ACE80F0053
:1091AC00BEE80F00ACE80F00DEF800302046CCF82B
:1091BC0000300DB1FFF786FD019D2770A770294681
:1091CC0001AB0BAA204601F0E1F805460BAA31468B
:1091DC0000232046002DD3D1002014B0BDE8F0812F
:1091EC000135019529782F29FAD0A9B9B56824221F
:1091FC0020460AF0ABFFA560EB79102B03D0202B97
:10920C0022D00C2BE8D120221FE043460BAA00F001
:10921C0071FF14B0BDE8F081B6682422002102A8C9
:10922C000AF094FF0496F379102B03D0202B03D073
:10923C000C2BD1D1202300E040238DF808300123E2
:10924C0002AE8DF80A3099E74022012322701846AD
:10925C00A370C2E719B101F58961FFF779BF084620
:10926C00704700BFCB6870B50D46044693B90678BD
:10927C000EB1184670BD8D68242231460AF066FF87
:10928C00A560EB79102B18D0202B10D00C2B14D000
:10929C00304670BD242200210AF058FF0120102313
:1092AC00A0702370D5E90223A260236270BD402216
:1092BC00012322701846A37070BD2022F8E700BF6E
:1092CC0070B505780DB1002070BD0E460446242201
:1092DC0029460AF03BFFA660F379102B0BD0202B0C
:1092EC0003D00C2B07D0284670BD402201232270DE
:1092FC001846A37070BD2022F8E700BF2DE9F04F8F
:10930C002DED028B837883B00546DF0740F18C800E
:10931C008846017892460E0700F191808C0608D59C
:10932C0083685A894369C3EB42139BB29A4528BFA1
:10933C009A46BAF1000F00F0AF806A6905F110038C
:10934C00880656464FF0000908EE103AAF68C2F393
:10935C00080B3DD5396A01EB5221BBF1000F51D1FD
:10936C00B6F5007F4ED37A6B91424BD0B6F5806F39
:10937C00C0F082802878730A800605D43879A0EB77
:10938C000900834228BF034691424FEA43240CD87C
:10939C00C818824209D207F12800CDE9001304F065
:1093AC00EBFADDE9001300283ED0F86A0268576931
:1093BC004246B847002837D06A69361BA04422447D
:1093CC006A6169D02978C2F3080BAF688806C1D4EA
:1093DC0097F8059009EA5229BBF1000F36D1B9F183
:1093EC00000F33D1002A33D14A064CBF3A6A2A6A9D
:1093FC002A61023AB8797969824049441144BBF137
:10940C00000FADD0CBF50074002207F12800B44258
:10941C0028BF344604F0DCFA30B100EB0B012246D5
:10942C00404606F0C1FAC7E76B784FF0FF3043F0C7
:10943C0002036B7003B0BDEC028BBDE8F08FC36907
:10944C0042699B1A9A4528BF9A4672E72A69D0E767
:10945C000B0705D5AA78540602D52A690132C7E74D
:10946C0018EE102A3846296901F0FEFD0028DBDBD6
:10947C000CD0AF682A69BCE7F86A424603681B69DE
:10948C0098470028D0D04FF4007495E72B7813F050
:10949C00700FC9D0AAEB060A504603B0BDEC028B84
:1094AC00BDE8F08F70B582B0012204460DF10701C2
:1094BC00D0E90456FFF722FF01280CBF9DF80700E6
:1094CC004FF0FF30C4E9045602B070BD436913F489
:1094DC00F07F30B5044683B0C3F3431509D001299E
:1094EC0007D120334361A068383000EB451003B03E
:1094FC0030BD01220DF107012046FFF7FFFE40B2FF
:10950C00012803D163691F336361ECE70020EEE7A8
:10951C002DE9F04103789AB0002613F0180F089645
:10952C00119606D0174683688A6804460D469A42FF
:10953C0003D000201AB0BDE8F081FFF7C3FBA646AC
:10954C000DF1440CBEE80F00ACE80F00BEE80F00B4
:10955C00ACE80F00DEF800303246A169CCF80030E0
:10956C00A36803F1280004F033FA0028E1D0A288A4
:10957C00EC4694F8008002F00F0200EB421E520100
:10958C00DEF804108058DEF80C30DEF80820ACE869
:10959C000F00DEF81410DEF81820DEF81C30DEF8B0
:1095AC001000ACE80F0018F008033A46294640F0CA
:1095BC009B8008A8FFF756FD0028BAD0109EBDF876
:1095CC00243000250E990122A3809DF82330A06839
:1095DC00E3700B9B2830A161E3608DF820508DF86F
:1095EC00225004F0F5F90028A3D0A38803F00F0350
:1095FC0000EB4310DDF80D30C0F80D30DDF8113004
:10960C00C0F81130DDF81530C0F81530DDF8193020
:10961C00C0F81930BDF81D30A0F81D309DF81F3072
:10962C00C3779DF80B30C372002E3BD0A068B31EDD
:10963C002A46817928308B4050F8141C194404F0C8
:10964C00C7F9054600283FF474AF006A6F46696A93
:10965C00AA6AEB6A0FC7286B696BAA6BEB6B0FC717
:10966C003146A06801F022FD00283FF462AFA068EB
:10967C00236A82792830023B50F8141C9340012253
:10968C00194404F0A5F9064600283FF452AF6D4684
:10969C000FCD30627162B262F3620FCD30637163D1
:1096AC00B263F36300210222082311A819918DF8EB
:1096BC0046208DF8443000F0D3FE00283FF439AF3B
:1096CC00A46804F1280004F057F900283FF431AFE6
:1096DC0004F50E7004F050F900283FF42AAF20680E
:1096EC0003681B6A984725E740F601236046FFF79D
:1096FC002FFD00287FF463AF1BE700BF0378DA0669
:10970C0001D400207047436930B5044683B033B1AF
:10971C008378002223F02003C0E904228370002305
:10972C000FE06361A3686A0138339A5C03EB45135D
:10973C00EAB1E52A04D02E2A02D0DB7A1B0722D507
:10974C00636913F4F07FC3F3431503F12003E8D1ED
:10975C0001220DF107012046FFF7D0FD40B2012890
:10976C0003D163691F336361DCE763785BB9A3786A
:10977C000822204643F002032270A37003B0BDE818
:10978C00304000F06DBE002003B030BD2DE9F0413B
:10979C00037804460769002B39D00D464169A9426C
:1097AC0042D0002D37D018072AD5E269AA422ED311
:1097BC00D4F808C06E1EA2789CF8060012F0400F78
:1097CC0000F10900C0B226FA00F630D14A1EC240A0
:1097DC0009B196422FD25B064CBFDCF82030236ACD
:1097EC00236104F1100806E02169013EA06801F034
:1097FC003BFC00280BDD4246002EF5D1A2780CE094
:10980C009A06D5D5A3685B89B5EB431FF6D9002022
:10981C002761BDE8F0818278056122F020020120E9
:10982C006561A270BDE8F0810120BDE8F081236A7A
:10983C0033442361F1E7B61AD3E700BF2DE9F041B9
:10984C000E46154600212422044698469DF81870B1
:10985C000AF07CFCB068336A00F13802A58005F090
:10986C000F0502EB4512C4E90203D17A0B0711D4A0
:10987C0001F017012170D37A13F0180F02D141F0C7
:10988C000801217008F00303E770012B38D0022B7C
:10989C0006D0F3B1002318462370A370BDE8F08105
:1098AC0003232178CD06F5D4CE07F3D408F00801B4
:1098BC0018F4806F43EA0103A370416B958AA16190
:1098CC00518B41EA054112D019BB63F07F03A370A1
:1098DC0010E018F4806FDDD108F0080343F00103A9
:1098EC00A370416B938AA161518B41EA03412162C0
:1098FC00D369E36118F4804F04D10120BDE8F081F5
:10990C000223CEE7E1692046FFF740FF0028F4D19F
:10991C00C0E701F0CBFB0028BCD0A378D5E700BF93
:10992C000378002B45D12DE9F0470B7884B00C4619
:10993C0013F0700F30D04B6913F01F052CD1064675
:10994C009046A94601220DF10F012046C3F3431A9C
:10995C005F09FFF7D3FC40B24FEA4A1201281BD132
:10996C006369A1681F3301F1380C63611CF8022094
:10997C000CEB4A1C82B12E2A12D0A2F1E500B0FAEF
:10998C0080F0400960B99CF80B1011F0080E12D051
:10999C000F2907D00546D5E7002004B0BDE8F087B5
:1099AC000025CFE75106CDD502F01F059CF80D9090
:1099BC00C8E70020704785B10CF10A0101E01CF8E2
:1099CC00012F4FEACE13614543EA5E0352FA83F34B
:1099DC005FFA83FEF3D1CE45DED14346BAB22146BF
:1099EC0030460095FFF72AFFD7E700BF03780BB18D
:1099FC00FFF768B9012070472DE9F0470E46017852
:109A0C0082B009079DF828709DF82C909DF830A025
:109A1C009DF8348018D5A2F2BC7294B27F2C13D866
:109A2C005A1E01930B2A0FD87A1E1E2A0CD8BAF193
:109A3C003B0F98BFB9F1170F06D8B8F13B0F03D8FD
:109A4C000546FFF73FF918B9002002B0BDE8F087D2
:109A5C00A8680122A969283003F0BAFF0028F3D0C6
:109A6C00019B4FEA5802A98847EA4313F70701F014
:109A7C000F0142EA4A1243EA442300EB41109BB225
:109A8C0042EAC92248BF4382B40792B208D518F003
:109A9C0001080382C28118BF4FF0640880F80D8062
:109AAC00710701D50383C282AC6804F1280003F06E
:109ABC0063FF0028C8D004F50E7003F05DFF00288A
:109ACC00C2D0206803681B6A02B0BDE8F047184793
:109ADC0083789B0727D5036A10B5044682B0ABB1D7
:109AEC00016911BB019301621946A06801F0DEFA0D
:109AFC00B0B1A378616963F07F032278E161A37050
:109B0C0022B12046FFF7DEF802B010BD012002B0F2
:109B1C0010BD6FF070422169A06801F0B7FA68B906
:109B2C00002002B010BD00207047002301AA8068FD
:109B3C00019301F099FA0028F2DBEAD1019B002B8A
:109B4C00D7D0D1E72DE9F047837805469C0777D528
:109B5C0088461907914600F1B5806B6913EB090231
:109B6C006ED2B9F1000F40D04F464FF0000AA868F2
:109B7C00C3F308062969447914EA53243FD1002E13
:109B8C003DD100296ED0AA78520676D5EA699A4260
:109B9C0073D90131296102398279436991401944A1
:109BAC00B7F5007F53D3B7F5806F70D303797A0A7A
:109BBC001B1B934228BF1346426B8A424FEA432435
:109BCC0007D35E18B24204D24FF0FF3280F828A0BF
:109BDC004263C06A42460668B66AB04780B36B6996
:109BEC003F1BA04423446B61C1D1EA699A4276D2EF
:109BFC00AA784846EB6162F07F03AB7025E082796E
:109C0C0002394369914019442144002EC8D0C6F54D
:109C1C0000740122BC4228BF3C46283003F0D8FE19
:109C2C0070B1304426442246414605F0BDFEB6F5DF
:109C3C00007FA868D3D1283003F09EFE0028CED137
:109C4C006B78002043F001036B70BDE8F087C6F51C
:109C5C0000746A69EB69BC4228BF3C469A4205D342
:109C6C000522DAE7296A21B3296194E7AB7813F06E
:109C7C00200F14BF05220122CFE705F1100201F0DD
:109C8C00F3F90028DCDB24D0A868296983E7436B4F
:109C9C008B4204D14FF0FF3380F828A04363C06A95
:109CAC00424603685B6A98470028C9D04FF4007499
:109CBC0095E72846FFF760F80028C1D02969A86805
:109CCC00296268E7C169FFF761FD00287FF445AFA1
:109CDC00B6E72846FFF750F80028D5D1B0E7054B7A
:109CEC001B682BB1AB78484663F07F03AB70ACE7D5
:109CFC004846AAE740A200202DE9F04F84468DB0DB
:109D0C001446156898460646894603AF01934FF0F2
:109D1C00000EBCE80F000FC7BCE80F000FC7DCF843
:109D2C00003065603B604346A4F80CE0002B3FD04C
:109D3C004FF0010AA9EB0A0103A889B24901FFF708
:109D4C0025FD50B3002103A8FFF7C0FB074620B345
:109D5C0000250DE003F07AFE8046584603F08AFF9A
:109D6C008346404603F086FF834516D10D2D18D04F
:109D7C00EAB239463046013500F0E4FEA389834649
:109D8C002046002BE6D1D4E901329342E2D1BBFA52
:109D9C008BF040090DB0BDE8F08F00200DB0BDE890
:109DAC00F08F0AF1010A019B5FFA8AFA5345C1D27E
:109DBC000120EFE72DE9F04F07468DB016469A4685
:109DCC000DF10C0C02F1150402F1200501914FF07C
:109DDC0000090FCFACE80F000FCFACE80F003B68C9
:109DEC00CCF800304FEAC91314F8012F43EA590399
:109DFC00A54252FA83F35FFA83F9F3D133684FF03B
:109E0C0000087360A6F80C80BAF1000F4ED0012741
:109E1C00019B03A8D91B89B24901FFF7B7FC0028A5
:109E2C0055D0002103A8FFF751FB00284FD0059A0D
:109E3C00574500F1010B4FF0010492F828304FF018
:109E4C00000543F0010382F828304FF00F030CBFDC
:109E5C0047F040023A46C3724FF00003027003739E
:109E6C004FF0000380F80D90438306E0ABF8000040
:109E7C00013401350BF1020BE4B2B08918B9D6E903
:109E8C0001239A4216D0304603F0E0FD042DEBB2CC
:109E9C00ECD90A2B02D8ABF80300E9E70D2CABF890
:109EAC000500E5D10137FFB2BA45B1D201200DB0A2
:109EBC00BDE8F08FB8F1000F06D008F101084FF69D
:109ECC00FF705FFA88F8E1E74FF00108DEE7002049
:109EDC000DB0BDE8F08F00BF02464FF0203152F8B4
:109EEC00163B2DE9F043C0F8161086468468516085
:109EFC00C2F807101A782E2A14BF0120002003D1B3
:109F0C0013F8012F2E2AFBD0611E99420BD90A4659
:109F1C0002E09342114606D01146013A91F800C076
:109F2C00BCF12E0FF5D19C424FF0000540F286801B
:109F3C0007260827A946A84606E001330A264FF053
:109F4C00080910279C425BD91A782E2A08BF99421F
:109F5C00F3D0222A0DD07C2A0BD0A2F15B0CBCF1E1
:109F6C00020F06D9A2F12A0CBCF1050F21D82D2A1B
:109F7C001FD002F0C002802A5DD04E452FD29942EC
:109F8C002CBF002001200A2E08BF40F00100002841
:109F9C0047D09EF81630202B40D09EF8143001206C
:109FAC007E21312273448EF815009975DA75BDE85F
:109FBC00F083A2F13A0CBCF1050FDAD9A2F1210C15
:109FCC00BCF15D0FD5D84E45D9D3A2F1610CBCF1D3
:109FDC00190F28D8203A3D43D2B2EDB201E000204F
:109FEC005F2209F1010CF144013389F816205FFA64
:109FFC008CF2062A914698BF8EF814209C42A3D866
:10A00C009EF81630202B09D00028C6D018EA050F70
:10A01C0018BF02258EF81550BDE8F0830020BDE86E
:10A02C00F0830B468EE7A2F1410CBCF1190F98BFDF
:10A03C0047EA0808D5E70133002083E7A846DFE7A5
:10A04C002DE9F84F4FF0620900250F460446DFF862
:10A05C00A0B04FF07E0A91F8148001F11606B8F109
:10A06C00030FDBF8003028BF4FF003082B449DB2E0
:10A07C0008F10403DBB205F00F02581E2D09092A62
:10A08C0002F1370198BF02F13001FA18C3B2917591
:10A09C009845F0D107EB08030021204683F816A061
:10A0AC00FFF774FB01212046FFF710FA03460B2241
:10A0BC0030469BB193F800C01946BCF1000F13D089
:10A0CC00DB7A1B07EED409F095FF0028EAD109F1E1
:10A0DC00FF3919F0FF09C2D1484603E06078B0FAA5
:10A0EC0080F04009BDE8F88F0120BDE8F88F00BF73
:10A0FC0074A700202DE9F04F2DED028B8BB0CDE92C
:10A10C0002038B6807930B7813F0700F53D0029BEC
:10A11C001B78002B4FD1136990469A4A0E460C338C
:10A12C00A2FB0323C3F3870298F815309807049217
:10A13C0000F0A780571CFFB20023304619461C467E
:10A14C000693FFF723FB08F11603A346A146A2468C
:10A15C0008EE103A0594756900213046FFF7B6F900
:10A16C00C5F34F15034620B30278E52A29D042B334
:10A17C00BC4238BF00242E2A2BD090F80BC0BCF167
:10A18C000F0F54D01CF0080C23D1B9F1000F40F084
:10A19C00D5800B2218EE101A09F02CFF0028DAD10A
:10A1AC0098F8153013F0010300F0E48001230593B7
:10A1BC00D1E7737883B100200BB0BDEC028BBDE806
:10A1CC00F08F002C08BFAA46BC4201D20134E4B285
:10A1DC0012B14FF00009BEE7039B9A05EBD503F0D3
:10A1EC000303013B012BE6D8002C08BFAA46BC4256
:10A1FC0003D348E0DCB2A74245D000213046FFF73C
:10A20C0065F9631C0028F5D17378002BD3D1A742D4
:10A21C0039D9079D05E02B7904EB0314E4B2A7426E
:10A22C0031D93046FEF7C2FD0028F4D1C3E7B9F1AD
:10A23C00000F19D102F01F0B049959458BD112F064
:10A24C00400988D0437B89460693BBF1010F82D12C
:10A25C00691C4B464246304689B2FFF74DFD00283B
:10A26C0008BF4FF0000976E70BF1FF3B5FFA8BFB61
:10A27C005A45AED1437B069A9342E6D04FF0000983
:10A28C0069E7012758E7059B2BB141463046FFF79C
:10A29C00D7FE00288FD0013F42463046FBB20AEB76
:10A2AC0003051F46ADB22946FFF784FD002882D076
:10A2BC0069013046FFF76AFA00283FF47CAF0021B1
:10A2CC003046FFF703F9044600283FF474AF202210
:10A2DC00002109F03BFFD8F81620D8F81A3022607C
:10A2EC00636098F82030B8F81E20A372228198F889
:10A2FC00153003F018032373234B1B68002B3BD042
:10A30C000DF123020DF1260109A89847BDF8243060
:10A31C002382BDF82630E3819DF823306373079ABE
:10A32C0092F8283043F0010382F82830039B2A4628
:10A33C00314602980097FFF781FA3DE7BBF1010F18
:10A34C007FF439AF0A3001E013F8012F4FEACC113A
:10A35C00984241EA5C0152FA81F25FFA82FCF3D135
:10A36C00069B63457FF427AF4F46039B19053FF5CA
:10A37C0022AFDBE71F46F8E745F621432382238310
:10A38C006382CCE74FECC44E40A200202DE9F04193
:10A39C001F460B7882B00C46202B154603D114F8BF
:10A3AC00013F202BFBD02C60237863B32F2B2AD0BA
:10A3BC004FF00008294E211D204601AA03F00EFC87
:10A3CC00044670B1019BB3F5803F40D27F2B08F15E
:10A3DC00010831D83C2BD9B229D8212905D81F29FD
:10A3EC0009D8002002B0BDE8F0812239C9B226FAA2
:10A3FC0001F1CA07F5D42E2B01D0202B1CD12378C8
:10A40C000BB12F2BD7D12B69013BFE2BE9D823782D
:10A41C00202B03D114F8013F202BFBD02F2BF9D08C
:10A42C0028463C6002B0BDE8F041FFF755BD5C2901
:10A43C00D7D005D97C29D4D0C5F81080AC60DEE724
:10A44C003E390129F8D8002002B0BDE8F08108F1AE
:10A45C000208AC60C5F81080D1E700BF01210005EF
:10A46C00F0B500238BB0019383789A0724D5016A49
:10A47C00054619B1806800F019FEE8B101212846A3
:10A48C00FEF7D0FCC0B1421E00F10A0C0024E3011F
:10A49C0012F8011F43EA5403944551FA83F3DCB2DA
:10A4AC00F5D1E52600230670AF682B7007F1280064
:10A4BC00AB7003F061FA10B900200BB0F0BD07F5DA
:10A4CC000E7003F059FA0028F6D0386803681B6A3E
:10A4DC0098470028F0D0EB78002BEED0294601A845
:10A4EC00FEF7C0FE0028E7D0EB78002BE4D0012764
:10A4FC0021E001A8FEF7EAFF7B1CF9B20028DBD0B3
:10A50C00C27A0F2AD8D102785FFA83FC9FB202F08C
:10A51C001F038B42D0D1437BA342CDD10670A968D7
:10A52C0091F8283043F0010381F8283053060DD4FC
:10A53C00EB786345C0D3A98801A8C91B89B249012E
:10A54C00FFF724F900210028D3D1B5E7AC6804F15A
:10A55C00280003F011FA0028AED004F50E7003F0B9
:10A56C000BFA0028A8D0206803681B6A9847A4E758
:10A57C002DE9F843DDF82090A2B105460C4698462B
:10A58C00571801E0BC420DD02B68204649465E6A44
:10A59C00C0472146024628460134B0470028F1D175
:10A5AC00BDE8F8830120BDE8F88300BF486810B50A
:10A5BC000C4630B10B894A8901339BB29A420B810C
:10A5CC0001D9206810BD0368012203495B689847D4
:10A5DC0000232068238110BD748000202DE9F04FEA
:10A5EC00054687B08846924600214FF40072406AB7
:10A5FC0009F0ACFD286A28B103680C223A495B6863
:10A60C009847286A6B6A4FF00009EE690AF1FF322D
:10A61C00DFF8E0C0E968ADF814904C1CCDE90330CC
:10A62C004FEA5A13ADF816303368DF6A674526D106
:10A63C006AB301EB0A07DFF8C0A00AE02146039ACF
:10A64C0030460134D84700283FD0A7421ED033688B
:10A65C000498D3F824B00028F0D0BDF81430BDF81D
:10A66C00162001339BB29A42ADF81430E6D8036839
:10A67C00514601225B689847ADF81490DEE703ABB6
:10A68C00214630460093194BB847F0B1286A20B1E7
:10A69C000368022216495B689847B8F1100F4FF017
:10A6AC00F8016A6A4FF001030CBF04200C201170F2
:10A6BC00FF216A6AD15401339842FAD1E8696A6A77
:10A6CC000368E9685B6A984718B9002007B0BDE8D1
:10A6DC00F08FD5E90231E86919446A6A03685B6A4C
:10A6EC00984707B0BDE8F08F780800200D7D00007A
:10A6FC009C080020D17C00007480002038B5436A8F
:10A70C004FF40075044600212A46184609F01EFD38
:10A71C004FF02031EB22A0F80B50C0F80310034689
:10A72C00C0F80710902102707620997002225870A0
:10A73C0094F82B1059734AF65521208D1A74F8226F
:10A74C00D8815A752269DA61A269A3F8FE111A62DE
:10A75C0038BD00BF70B504464FF400720021406A4A
:10A76C0009F0F4FC656A2269216805F2BF1003F058
:10A77C0093F9A369226905F2C31021681A44013ABE
:10A78C0003F08AF994F82A204AF6552385F8C22159
:10A79C002269E069C5F8C621626AA169A5F8FE3193
:10A7AC000368C5F8CA1100215B6ABDE87040184700
:10A7BC0070B546694FF4807390F82BE00446A6F50B
:10A7CC008072456A4360B2FBFEF202F2011C4FEA52
:10A7DC001C214FEA410C81600CF1A10098420ED96A
:10A7EC008033F21AB2FBFEF202F20111090A4FEAAF
:10A7FC00410C0CF1A1008342F2D3C4E901311B1AC4
:10A80C00A2F6F57103F18000B1F5704F20614FD2C3
:10A81C000CF1210C8133204602FB0EC2E360B2F531
:10A82C00803FA26134BF0423062384F82A3001231D
:10A83C002385FFF78FFF08B9002070BD2046FFF776
:10A84C005DFF2922A1684FF0203385F8262046228F
:10A85C00C5F82F30802085F836205422C5F82B30CF
:10A86C00C5F83230312385F838203622E98241216F
:10A87C0085F8393085F837104FF4007185F82400CD
:10A88C0085F83A200F4BE069C5F827300368A5F826
:10A89C001110626A21695B6A98470028CCD0626803
:10A8AC002046E3681021D21ABDE87040FFF796BE2F
:10A8BC00206A0028C0D00368132203495B689847BC
:10A8CC00002070BD87D612004C080020F8B54669F0
:10A8DC004FF4005390F82BC04FF48042A6F5804102
:10A8EC00036142F2090E0446456A4260B1FBFCF179
:10A8FC0001F18103DB0983600EEB4300904240F2CF
:10A90C00B68002F50052B11AB1FBFCF101F18103E2
:10A91C00DB090EEB43005F008242F2D3C4E9012352
:10A92C004FF6F473994240F2978001FB0C2CA2F580
:10A93C0000522046D21B92B202F5005322854D4A9A
:10A94C00E360ACF50053944594BF4FF00B0C4FF003
:10A95C000C0CA36184F82AC0FFF7FCFE08B9002098
:10A96C00F8BD2046FFF7CAFEA16829224FF020331C
:10A97C008020696285F8422054214622C5F84B306C
:10A98C0085F840004120C5F84730C5F84E30022309
:10A99C0085F85220332285F85410322185F8552041
:10A9AC0085F8530085F85610EB62E069324B334A58
:10A9BC002B630368C5F843205B6A626A2169984778
:10A9CC000028CCD0E069216903680631626A5B6AB1
:10A9DC0098470028C3D04FF400720021606A09F038
:10A9EC00B5FBE069264A0368C5F8FC2121695B6A5E
:10A9FC000231626A98470028B1D0E0692169036886
:10AA0C000831626A5B6A98470028A8D04FF0FF3380
:10AA1C00E0691C4AC5E97A331B4B2A60C5F8E4315E
:10AA2C0003682169626A5B6A01319847002896D0F5
:10AA3C00E06921690368626A07315B6A98470028FC
:10AA4C008DD0A268204694F82B30202103EB4202D3
:10AA5C00BDE8F840FFF7C2BD206A00283FF47FAF85
:10AA6C000368132209495B6898470020F8BD5F0012
:10AA7C0056E700BF0004FB000100060087D6120059
:10AA8C00000055AA52526141727241614C0800207B
:10AA9C0038B504460D68C16108466262EA692362F2
:10AAAC00904700F2FF736061DB0A062B236024D908
:10AABC00102B13D80223B0F5800F84F82B302046CE
:10AACC002ED2FFF775FE0546206A05B320B1036848
:10AADC000D2219495B689847284638BD202B23D98D
:10AAEC00402B23D9802B23D9B3F5806F22D9B3F512
:10AAFC00004F8CBF80234023DDE7206A20B1036820
:10AB0C0014220E495B6898470025284638BD00285A
:10AB1C00FAD003680F220A495B689847284638BD6B
:10AB2C00FFF7D4FE0546CFE70423C4E70823C2E7AA
:10AB3C001023C0E72023BEE72C08002014080020B7
:10AB4C003C080020042A04D801EB4202B2F80100B0
:10AB5C0070470A2A03D801EB4202908870470C2AEE
:10AB6C0003D801EB4201C88870470020704700BF32
:10AB7C00F8B504780E467CB114F06004174607D083
:10AB8C00012A09D92F22002301200A704B70F8BD2D
:10AB9C002146FEF747F918B9002318463370F8BD63
:10ABAC000346A446082111E0027B114203D00EF1AA
:10ABBC00200E5FFA8EFE651CBD42EDD20CF1010C2D
:10ABCC0006F804E0ECB2BCF10C0F10D0BCF1080F8D
:10ABDC0011D013F801EBAEF14102192AE4D9BEF100
:10ABEC00200FE8D10CF1010CBCF10C0FEED10023BD
:10ABFC0020463355F8BD1A78202AF8D010214FF092
:10AC0C002E0ED8E72DE9F04F00248BB0037889463F
:10AC1C000194002B55D0C3780646002B58D0014622
:10AC2C0001A89046FEF71EFB00284AD0F0780028B9
:10AC3C0043D008F1FF38CB464FF0010AC844B18825
:10AC4C0001A8A1EB0A0189B24901FEF79FFDC0B32F
:10AC5C00002101A8FEF73AFC98B3C37A0F2B30D130
:10AC6C0003785FFA8AF103F01F038B4229D1471C4A
:10AC7C000025042DEBB23FD83B8874BB03F5205163
:10AC8C0089B2B1F5006F3ED3A3B11846594642467E
:10AC9C0002F052FF8346A0B10024013502370D2D7E
:10ACAC00E7D10AF1010AF1785FFA8AF31FFA8AFAFE
:10ACBC009942C4D2ABEB0900D946002389F8003085
:10ACCC0003E00023184689F800300BB0BDE8F08F84
:10ACDC00FFF74EFF0BB0BDE8F08F03F5105189B2B2
:10ACEC00B1F5806FEDD20A4AC3F3090302EA84205E
:10ACFC00184300F58030C9E70A2B94BFB7F803302E
:10AD0C00B7F80530B9E7B1F5806FDAD21C46C4E765
:10AD1C0000FC0F00FFF776BF2DE9F843DDE908874B
:10AD2C00C3B181460C4615465E1802E0C047B442DA
:10AD3C0010D0D9F8003021462A4648461B6998475E
:10AD4C0003463A46204629460134002BEED11846DC
:10AD5C00BDE8F88301231846BDE8F88310B41468E5
:10AD6C00B4F5807FA44628BF4FF4807C01EB4C00E7
:10AD7C00814207D231F8023B13B953680133536057
:10AD8C008842F7D8A4EB0C0414605DF8044B7047B0
:10AD9C0010B41468802CA44628BF4FF0800C01EB33
:10ADAC008C00814207D251F8043B13B9536801332C
:10ADBC0053608842F7D8A4EB0C0414605DF8044B84
:10ADCC00704700BF2DE9F843C37904460D4617467A
:10ADDC00202B59D0102B30D00C2B51D1027AC1F32F
:10ADEC004E01836900F50E7911FA85F1A2F1020288
:10ADFC0048468EB2B2FA82F2C1F34621520901EBF7
:10AE0C0003085200414602F0E3FD002838D0C6F397
:10AE1C000806731C865DB3F5007F23D018440378B5
:10AE2C00EA07E26946EA03234CBF1B09C3F30B0391
:10AE3C009A4240D20020BDE8F883027AC1F3072180
:10AE4C00836900F50E70A2F102021944B2FA82F283
:10AE5C005209520002F0BCFD90B16D0005F4FF7573
:10AE6C00435B25E0227A08F101014846A2F1020277
:10AE7C00B2FA82F25209520002F0AAFD0028CED199
:10AE8C004FF0FF30BDE8F883027A816900F50E704F
:10AE9C00A2F1020201EBD511B2FA82F25209520070
:10AEAC0002F096FD0028EBD0AD0005F4FE75435979
:10AEBC00E2699A42BED301203B60BDE8F88300BF33
:10AECC002DE9F843C37905460C461646202B48D08D
:10AEDC00102B2DD00C2B41D1C1F34E01836900F501
:10AEEC000E7911FA84F11FFA81F8C1F34621CF18BB
:10AEFC00037A4846022B394614BF0122032202F082
:10AF0C0067FD58B314F00104C8F308033FD0C25CCA
:10AF1C0002F00F0242EA0612C2540133B3F5007F6D
:10AF2C003AD0C6F30712034401201A70BDE8F88327
:10AF3C00027AC1F30721836900F50E70022A1944C5
:10AF4C0014BF0122032202F043FD034630B164001A
:10AF5C00012004F4FF741E53BDE8F8830020BDE803
:10AF6C00F883037A816900F50E70022B01EBD41182
:10AF7C0014BF0122032202F02BFD03460028EDD062
:10AF8C00A400012004F4FE741E51BDE8F883C654DD
:10AF9C000133B3F5007F15D12B7A791C4846022B6F
:10AFAC0014BF0122032202F013FD03460028D5D062
:10AFBC00C6F30712002CB7D1197821F00F0141EA22
:10AFCC001212B1E7C6F307120344F5E72DE9F0417D
:10AFDC00C46882B005460E468C42904640D3012789
:10AFEC000134EB6901AA2846A34205D29FBBEC6849
:10AFFC0001273C44A3422ED3A64218BF012C214664
:10B00C0029D9FFF7DFFE002825DBE9D0019B002BB7
:10B01C00E6D107B1EC60EB69A3421CD36FF0704230
:10B02C0021462846FFF74CFF0746A0B13EB96B6A94
:10B03C00002B01DB013B6B62C8F800400CE0012ED9
:10B04C0009D0EB699E4206D8314622462846FFF7C6
:10B05C0037FF0028EBD10027384602B0BDE8F0815D
:10B06C000C460027BCE700BF01290CD910B4C469F9
:10B07C008C4203D35DF8044BFFF7A4BE4FF0FF30B6
:10B08C005DF8044B70474FF0FF30704701290BD926
:10B09C0010B4C4698C4203D35DF8044BFFF710BFA6
:10B0AC0000205DF8044B70470020704770B50546D2
:10B0BC0082B00C461DE0EB699C421FD8FFF782FE64
:10B0CC00064621460022002E284617DBEB699C42DF
:10B0DC0014D8FFF7F5FE621E80B16B6A002B03F1EA
:10B0EC000103A8BF6B62EB68A342019C88BFEA60B6
:10B0FC002EB1012C214601AA2846DCD8002002B032
:10B10C0070BD00BF2DE9F0470646406A84B00028A8
:10B11C001BDAF2790C2A1BD1F7697B1C022B40F24B
:10B12C00CD8002240025214602AA3046FFF74AFEB4
:10B13C00002804F1010306DB57D1A7421C465CD062
:10B14C00F2699342EFD94FF0FF3004B0BDE8F087BD
:10B15C00F169002096F8383201313469DB07CDE90A
:10B16C00021000F1858000214FF0FF33202A06F5F4
:10B17C00127786F83812C6F8443242D0D6F80080DE
:10B18C004F4BD8F80020D6F818A095699D4278D17D
:10B19C00002C00F082800AEB0409136951463A46F0
:10B1AC00404698470028CED00299B1F5807F8E4654
:10B1BC0028BF4FF4807E07EB4E0CBC450BD9039D8A
:10B1CC003B46002233F8024B0CB9013502469C4534
:10B1DC00F8D802B103950AF1010AA1EB0E01D14591
:10B1EC0002915AD0D8F80020D7E7029A002AA4D1AD
:10B1FC00A74205F101051C46A2D1284604B0BDE8C2
:10B20C00F087D6F800A02E4BDAF80020D6F818906C
:10B21C0095699D4246D1002C3FD009EB0408136977
:10B22C0049463A465046984700288CD0DDF808C06D
:10B23C00BCF1800FE64628BF4FF0800E07EB8E0264
:10B24C00BA420BD9039D3B46002153F8044B0CB971
:10B25C00013501469A42F8D801B1039509F101096B
:10B26C00ACEB0E03C845029317D0DAF80020D6E7F2
:10B27C0006F50E7002F080FB00283FF464AFF27903
:10B28C0071E7234602AC3A465146019440460D4CB8
:10B29C000094A84700283FF456AF0398706204B09E
:10B2AC00BDE8F087234602AC3A4649460194504625
:10B2BC00054C0094A8470028EFD144E7002044E750
:10B2CC0079840000BD840000F184000070B5002377
:10B2DC000446154601204FF0FF3204F12806216088
:10B2EC00E371E060E162C4F83C1284F8283084F821
:10B2FC0038326263C4F84422CDB1042D01D9002048
:10B30C0070BD1A461946304602F062FB6FF070436E
:10B31C0000F5DF722B441D0102EB03130028EED065
:10B32C0019790029EBD0525D5206E8D19D680022B4
:10B33C002946304602F04CFB0028E0D0B0F80B3028
:10B34C00B3F5007FDBD1037C5A1E2372012AD6D8B9
:10B35C00417B4B1E0129217163714FF00003A371D6
:10B36C0044D0012252000133D2B2DBB2914204D05C
:10B37C00082BF7D10020A37170BD1E46A371C18AA2
:10B38C00216109B9416A2161C289B0F811302A449E
:10B39C0063815B01A26190F810C003F2FF1301FB03
:10B3AC000C2202EB53232262B0F81320636102B922
:10B3BC00026AED1AAB18F3405A1CE2614FF0FF32EF
:10B3CC00626240F6F47293420CD94FF6F4729342D7
:10B3DC000AD9C26A202322620120E3712163C4F8D6
:10B3EC00401270BD0C23F7E71023F5E71E46C6E7A5
:10B3FC00F8B500268F6B0D460446C0E90E669FB16A
:10B40C000146242000F0DCF8068086708446AD6B83
:10B41C00A0630FCDACE80F000FCDACE80F002B688C
:10B42C00CCF800302046F8BDCB6B002BFAD001468F
:10B43C00382000F0C5F880F8317047860246EB6B77
:10B44C00E06303F130071E68103353F80C5C1032C4
:10B45C0053F8080C53F8041CBB4242F8106C42F829
:10B46C000C5C42F8080C42F8041CECD11B6820461A
:10B47C001360F8BD10B50446806B10B1FDF7E2FC0B
:10B48C0030B9E06B10B1FBF7CFFB20B9002010BD39
:10B49C000023A36310BD0023E36310BD002952D029
:10B4AC002DE9F0410446806B0D4617461E4610B13F
:10B4BC00FDF7C8FCA0BBE06B10B1FBF7B5FBB8BB4C
:10B4CC00D5F88084B8F1000F11D02146242000F06B
:10B4DC0077F8334600263A4606808670A063D5F886
:10B4EC008014FDF7B7FE58BBA063BDE8F081D5F81A
:10B4FC00843493B12146382000F062F8334680F84A
:10B50C0031803A46A0F83280E063D5F88414FBF71A
:10B51C00BFFFA8B9E063BDE8F0810020BDE8F08171
:10B52C000023D5F88084A363B8F1000FCDD1DEE7FA
:10B53C000023D5F88084E363B8F1000FC5D1D6E7BA
:10B54C000120BDE8F0810020704700BFF8B504462B
:10B55C00806B0D46174610B1FDF774FC38BBE06BE1
:10B56C0010B1FBF761FB38BBAE6B76B121462420E2
:10B57C0000F026F800213A4601808170A063A96B87
:10B58C00FEF7CEF988B9A063F8BDE86B0028FBD0B4
:10B59C002146382000F014F83A4680F8316046868F
:10B5AC00E063E96BFBF77CFF20B10120F8BD0023C1
:10B5BC00A363D9E7E063F8BD0023E363D4E700BFDE
:10B5CC00084670472DE9F041002604469846C0F81D
:10B5DC008814C0F8806401464FF490601746FFF75A
:10B5EC00EFFF424680F84464054680F87964A0F881
:10B5FC007A64C4F88404D4F88814FDF7E7FAA0BB85
:10B60C000026214640F26C40C4F88464FFF7D8FF52
:10B61C000223C6714246A0F84864054680F84A6485
:10B62C000372C4F88004D4F88814FFF74FFE38B9BD
:10B63C0000231A4A18461360C4F88034BDE8F08120
:10B64C0005F589663046FDF7FDFB29463046FDF7CA
:10B65C0037FE0028ECD0124B1A68AAB91D600F4BAC
:10B66C00AFB101201C60BDE8F08105F5896630465C
:10B67C00FBF7DAFA29463046FBF704FB0028BFD06B
:10B68C00084B1A68002AE9D0044B002FE9D11A683C
:10B69C00002AE6D00120BDE8F08100BFDCA3002029
:10B6AC00E0A30020C4A2002070B500254FF47A76E8
:10B6BC000446456005738660C0E91255034D40F899
:10B6CC00105BFFF7EBFE204670BD00BF3C0B00206B
:10B6DC004FF0FF30704700BF407C7047007D7047D3
:10B6EC00407D704701207047007F70472DE9F0477F
:10B6FC001E46C37C05460C46022B9146089F28D05B
:10B70C002B68214628461B6E984798B1AC61B9F15D
:10B71C00000F12D004EB090801E0A0450DD039460A
:10B72C002046B0472B6801462846DB6D013498470C
:10B73C000028F2D10020BDE8F087AB69287F4B448C
:10B74C00AB610028F7D12B6828465B6EBDE8F0474B
:10B75C00184783698B42D3D1D9E700BF704700BF2C
:10B76C00043002F0B5B800BF10B50446202104F037
:10B77C00B7F9204610BD00BF2DE9F0411F46C37C30
:10B78C0005460E46022B144624D02B68314628461B
:10B79C001B6E984778B1AE6187B1002601E0B742C5
:10B7AC000CD02A68214628460136D26D04F5007467
:10B7BC0090470028F3D10020BDE8F081AB69287FC9
:10B7CC003B44AB610028F7D12B6828465B6EBDE883
:10B7DC00F041184783698B42D7D1DDE72DE9F04161
:10B7EC00204E074600F10408356805F51675ADB214
:10B7FC0003E03368EB1A1B0410D4404602F06CF8DB
:10B80C00FF280446F5D1FD21404602F083F8BB7CAD
:10B81C00CBB900230120FB74BDE8F0811E23B87C5A
:10B82C007B740028F8D0387C012102F009F8FF2144
:10B83C00404602F06FF8404602F022F8002318460A
:10B84C00BB74BDE8F0810121387C01F0F9FF214681
:10B85C00404602F05FF8404602F012F80023BB7439
:10B86C00D7E700BF74A700202DE9F041C37C012B62
:10B87C0035D0867C04464EB1043002F02DF8B0F180
:10B88C00FF0518BF01252846BDE8F081071D4FF0C4
:10B89C000108384601F0D6FF3146207C01F0D0FF7C
:10B8AC00FF21384602F036F8384684F8128002F050
:10B8BC0013F8A37CB0F1FF0518BF0125002BE2D0D3
:10B8CC004146207C01F0BCFFFF21384602F022F8F3
:10B8DC00384601F0D5FF2846A674BDE8F081002556
:10B8EC002846BDE8F08100BF2DE9F843204F0446FF
:10B8FC00884691463D68061D05F59675ADB203E088
:10B90C003B68EB1A1B040DD4304601F0E5FFFF2811
:10B91C002075F5D0FE281AD01823A07C637430B99A
:10B92C00BDE8F8831D23A07C63740028F8D0207C2C
:10B93C00012101F085FFFF21304601F0EBFF30467D
:10B94C0001F09EFF00231846A374BDE8F8834A4615
:10B95C004146304601F0CCFF207538B9304601F035
:10B96C00BBFF304601F0B8FF0120D9E72523D4E70F
:10B97C0074A70020F0B5002783B00C2104463A468A
:10B98C00C77400F05BF8B0B9A67C1EB9012630462E
:10B99C0003B0F0BD05460121207C01F051FF201DB4
:10B9AC00FF21019001F0B6FF019801F069FF3046CC
:10B9BC00A57403B0F0BD0923A67C6374002EE6D0F9
:10B9CC00251D207C01213E4601F03AFFFF2128462F
:10B9DC0001F0A0FF284601F053FF3046A77403B0D6
:10B9EC00F0BD00BFC27C022A03D0012A04D0012082
:10B9FC00704703685B6E1847FFF7BCBF38B5036828
:10BA0C000D460D4904461A6A8A420CD1C27C022AA0
:10BA1C0004D0012A0BD00120257738BD5B6E9847E6
:10BA2C000028F8D138BD90470028FBD0F3E7FFF78A
:10BA3C00A1FF0028F6D0EEE7459100002DE9F0417A
:10BA4C00036882B00F463549019206461A6A8A424B
:10BA5C005ED1C27C022A41D0012A5BD0B47C002C7E
:10BA6C0047D0351D0C2F11D0DFF8B480D8F800402A
:10BA7C0004F59674A4B204E0D8F80030E31A1A0462
:10BA8C0034D4284601F028FFFF28F5D10DF1040825
:10BA9C0002AC47F04001284601F03CFF14F8011DB0
:10BAAC00284601F037FFA045F8D1002F28464FF06B
:10BABC000A040CBF9521872101F02CFF284601F0C8
:10BACC000BFF2846013C01F007FF0306A4B23075BA
:10BADC0001D5002CF5D102B0BDE8F0815B6E984722
:10BAEC000028BBD1FF2002B0BDE8F081002FCDD0E3
:10BAFC00F8E7351D284601F0A5FE2146307C01F003
:10BB0C009FFEFF21284601F005FF0123B374A9E72E
:10BB1C009047E5E7FFF72EFFE2E700BF45910000F5
:10BB2C0074A700202DE9F04788B005464FF00008B7
:10BB3C00174601AC2E1D85F8128085F8118085F80A
:10BB4C00158084E80E009DF80400287401F074FE42
:10BB5C000121287C01F074FE6C490723C5E902130E
:10BB6C0094E8070005AB83E8070030460ECB01F0E4
:10BB7C0073FEAC7C85F81380002C67D00A2401215D
:10BB8C00287C01F05DFEFF21304601F0C3FE611EF2
:10BB9C0011F0FF04F7D121460A24287C01F050FE55
:10BBAC00002228461146FFF749FF012804F1FF3314
:10BBBC0004460AD013F0FF04F2D10123A87C6B7465
:10BBCC00002851D108B0BDE8F0874FF4D572082198
:10BBDC002846FFF733FF420757D56C752B68DFF803
:10BBEC0030A19B6D534561D1687DA0F10204DFF853
:10BBFC002491B4FA84F4D9F80030640903F5FA6896
:10BC0C00A4071FFA88F805E0D9F80030A8EB030365
:10BC1C001B0449D4372100222846FFF70FFF224688
:10BC2C0029212846FFF70AFF0028EDD12B689B6DD0
:10BC3C00534565D1687D022849D0AB7CCBBB07232B
:10BC4C000120C5E9027308B0BDE8F087304601F069
:10BC5C00F9FD2146287C01F0F3FDFF21304601F06F
:10BC6C0059FE0123AB7489E7287C012101F0E8FD22
:10BC7C00FF21304601F04EFE304601F001FE00235C
:10BC8C001846AB7408B0BDE8F087022304246B752A
:10BC9C00304601F021FE631E287513F0FF04F7D126
:10BCAC00AA289BD0062389E7172387E728469847BD
:10BCBC009BE70121287C01F0C3FDFF21304601F0F8
:10BCCC0029FE304601F0DCFD0023AB74B7E70022FF
:10BCDC003A212846FFF7B2FEA8B9304601F0FCFD28
:10BCEC0000F0C000C02801D103236B75304601F071
:10BCFC00F3FD304601F0F0FD304601F0EDFD9CE720
:10BD0C002846984797E7122358E700BF801A060089
:10BD1C00418E000074A70020F8B500220D463A2190
:10BD2C000646FFF78BFEE0B9371D2C1D384601F097
:10BD3C00D3FD04F8010DA542F8D1B47C14B901244B
:10BD4C002046F8BD307C012101F07AFDFF213846F8
:10BD5C0001F0E0FD384601F093FD00232046B3745A
:10BD6C00F8BD1223B47C7374002CE9D0341D307CE4
:10BD7C00012101F065FDFF21204601F0CBFD20469D
:10BD8C0001F07EFD00231C46B3742046F8BD00BFB5
:10BD9C0070B5164682B000220446FFF74FFEB0B1D4
:10BDAC001B236374A07C08B902B070BD251D207CD8
:10BDBC00012101F045FDFF21284601F0ABFD28468D
:10BDCC0001F05EFD00231846A37402B070BD054659
:10BDDC00102231462046FFF787FD0028E2D0A67CD2
:10BDEC00002EE1D0207C012101F02AFD201DFF2135
:10BDFC00019001F08FFD019801F042FD3046A574D1
:10BE0C0002B070BD0368254ADB6C934200B585B067
:10BE1C000FD16A460921FFF7BBFF38B19DF80030FE
:10BE2C0013F0C00308D0402B27D0002005B05DF8DC
:10BE3C0004FB69469847F0E79DF809309DF80A2005
:10BE4C0003F003039DF806109DF807005B0001F05A
:10BE5C00030180009DF808C043EAD2139DF8052029
:10BE6C0040EA812002F00F0240EA9C10134401309A
:10BE7C00073B984005B05DF804FB9DF809009DF860
:10BE8C00073001309DF8082003F03F0300EB03401E
:10BE9C0000EB0220800205B05DF804FB2199000044
:10BEAC0003680A4630B59B6D83B0164D0446AB4211
:10BEBC0024D1407D03284FF01201204618BF5202B6
:10BECC00FFF7BCFD20B901231846E37403B030BD65
:10BEDC000C23A07C63740028F8D0251D207C012144
:10BEEC0001F0AEFCFF21284601F014FD284601F0BC
:10BEFC00C7FC00231846A37403B030BD01919847CA
:10BF0C00019AD7E7418E0000F8B51446C27C06466C
:10BF1C000D46012A1F4602D183698B4205D0294662
:10BF2C003046FFF7BDFF80B1B56187B1002501E058
:10BF3C00AF420CD021464FF400723046013504F567
:10BF4C000074FFF7D1FC0028F2D10020F8BDB369D2
:10BF5C00307F3B44B3610028F8D13046BDE8F8404F
:10BF6C00FFF708BD2DE9F84F9B46C37C06460C46EF
:10BF7C00012B1546DDF82890DDF82C8002D1836961
:10BF8C008B4205D021463046FFF78AFFB0B1B46131
:10BF9C00BBF1000F15D004EB0B0A02E0C847A24519
:10BFAC000FD04FF4007229463046FFF79DFC074630
:10BFBC004246204629460134002FEFD10020BDE82F
:10BFCC00F88FB369307F5B44B3610028F7D13046FA
:10BFDC00BDE8F84FFFF7CEBC03682DE9F0415F696F
:10BFEC00164B9F421FD1C37C04460D461646012BAF
:10BFFC0002D18369994205D029462046FFF750FFAC
:10C00C0070B1A5614FF4007231462046FFF76CFC0D
:10C01C0030B1A369207F0133A36148B1BDE8F08141
:10C02C000020BDE8F081BC460123BDE8F04160472B
:10C03C002046BDE8F041FFF79DBC00BF69960000AB
:10C04C0003680A4630B59B6D83B0164D0446AB426F
:10C05C0024D1407D03284FF01901204618BF52020D
:10C06C00FFF7ECFC20B902230120E37403B030BDD0
:10C07C000E23A07C63740028F8D0251D207C0121A0
:10C08C0001F0DEFBFF21284601F044FC284601F0BC
:10C09C00F7FB00231846A37403B030BD01919847F9
:10C0AC00019AD7E7418E000003682DE9F043DB6C61
:10C0BC001746414A85B004460E46934245D16A461E
:10C0CC000921FFF765FE0546B5B19DF80A305A0601
:10C0DC0018D5637D032B01D076027F0232462021D6
:10C0EC002046FFF7ABFC28B93A4621212046FFF742
:10C0FC00A5FC70B326236374A57C9DB9284605B0B6
:10C10C00BDE8F08303F03F039DF80B205B0043EA8E
:10C11C00D2137A1C32431342DBD02723A57C6374E1
:10C12C00002DEBD0251D207C012101F089FBFF2186
:10C13C00284601F0EFFB284601F0A2FB00231D4628
:10C14C00A374284605B0BDE8F083694698470546B8
:10C15C00BAE7024626212046FFF770FC0028C9D119
:10C16C00DFF8588042F2107704F10409D8F8003057
:10C17C001F44BFB204E0D8F80030FB1A1B0417D4DC
:10C18C00484601F0A9FBFF280646F4D1A37C002BFE
:10C19C00B4D00121207C1D4601F052FB31464846AB
:10C1AC0001F0B8FB484601F06BFB0023A374A5E734
:10C1BC0028236374A0E700BF2199000074A7002016
:10C1CC0070B5002282B00E4609210446FFF736FCFA
:10C1DC00B0B11B236374A07C08B902B070BD251DDF
:10C1EC00207C012101F02CFBFF21284601F092FB61
:10C1FC00284601F045FB00231846A37402B070BD1D
:10C20C000546102231462046FFF76EFB0028E2D08F
:10C21C00A67C002EE1D0207C012101F011FB201D19
:10C22C00FF21019001F076FB019801F029FB3046CB
:10C23C00A57402B070BD00BF70B5002282B00E466E
:10C24C000A210446FFF7FAFBB0B11B236374A07CF0
:10C25C0008B902B070BD251D207C012101F0F0FA57
:10C26C00FF21284601F056FB284601F009FB00236C
:10C27C001846A37402B070BD054610223146204604
:10C28C00FFF732FB0028E2D0A67C002EE1D0207C08
:10C29C00012101F0D5FA201DFF21019001F03AFB9C
:10C2AC00019801F0EDFA3046A57402B070BD00BFE4
:10C2BC0070B5051D16460446284601F02BFB4FF4BD
:10C2CC0000723146284601F02FFBFF21284601F071
:10C2DC0021FBFF21284601F01DFB284601F0FCFA4A
:10C2EC0000F01F032075052B04D02023A07C637461
:10C2FC0010B970BD012070BD207C012101F0A0FAA5
:10C30C00FF21284601F006FB284601F0B9FA00236C
:10C31C001846A37470BD00BF2DE9F041174D0646B9
:10C32C000F4600F104082C6804F51674A4B203E05F
:10C33C002B68E31A1B040CD4404601F0CDFAFF28FD
:10C34C00F6D13A46FC213046FFF7B2FF18B1BDE8F2
:10C35C00F08124237374B07C0028F8D0307C012148
:10C36C0001F06EFAFF21404601F0D4FA404601F08C
:10C37C0087FA00231846B374BDE8F08174A7002037
:10C38C00036870B59B6D1646224A82B004460D4672
:10C39C0093423CD1407D03284FF01801204618BF32
:10C3AC006D022A46FFF74AFB0546B0B10D236374B4
:10C3BC00A07C08B902B070BD251D207C012101F0C4
:10C3CC003FFAFF21284601F0A5FA284601F058FA59
:10C3DC0000231846A37402B070BD3246FE212046DD
:10C3EC00FFF766FF0028E3D0A67C002EE2D0207C6D
:10C3FC00012101F025FA201DFF21019001F08AFA9C
:10C40C00019801F03DFA3046A57402B070BD984712
:10C41C00C1E700BF418E000010B4047F34B1046842
:10C42C000123A46AA4465DF8044B60475DF8044BF5
:10C43C00FFF7A6BF10B584B004460DF1040C8CE8D0
:10C44C000E009CE80E00FFF76DFB20B19DF8053047
:10C45C0003F00103237704B010BD00BF0020704728
:10C46C000020704700207047704700BF084B002128
:10C47C00084A094810B499631C6B146012685DF883
:10C48C00044B1A639A6C22F081029A640170704713
:10C49C0000002C403CA20020ACA70020034B586AA3
:10C4AC0080F08070C0F30060704700BF00002C402B
:10C4BC00014B1878704700BFACA700202B4A2C4BBF
:10C4CC00526AD3F800312B49C2F3C22203F03F0366
:10C4DC00013270B5284C4FF47A75A4FB034305FB6D
:10C4EC0000F09B08B1FBF3FEBEFBF2FEB0EB1E1F8F
:10C4FC0035D201231E465B001A01BEFBF2F28242CA
:10C50C0001D9FF2BF6D9BEFBF3F2360290422AD2A8
:10C51C004FEA430C012200E0A446154603EB0C0441
:10C52C000132BEFBFCF1814217D9102AF4D1F0255F
:10C53C004FF47A731149124A03FB0CFCBEFBFCF35B
:10C54C000B60104BD16A0B402B43334343F46023F5
:10C55C00D362536A1B07FCD570BD2D01E8E7724608
:10C56C0000260123D2E79C460025E1E700C00F40DE
:10C57C0000800D4000EC695EABAAAAAAA0A1002025
:10C58C0000002C400F00F0FF014B1878704700BFE3
:10C59C00F6930020014B1868704700BF3CA20020A6
:10C5AC0010B4074C8C460FCCCCF800000120CCF812
:10C5BC000410CCF80820CCF80C305DF8044B704714
:10C5CC0010A2002010B4074C8C460FCCCCF8000005
:10C5DC000120CCF80410CCF80820CCF80C305DF815
:10C5EC00044B704720A20020024B01201B680B60FB
:10C5FC00704700BF30A20020704700BF10B5044642
:10C60C000C2103F06DFA204610BD00BF044B1B78C3
:10C61C0023B1044B18780230C0B270470120704728
:10C62C00A9A70020AAA70020184B1A7812F0C00264
:10C63C000FD0402A01D000207047587ADA79197A45
:10C64C00013002F03F0300EB034000EB01208002BD
:10C65C0070475A7A9979D87902F0030293F808C096
:10C66C0001F003018000520040EA812000B593F8EC
:10C67C000AE040EA9C105B7942EADE12013003F0DA
:10C68C000F031344073B98405DF804FB20A20020E5
:10C69C00404A0520404938B5D2F800413F4B44F0A0
:10C6AC0080043F4DC2F80041D2F8004124F03F0411
:10C6BC00C2F80041D2F8004144F01804C2F800411D
:10C6CC00D2F8004124F08004C2F80041D3F8802055
:10C6DC0042F00C02C3F880205A6A22F460525A626B
:10C6EC00DA6942F48032DA615A6A42F400625A62C0
:10C6FC00C1F8CC01C1F8D001C1F8BC01C1F8C0012E
:10C70C00C1F8C401C1F8C801AA6C264B42F0004222
:10C71C00AA64EA6A1343EB62EC6A14F08074FBD1EE
:10C72C004FF4C870FFF7CAFE1B4B47F2B80241F238
:10C73C00B801C3F8CC411C48C3F8D041C3F8BC4184
:10C74C00C3F8C041C3F8C441C3F8C841C3F8BC2303
:10C75C00C3F8C023C3F8AC23C3F8B013C3F8B42395
:10C76C001249C3F8B823124B6863C1F8F8314FF083
:10C77C00E0234FF480420F49602081F86E00C3F82B
:10C78C000C21EB6A064A43F00063EB62D36A1B018F
:10C79C00FCD438BD00800D4000801F4000C00F400D
:10C7AC0000002C40008000010B007F110094002041
:10C7BC00CD9B000000E400E02DE9F04103F04EF8C1
:10C7CC00174E184D0746DFF8748004E003F046F866
:10C7DC00C01B40451BD8346B2C40F7D0124A0021AB
:10C7EC00124B1170326B1A601968114A31631B6855
:10C7FC00134209D00F491F240F4B40F27A2200201C
:10C80C000C701A60BDE8F0810120BDE8F081064A89
:10C81C00064B1470326B1A601B683363EAE700BF77
:10C82C0000002C4002007F11ABA700203CA200208E
:10C83C0000007F11F69300200CA2002040420F0054
:10C84C002DE9F843264C0F462378002B38D1254B85
:10C85C005A6AD2052BD5234DDFF89480AB6A43F48A
:10C86C008033AB6202F0FAFF064604E002F0F6FFFA
:10C87C00801B40452AD86B6A13F48069F6D007F107
:10C88C003C0C184807F50F77436A5B05FCD5ACF1F7
:10C89C00400353F8042F9C450262FAD10CF1400C72
:10C8AC00BC45F1D1012318462370BDE8F8839A6A80
:10C8BC0022F480329A629A6A42F400329A62CAE78F
:10C8CC00FFF77AFF0028C2D1BDE8F883064921247E
:10C8DC00064B4FF47E7248460C701A60BDE8F88324
:10C8EC00ABA7002000002C40F69300200CA20020E7
:10C8FC0040420F002DE9F041074688461F4C02F0DC
:10C90C00ADFF1F4E054604E002F0A8FF431BB342E7
:10C91C0024D8636AD907F7D4BB02C4F8088020D4A2
:10C92C0027F0FF03154C174EE36002F097FF144FEE
:10C93C00054604E002F092FF401BB8420ED8236B70
:10C94C003342F7D0226B104B1A601A6822631A68B4
:10C95C00D20703D51B6813F4702F0BD00020BDE851
:10C96C00F081A26CFBB222F0FF02A264A26C134312
:10C97C00A364D5E70120BDE8F08100BF00002C4086
:10C98C0040420F0001000F003CA20020154B30B5B7
:10C99C000D4685B01968FFF7ADFF08B3124B05F1D2
:10C9AC000F041A6900925969019199690291DB6926
:10C9BC000393002301E05EF8102C03F0030C013309
:10C9CC004FEACC0C23F0030E0F2B22FA0CF20EF1D3
:10C9DC00100104F8012D0DEB010EECD10023EB73CB
:10C9EC0005B030BD34A2002000002C4010B5037AF5
:10C9FC00DB0705D5154B1B68B3B1BDE810401847D4
:10CA0C00134B1B783BB9134B5C6A84F08074C4F3F2
:10CA1C000064204610BD0F4B0F4C1B6B1C40B4FA2E
:10CA2C0084F46409204610BD0C4B1C78002CF0D00B
:10CA3C000B4B0C481968FFF75DFF0028E9D0054B3C
:10CA4C001C6984F48074C4F30024E2E738A200204B
:10CA5C00ABA7002000002C4002007F11A8A70020EB
:10CA6C0034A2002000001A0D08B5044B04481968C4
:10CA7C00FFF740FF08B1034B186908BD34A2002032
:10CA8C0000001A0D00002C4008B5074B0748196828
:10CA9C00FFF730FF30B1064B186980F48070C0F39B
:10CAAC00002008BD012008BD34A2002000001A0D92
:10CABC0000002C402DE9F047294B8946DFF8C0A037
:10CACC00284ECAF8003002F0C9FE274D0446DFF8A4
:10CADC00B480264F06E002F0C1FE001BB84229D8F4
:10CAEC0004F052FB31682846FFF704FF0028F2D00F
:10CAFC00D8F81030DB05EED500234FF40072CAF8DD
:10CB0C000030D8F8283023F48033C8F82830184B7C
:10CB1C00C8F804201B78CBB149461648FFF7EAFE4B
:10CB2C0030B915490E24154B40F257420C701A605F
:10CB3C00BDE8F087104A0A210020104B117040F21A
:10CB4C004B42CAF800001A60BDE8F0874FEA492949
:10CB5C0008484946FFF7CEFE0028E9D1E1E700BFBF
:10CB6C00E9A1000034A2002000001A0D40420F0081
:10CB7C00AAA7002020003A19F69300200CA200204E
:10CB8C0038A2002000002C402DE9F041254C00215A
:10CB9C002548A36A23F48033A362FFF7ABFE054656
:10CBAC0048B922490920224B40F23D2208701A60F4
:10CBBC002846BDE8F0811F4BDFF88080C8F80030B4
:10CBCC0002F04CFE636A0646D80118D41A4F04E0F2
:10CBDC0004F0DAFA636AD90111D402F03FFE831B28
:10CBEC00BB42F5D9114A0A210025114B11704FF4A3
:10CBFC0010722846C8F800501A60BDE8F081002277
:10CC0C00084BC8F800205A6A9207D1D5586B9A6A1B
:10CC1C00D96A22F4803241F08061D96258639A62F9
:10CC2C00C6E700BF00002C400000DB0CF693002090
:10CC3C000CA20020FD9B000040420F0038A20020F7
:10CC4C002DE9F04782468946364E02F007FE364DF6
:10CC5C000446DFF80081354F04E002F0FFFD031BB2
:10CC6C00BB4227D831682846FFF744FE0028F4D091
:10CC7C00D8F81030DA05F0D501232D4D2D4F514643
:10CC8C002B7000232C483B602C4BC8F80090C8F844
:10CC9C0004302B4BC8F83830FFF72CFE0446A0B9F3
:10CCAC0028490420284B40F29F12087020461A6035
:10CCBC00BDE8F08723490A20234B4FF4CC720024A3
:10CCCC0008701A602046BDE8F087204BDFF888908A
:10CCDC00C9F8003002F0C2FD2B780646BBB1DFF874
:10CCEC004C8003E004F050FA2B7883B102F0B6FDCF
:10CCFC00831B4345F6D90023C9F800301149252080
:10CD0C00114B4FF4D172002408701A60DAE73B68BB
:10CD1C0000229B07C9F80020F0D53A680C4B1A4248
:10CD2C00D0D0EBE734A2002000001A0D40420F00D7
:10CD3C00ACA700203CA2002011003A0640000100E4
:10CD4C0002007F11F69300200CA20020119C000021
:10CD5C0000007F1100002C4038A200202DE9F0418A
:10CD6C00324D1446AB7A13F0400012D103F03F035E
:10CD7C00EA7A5B0043EAD213621C0A43134208D0DE
:10CD8C002B4927242B4B40F202320C701A60BDE861
:10CD9C00F081294B1B780BB9490264022748FFF735
:10CDAC00A9FD40B922490F24224B40F20A320C70E3
:10CDBC001A60BDE8F08121462148FFF79BFD40B980
:10CDCC001B4910241B4B40F20D320C701A60BDE84D
:10CDDC00F08100211B48FFF78DFD38B9144911244F
:10CDEC00144B4FF444720C701A60E2E702F036FDFB
:10CDFC00154E164D0446DFF85C80154F31682846F9
:10CE0C00FFF778FD18B1D8F81030DB05D1D402F05B
:10CE1C0025FD001BB842F1D905492824054B40F2E9
:10CE2C00133200200C701A60C3E700BF20A2002050
:10CE3C00F69300200CA20020AAA7002000001A20C4
:10CE4C0000001A2100001B2634A2002000001A0D3D
:10CE5C0040420F0000002C402DE9F04F12F003046B
:10CE6C0083B018BF012401900093002B08BF44F03D
:10CE7C0001045CB140492520404B40F2F5120024DE
:10CE8C0008701A60204603B0BDE8F08F3C4B154685
:10CE9C003C4A0E46DFF80C91136002F0DFFCDFF821
:10CEAC0008810746DFF804B1DFF8F0A006E002F0D5
:10CEBC00D5FCC01B504544D804F066F9D9F80010D5
:10CECC004046FFF717FD0028F1D0DBF81030DA05EB
:10CEDC00EDD5009A2C4B2B4903EA024300222B4F31
:10CEEC000A6043F400730121DFF8C4803970C8F87C
:10CEFC000020CBF80050CBF80430254BCBF8383061
:10CF0C00244B1B7843B331460198FFF7F3FC814661
:10CF1C000028B7D0204B1B4A136002F09FFC3B78D3
:10CF2C000546DBB11D4E03E004F02EF93B78ABB1A6
:10CF3C0002F094FC401BB042F6D90023114A136056
:10CF4C00A0E70D4B0A2200210E481A704FF4FC7218
:10CF5C000A4B01601A6095E77602D4E70023094A70
:10CF6C001360D8F800309B078CD5D8F800200C4BF8
:10CF7C001A4208BF4C4685E7F69300200CA200200D
:10CF8C00E9A1000038A200200000FF1FACA7002080
:10CF9C0002007F11AAA70020119C000040420F0044
:10CFAC0000007F1134A2002000001A0D00002C405C
:10CFBC003CA20020F8B50646007A0C461546C00780
:10CFCC001F4613D483B10F4401E0BC420CD033682C
:10CFDC002A46214630461B69013405F500759847F1
:10CFEC000028F2D10020F8BD0120F8BD900712D026
:10CFFC00002BF9D00F4401E0BC42F5D033682A462F
:10D00C00214630461B69013405F500759847002808
:10D01C00F2D10020E7E70648FFF71EFF0028E3D116
:10D02C0004490C24044B40F2A1320C701A60F8BD78
:10D03C0037003A12F69300200CA20020F8B50646F1
:10D04C00007A0C461546C0071F4613D483B10F4413
:10D05C0001E0BC420CD033682A46214630465B6A5C
:10D06C00013405F5007598470028F2D10020F8BD71
:10D07C000120F8BD900712D0002BF9D00F4401E02D
:10D08C00BC42F5D033682A46214630465B6A0134EF
:10D09C0005F5007598470028F2D10020E7E706480F
:10D0AC00FFF7DAFE0028E3D104490E24044B40F2CA
:10D0BC003D420C701A60F8BD27003A19F693002017
:10D0CC000CA200202DE9F04F0025DFF8C0929B4CFC
:10D0DC0091B0DFF8BC829A4E0172457289F800500B
:10D0EC00257088F800503570FFF7D2FA294628468B
:10D0FC00FFF700FC50B90121924B40F28E220546FD
:10D10C0021701A60284611B0BDE8F08F03258E4FB0
:10D11C004FF4D5713846FFF7EDFB00284ED1013D99
:10D12C00F6D13378002B3DD0DFF868B202F096FBD5
:10D13C00864E0546DFF860A2854F00213046FFF78A
:10D14C00D9FB50B9002517217E4B4FF42A72284683
:10D15C0021701A6011B0BDE8F08F59465046FFF7A8
:10D16C00C9FB0028EED002F079FB401B794BB8428A
:10D17C00E8D81A69002AE0DA1969774A11601B6944
:10D18C005A0002D5012388F8003000217348FFF7BC
:10D19C00B1FB054610BB02216A4B40F2B122217053
:10D1AC001A60AFE7FFF774FA29462846FFF7A2FB8F
:10D1BC003378002BB8D14FF4401BB7E7654B1B6994
:10D1CC00B3F5D57F07D006215E4B4FF425720025B1
:10D1DC0021701A6096E701233370A5E7002160489F
:10D1EC00FFF788FB054630B90321564B4FF42D72DF
:10D1FC0021701A6086E7574E5A4B32695A4F1340CA
:10D20C005A495B483B60FFF7C1FB054630B9072123
:10D21C004C4B40F2B92221701A6073E755495648BD
:10D22C00FFF7B4FB054630B90821464B4FF42F727B
:10D23C0021701A6066E739685048FFF75BFB0546BA
:10D24C0030B905213F4B40F2BF2221701A6059E7DB
:10D25C0039683E48FFF74EFB38B91421394B40F280
:10D26C00C322002521701A604CE702214448FFF7C5
:10D27C0041FB05460028F0D0B36A69466FF07F4049
:10D28C0023F00603B362B36A43F00203B3624FF0B8
:10D29C0010137364FFF7D4FC9DF80D309B0743D536
:10D2AC00002841D0274E6946364894F800803768EC
:10D2BC00FFF7C6FC9DF8103003F00F03012B36D19D
:10D2CC00A8B34CF25030304C0523C4F8CC31C4F820
:10D2DC00D031C4F8BC31C4F8C031C4F8C431C4F87E
:10D2EC00C831FFF7EBF8002347F2B802C4F8CC3191
:10D2FC00C4F8D031C4F8BC31C4F8C031C4F8C4315E
:10D30C00C4F8C83141F2B803C4F8BC23C4F8C02334
:10D31C00C4F8AC23C4F8B0330123C4F8B423C4F864
:10D32C00B82389F80030EDE646F2A810CBE746F2B8
:10D33C00A81084F800803760C5E700BFF693002082
:10D34C00A9A700200CA2002000001A0800001A3720
:10D35C0040420F0000002C4030A2002000000902C7
:10D36C0000001A030000FFFF34A2002020A20020BE
:10D37C000000090910A200200000090A00001B0788
:10D38C0000001A06F1FFFF8000801F40A8A70020B4
:10D39C00AAA700200000304000000229374B5A6A2F
:10D3AC0092052DE9F0410F460DD49A6A22F4803291
:10D3BC009A6272B69A6A42F400329A629A6A42F49B
:10D3CC0080329A6262B602F049FA2C4EDFF8C480C1
:10D3DC00054604E002F042FA431B434537D8746A11
:10D3EC0014F40064F6D007F13C0C244807F50F77D1
:10D3FC00436A1B05FCD5ACF14003026A43F8042FC9
:10D40C009C45FAD10CF1400C6745F1D102F026FA9B
:10D41C001A4F1B4D0646DFF87C8004E002F01EFA22
:10D42C00831B43451DD83C6B2C40F7D03B6B154AF6
:10D43C00136013683B63136813F002031BD012686C
:10D44C00114B1A420CBF01200020BDE8F0810F499E
:10D45C001A250F4B40F2563220460D701A60BDE86B
:10D46C00F0810A491D250A4B40F2613220460D70AD
:10D47C001A60BDE8F0811846BDE8F08100002C4030
:10D48C0002007F113CA2002000007F11F6930020C7
:10D49C000CA2002040420F002DE9F047294B894691
:10D4AC00DFF8C0A0284ECAF8003002F0D7F9274D9B
:10D4BC000446DFF8B480264F06E002F0CFF9001BDB
:10D4CC00B84229D803F060FE31682846FFF712FAFB
:10D4DC000028F2D0D8F81030DB05EED500234FF43D
:10D4EC000072CAF80030D8F8283043F48033C8F8FA
:10D4FC002830184BC8F804201B78CBB14946164885
:10D50C00FFF7F8F930B915490C24154B40F2BD3230
:10D51C000C701A60BDE8F087104A0A210020104BED
:10D52C00117040F2B132CAF800001A60BDE8F08701
:10D53C004FEA492908484946FFF7DCF90028E9D1A8
:10D54C00E1E700BFE9A1000034A2002000001A0DA1
:10D55C0040420F00AAA7002030003A12F693002098
:10D56C000CA2002038A2002000002C402DE9F04134
:10D57C0000221D4C0D4642721146A36A1B4823F42F
:10D58C008033A362FFF7B6F940B919490924194B46
:10D59C0040F2D3320C701A60BDE8F081002DFBD044
:10D5AC00154B164E336002F059F9636A0746DA01DF
:10D5BC0016D4DFF84C8004E003F0E6FD636ADB016F
:10D5CC000ED402F04BF9C01B4045F5D9084A0A218C
:10D5DC000020084B117040F2D73230601A60DBE744
:10D5EC00002328463360D7E700002C400000DB0CFA
:10D5FC00F69300200CA20020FD9B000038A2002016
:10D60C0040420F000A4B1B7810B504461BB9637AD5
:10D61C0043B9012010BDFFF7CFF80028FAD0637A88
:10D62C00002BF6D020460121BDE81040FFF79EBF2D
:10D63C00ABA700202DE9F0410446007AADF5007D42
:10D64C00164610F0010513D093073CD0012338483F
:10D65C006A46FFF701FC00283AD04FF40072694685
:10D66C00304602F0A1F928460DF5007DBDE8F081A9
:10D67C00DFF8CC800F4698F80030002B35D1637A58
:10D68C00012B39D022682B49126A8A424AD198F868
:10D69C000020002A34D1002B39D139462046FFF71F
:10D6AC00FBFEE8B101236760637231462046FFF749
:10D6BC0075FEA8B1636805460133284663600DF515
:10D6CC00007DBDE8F08101231948FFF7C5FB38B98F
:10D6DC0019490B20194B4FF45D72002508701A6024
:10D6EC0028460DF5007DBDE8F081FFF765F80028B0
:10D6FC00F6D0637A012BC5D16268BA42C2D1D4E7A5
:10D70C00FFF75AF80028EBD0637A002BC5D0012123
:10D71C002046FFF72BFF0028BFD128460DF5007DD2
:10D72C00BDE8F081204690470028F6D0B5E700BF51
:10D73C0011003A1165AD0000F69300200CA20020F8
:10D74C00ABA700202DE9F041047AADF5007D0F4622
:10D75C00904614F001041DD012F0030F06D0684659
:10D76C0011464FF40072804602F01EF90123424626
:10D77C0039462C48FFF770FB044630B92A490D2076
:10D78C002A4B40F2114208701A6020460DF5007DBC
:10D79C00BDE8F081264D06462B782BBB737A022B05
:10D7AC0029D032682349126A8A4236D12A7832BB90
:10D7BC00002B2BD13368394630461B6E9847002816
:10D7CC00E3D0022377607372336841463046DB6DD9
:10D7DC0098470028D9D073680446013320467360FB
:10D7EC000DF5007DBDE8F081FEF7E6FF0028CCD0FA
:10D7FC00737A022BD5D17268BA42D2D1E4E7FEF724
:10D80C00DBFF0028C1D0737A002BD3D00121304626
:10D81C00FFF7ACFE0028B8D0CCE730469047002884
:10D82C00B3D0C7E701003A18F69300200CA20020F1
:10D83C00ABA7002065AD0000012102F075B800BF58
:10D84C0002F036B808B5034653F8040B93E806000B
:10D85C00F7F7A0FA08BD00BF84B00DF1100C0CE96D
:10D86C000E00024623B11846136004B0F8F7AABCA8
:10D87C00024B1846136004B0F8F7A4BC14890020BE
:10D88C000268D37C13B3D80704D5906A4FF0E0211B
:10D89C00C1F80001990704D5D06A4FF0E021C1F816
:10D8AC000401580704D5106B4FF0E021C1F80801B2
:10D8BC00190704D5506B4FF0E021C1F80C01DB06C1
:10D8CC0004D5926B4FF0E023C3F81021704700BFD2
:10D8DC000068F8F7C9BD00BF0268FF2312685366E1
:10D8EC00D36D13F4F81FFBD0506FC0B2704700BF5C
:10D8FC0030B50C4683B00546FF212046019206F058
:10D90C0025FC2868019B22462146F8F7A9FD00203A
:10D91C0003B030BD03681A685166D36D13F4F81F59
:10D92C00FBD0536F704700BF531EB3F5007F30B56B
:10D93C001446ADF5017D054611D36AB10368481E46
:10D94C001968821810F8013F4B66CB6D13F4F81F61
:10D95C00FBD090424B6FF5D10DF5017D30BD684683
:10D96C0002F022F86A46234628681146F8F778FD3B
:10D97C000DF5017D30BD00BF30B5037883B0DC07F9
:10D98C001DD50446406804F110020368E168019259
:10D99C005B6A9847019A0546A8B12378990708D580
:10D9AC006068D4E90231194403685B6A984750B146
:10D9BC00237823F001032846237003B030BD0125E2
:10D9CC00284603B030BD0025284603B030BD00BF4B
:10D9DC00F8B543680BB3C36804460F4615468B4233
:10D9EC0006D110F8103B05F003052B432370F8BD4E
:10D9FC00FFF7C2FF88B16B0705D504F1100630465E
:10DA0C000023E760EFE7606804F11006394603680D
:10DA1C0032461B6998470028F1D10020F8BD00BFA1
:10DA2C004FF0000C024B82F800C01B68184700BF77
:10DA3C0044A20020024A0349034B1160186070474E
:10DA4C0040A2002081B1000044A2002010B5044681
:10DA5C00808982B018B10023A38102B010BDD4E933
:10DA6C0001318B42F9D201AA184600F0B7F880B107
:10DA7C00019B6060B3F5803F01D298B2EDE7980A44
:10DA8C00C3F30903A0F52150A3F5105380B2A38171
:10DA9C00E3E74FF6FF70E0E7B1F5807F21D810295E
:10DAAC002ED840234FF0200CB2FBF3F1B1F5806F70
:10DABC0020D203FB112300B5B2FBFCFEB3FBFCF33D
:10DACC000CFB1E224FEA910CDBB201322CF03F0C06
:10DADC00C9B2037042EA0C028170D2B242705DF896
:10DAEC0004FB3F239C46802910D9B1F5FC7F0FD84D
:10DAFC001B01D9E7FF21FE23417003708170704731
:10DB0C00202916D880234FF0200CCDE7DB00CBE783
:10DB1C00B1F57C7F04D9B1F5FC6F03D89B01C3E749
:10DB2C005B01C1E7B1F57C6F94BFDB01C3EB032351
:10DB3C00BAE720239C46D6E77F28A2EB010205D842
:10DB4C0012B10A4602F8010B10467047B0F5006F8F
:10DB5C000FD2012A40D94FEA901C00F03F030A462D
:10DB6C006CF03F0063F07F0302F8020B10464B7021
:10DB7C007047B0F5803F16D2022A2DD9C0F3851C10
:10DB8C0000F03F03CA1C63F07F0300B54FEA103E60
:10DB9C006CF07F008B706EF01F0E4870104681F891
:10DBAC0000E05DF804FB032A16D94FEA904CC0F351
:10DBBC000532C0F3851300F03F0062F07F026CF079
:10DBCC000F0C63F07F0360F07F004A700A1DC87071
:10DBDC0081F800C08B70B7E70022B5E788423DD2D0
:10DBEC00034610B490F900001C7800282DDA04F0DC
:10DBFC00E000C02834D004F0F000E02834D004F069
:10DC0C00F800F02826D104F00704042018448842B8
:10DC1C0020D8013313F8011B01F0C00C01F03F01B7
:10DC2C00BCF1800F41EA841414D18342F2D1A4F1E7
:10DC3C0080010F4B99420DD8A4F55843B3F5006FF2
:10DC4C0008D314605DF8044B7047581C14605DF8E1
:10DC5C00044B704700205DF8044B70470020704760
:10DC6C0004F01F040220D1E704F00F040320CDE7D9
:10DC7C007FFF10007E283ED94FF0350C002330B4C6
:10DC8C00284C04E034F82120824220D80B46ACEB1F
:10DC9C000302012A03EB5201F4D89BB234F823207F
:10DCAC00904216D24B2400231F4D04E035F821205E
:10DCBC0082421ED80B46E21A012A03EB5201F5D818
:10DCCC009BB235F8232082421FD030BC70478C4663
:10DCDC00DDE704EB8304821AE3789A42E2DA94F9E2
:10DCEC000230012B16D0D3B19BB2034430BC98B296
:10DCFC0070470C46DFE7A0F16103192B8CBF0023A2
:10DD0C000123A0EB431398B2704705EB8305688899
:10DD1C0030BC704702F00102831A98B2D5E74EF27C
:10DD2C00A033E2E7C40400209803002038B5044671
:10DD3C0000680D4610B1102101F0D2FE102001F048
:10DD4C00CDFE2A460546682100F01AFA0121284624
:10DD5C002560BDE8384000F01DBA00BF0F2108B5A2
:10DD6C0000F002F9C0F3C01008BD00BF70B500236D
:10DD7C0084B0354D064648790C460979E278CDE9F0
:10DD8C000233A5FB00C3DB0803EB430300EB4300AA
:10DD9C008DF80900A5FB01032046DB0803EB4303C8
:10DDAC0001EB43018DF80A10A5FB0213DB0803EB12
:10DDBC00430302EB43028DF80B2000F0BBF9002863
:10DDCC003FD0A5FB0035ED0805EB450500EB450004
:10DDDC00C0B294F802C002A91B4B65788DF80C00F8
:10DDEC002078A3FB0C42D20802EB42020CEB420C53
:10DDFC00A3FB0542A3FB0043D2088DF80DC0DB0842
:10DE0C0002EB420203EB430305EB4205082200EB55
:10DE1C00430000238DF80E508DF80F00CDE9003330
:10DE2C000123306800F0D2F90F21304600F09CF845
:10DE3C0002460F21304602F07F0200F083F804B056
:10DE4C0070BD0720C5E700BFCDCCCCCC70B500228F
:10DE5C0086B007230C6805468DF810202046CDE9C6
:10DE6C00003204AB0122194600F040FA9DF815402F
:10DE7C009DF8161004F07F02C4F302149DF810C034
:10DE8C00A4EB84049DF811E0CCF302169DF812006B
:10DE9C0002EB44029DF814300C09A6EB8606A4EBA9
:10DEAC008404D2B201EB44010CF07F0404EB460471
:10DEBC00C9B2E4B201F5FA6102944FEA1E14A4EB64
:10DECC0084040EEB440E5FFA8EF401940409A4EB67
:10DEDC00840400EB4400C0B200901809A0EB800051
:10DEEC0003EB40032846DBB200F058F8284606B096
:10DEFC0070BD00BF012900B513D9114BA1F1020E61
:10DF0C004FF01F0C53FA8EFE01E013F801CF624460
:10DF1C00734592B2F9D1022903D9830701D1013299
:10DF2C0092B200EBC001C31C00EBC100C3F38D0324
:10DF3C0000EB8000013803441A4490B25DF804FBF6
:10DF4C006826006010B584B00024012300688DF8A9
:10DF5C000C1003A98DF80D200222CDE9004400F02D
:10DF6C0035F904B010BD00BF30B5012387B00025D2
:10DF7C0004461A468DF80F100DF10F01CDE900552E
:10DF8C00006800F023F9012305A920681A4600F067
:10DF9C0089F99DF8140007B030BD00BFB1F5FA6FD8
:10DFAC0010B59DF808409DF80CE09DF810C002D308
:10DFBC00A1F5FA6189B2017042708370C47080F867
:10DFCC0004E080F805C010BD00B585B08E468446CF
:10DFDC00086801AB496803C3BEF8081019809EF8A5
:10DFEC000A1099709DF80D30303BDBB2092B67D8C5
:10DFFC0003EB83035B00DBB29DF80E1030390B444E
:10E00C009DF8041041398CF8003012290ED8DFE845
:10E01C0001F0650D0D0A0D6E0D0D0D720D0D7D8649
:10E02C008A0D0D0D61000C238CF801309DF8083021
:10E03C00303BDBB2092B4BD803EB83035B00DBB229
:10E04C009DF809100DF1040E30390B448CF8023098
:10E05C0010685168AEE803009DF80430303BDBB229
:10E06C00092B33D803EB83025200D2B29DF8073050
:10E07C009DF80510303B3039DBB20A44092B8CF883
:10E08C00032021D803EB83025200D2B29DF80A3050
:10E09C009DF80810303B3039DBB20A44092B8CF860
:10E0AC0004200FD803EB83035B00DBB29DF80B203D
:10E0BC006046303A13448CF8053005B05DF804FB2B
:10E0CC00002399E70023F1E70022DFE70022CDE7E8
:10E0DC000023B5E709238CF80130A7E79DF806303B
:10E0EC00722B0CBF042308238CF801309EE702230B
:10E0FC008CF801309AE79DF80530612B17D09DF80C
:10E10C0006306E2B0CBF062307238DE79DF80630D7
:10E11C00722B0CBF032305238CF8013086E70B23ED
:10E12C008CF8013082E70A238CF801307EE701235A
:10E13C007AE700BF08B5827841780078FFF7DAFEFD
:10E14C00064B0630A3FB0023C21A03EB52039B08B9
:10E15C00C3EBC303C01AC0B208BD00BF254992244B
:10E16C0090F8A23090F8A3209A4205D95A1C034487
:10E17C0080F8A220987E70474FF0FF30704700BFA8
:10E18C004FF0000C42602022017080F808C0C26081
:10E19C00704700BF38B5044640680D460EF098FB3A
:10E1AC00012121720DB9084638BD2078626888407B
:10E1BC0082F8301182F82F1182F8A500606800F007
:10E1CC00ADF9B0FA80F0400938BD00BF2DE9F0413F
:10E1DC00079F15469846C3683A449A4216D8027867
:10E1EC00044643680E46520083F8A520012283F8AA
:10E1FC00302183F82F2167B1069B53B140683A4612
:10E20C00069903685B689847874202D00020BDE8F6
:10E21C00F081606831462A4603685B6898478542FE
:10E22C00F4D14146606800F079F9B0FA80F0400909
:10E23C00BDE8F0812DE9F843154606460F46D2B2EB
:10E24C000178406800F0EAF9854224D105B3002436
:10E25C00DFF84C90A04613E090F8A2C090F8A320F1
:10E26C0062450CF10102844418D980F8A2209CF874
:10E27C001A30013407F80830A4B2A542A04607D9D9
:10E28C007068026852694A45E6D09047C3B2F0E71D
:10E29C000120BDE8F8830020BDE8F883FF23E8E700
:10E2AC00C1B8000002B32DE9F04106460F4698466E
:10E2BC001546002401E0A54213D92A1BF36839192D
:10E2CC0030469A4228BF1A46AB1AA3428CBF002391
:10E2DC0008F001031444FFF7ADFF0028EBD1BDE8B3
:10E2EC00F0810120BDE8F081012070472DE9F0415B
:10E2FC00002482B01F4606469DF82430089DCDE9C7
:10E30C000044FFF763FF28B94FF00008404602B005
:10E31C00BDE8F081804615B9F8E7A542F6D92A1B6D
:10E32C00F368391930469A4228BF1A46AB1AA342F1
:10E33C0014448CBF00230123FFF77CFF0028ECD191
:10E34C00E2E700BF90F8A32090F8A200101A7047E3
:10E35C0090F8A23090F8A3209A4202D91844807EFB
:10E36C0070474FF0FF307047704700BF0346B0F85E
:10E37C00300178B193F82F21882A03D9012200208B
:10E38C005A60704702F1010C01201A4483F82FC126
:10E39C0082F8A510704700BF38B5B0F830410CB901
:10E3AC00204638BD90F82F310546C3F18904A242AE
:10E3BC000DD8144605F1A5002246184401F0F4FAD4
:10E3CC0095F82F312046234485F82F3138BD012292
:10E3DC004260EFE72DE9F04FD0F814A01524017E30
:10E3EC008146437E83B00AEB0111384A0AEB0313D2
:10E3FC00374F097A93F8283002EB01150901E868C8
:10E40C0052F8018002EB0311D5F804B01B01CE6861
:10E41C00D558CBF80040C8F88400D8F804304A68C6
:10E42C0003432C490192C8F804301460C5F8846089
:10E43C006B6833436B60284B4C683A68A3FB023221
:10E44C00920C02EB820252004B681B1B9A42FBD8C7
:10E45C004FF0090C1F4ADFF880E0D8F8083003426F
:10E46C0002D0AB6833422FD1C5F888605468396844
:10E47C00AEFB0131890C01EB810153681B1B9942E6
:10E48C00FBD8C5F8846054683968AEFB0131890C3F
:10E49C0001EB810153681B1B9942FBD8BCF1010CA9
:10E4AC00DBD1604699F81830019A0AEB0313DB684C
:10E4BC00CBF8003099F819300AEB031ADAF82C3043
:10E4CC00136003B0BDE8F08F0120EBE7E07A002089
:10E4DC0010890020001000E083DE1B430E4A10B5AB
:10E4EC001168046905E0DB0107D413685B1A102B73
:10E4FC0008D8636913F0007FF5D14FF4FE43012077
:10E50C00636110BDFFF766FF0028FAD04FF4FE439D
:10E51C0001206361F5E700BF74A700202DE9F047E7
:10E52C0090F82FA10569BAF1000F4FD081468846AB
:10E53C00FFF7D4FF002849D0374E0024376818E085
:10E54C006B69190551D4DA0455D4580559D499047A
:10E55C0041D43268D21B322A3DD8544507D9EA6DD2
:10E56C00520704D19B0555D4B8F1000F52D002F0DC
:10E57C000BFE5445E4D8EA6D500702F00703DFD4D4
:10E58C0013E099F8A5200133022442F48062042B95
:10E59C002A661ED08A4503F1010309EB01020ED94C
:10E5AC0092F8A520042B2A66CAD00121002CE8D0B1
:10E5BC002146013301348A4509EB0102F0D8B8F148
:10E5CC00000FBDD04FF400732B66B9E70420BDE8F3
:10E5DC00F0870124B4E72B694FF40072042043F454
:10E5EC0040732B612A66BDE8F0872B69042043F445
:10E5FC0040732B61EBE72B69052043F440732B61CF
:10E60C00E5E72B694FF40072022043F440732B6151
:10E61C002A66DCE70020DAE774A700202DE9F84F22
:10E62C0083460C4615461F46D0F810A0FFF756FF40
:10E63C00002800F09E806100012DDFF83C8140F243
:10E64C000146CBB24FF0000138BF0125D8F800903D
:10E65C000C461E43ABF8A21020E09BF8A330872B8E
:10E66C003FD9DAF8142010055AD412F4105F70D187
:10E67C00D8F80030A3EB0903322B6AD89BF8A330EF
:10E68C00AB4209D3022C07D9DAF85C30590703D115
:10E69C0093054BD4002F49D002F076FD022CDCD828
:10E6AC00DAF85C3003F007025B07D6D4681E22440C
:10E6BC0040F480704CB9CAF860600134131B032B12
:10E6CC00CBD8022CC9D8002CF5D0012C37D01FB1D7
:10E6DC004FF40073CAF860309BF8A3300324872BE7
:10E6EC00BFD8DAF85C2012F4E02FC2F3024CB8D099
:10E6FC00591C9C441933C9B25FFA8CFC5BFA83F346
:10E70C00DAF870004A1C61458BF8A310D1B203F8FB
:10E71C00010FA6D08929F3D1DAF814201005A4D55D
:10E72C00DAF8103043F44073CAF81030DAF85C3081
:10E73C0013F4E02F06D19BF8A300BDE8F88FCAF8BC
:10E74C006000BAE7DAF8103043F40073CAF81030FE
:10E75C00F1E7DAF810304FF4007243F44073CAF862
:10E76C001030CAF86020DAF85C3013F4E02FE2D0F5
:10E77C00E8E70420BDE8F88F74A70020F8B5066917
:10E78C000446D6F8145115F4706301D0C6F8143150
:10E79C00A8070BD5D6F8702111043DD50023012113
:10E7AC0084F8A230234484F8A3109A76EA0710D593
:10E7BC0094F83071F7B194F82E7194F82F31BB4264
:10E7CC0026D97B1C274484F82E3197F8A530C6F83F
:10E7DC006031AB050DD594F8A30018B1D4F83C31D9
:10E7EC0003B198470023A4F8A230A4F82E3184F882
:10E7FC003031F8BDD4F8383103B19847002384F890
:10E80C002E31012384F8303194F82F31BB42D8D803
:10E81C000023C6F86031DCE794F8A330872BC5D809
:10E82C00591CC9B2BEE700BF0148FFF7A7BF00BF24
:10E83C00D48900200148FFF7A1BF00BF148B002032
:10E84C000148FFF79BBF00BF548C00204FF0E02322
:10E85C004022C3F808227047F8B5144B144D1C68BD
:10E86C006E689CB1237A20466BB123686F681B6875
:10E87C0098476B68E188DB1BC3F38F12B1EB931FD6
:10E88C00A28038BFE2806469002CEBD1084B094AA6
:10E89C005B6810889B1B084CC3F38F11B0EB931F64
:10E8AC00218038BF1180BFF34F8FF8BD4CA20020E0
:10E8BC00001000E098A7002096A7002003681847D6
:10E8CC000B680360704700BF0B680360704700BFA4
:10E8DC00704700BF30B472B6244D254C2A8804F121
:10E8EC00700104EB82038B423CD204F16F01501C8B
:10E8FC00C91A00EB910002E00132824232D09C46F0
:10E90C0053F8041B0029F7D0B1FA81F04FF0004303
:10E91C00C34021EA0301CCF8001001B90132154BB8
:10E92C002A801A88013291B2198062B6ACEB040CC1
:10E93C0041F67C73C0EB00644FEAAC0CC0EB841066
:10E94C0001240CEB8C1C03EBCC1303EB80030A4867
:10E95C000068C4541844094B1C88944230BC38BF1E
:10E96C001980704762B6002030BC70479AA700200F
:10E97C0050A2002092A7002048A2002094A70020BB
:10E98C00428872B60378012B03D9013B037062B63F
:10E99C007047D14353090B484FF0004201F01F015F
:10E9AC00CA4050F823100A430749B1F800C040F898
:10E9BC0023209C45054A88BF0B801388013B13809C
:10E9CC0062B6704750A200209AA7002092A70020A0
:10E9DC00C36813B91DE0DB68E3B1187A9042FAD131
:10E9EC0010B4586893F809C0006950F82C4054B121
:10E9FC00DB682BB1187A9042F3D0DB68002BF9D18D
:10EA0C005DF8044B704740F82C1008780130087002
:10EA1C00EEE77047704700BF437A8B4206D9036913
:10EA2C00002253F8210043F8212070470020704742
:10EA3C0000220449C0E90022028102740A680860BD
:10EA4C00C2607047C0A20020037CFBB9036801467A
:10EA5C00FBB14368EBB1427A5B7A9A421CD230B478
:10EA6C0072B62B4B1C68ECB1E368C3B1486801E08B
:10EA7C00DB68A3B15A688242FAD193F809C04A7A8A
:10EA8C009445F5D162B6042030BC7047012062B6C3
:10EA9C007047032062B67047022062B67047646903
:10EAAC00002CE1D11B4C236843B1994202D10BE0FD
:10EABC00994207D01A46DB68002BF9D1052062B6C3
:10EACC0030BC704702F10C040D68E868E8B1C3680B
:10EADC001BB908E0DA683AB1134681421846F9D1FD
:10EAEC0062B60620D0E70346D960CB6800202360CD
:10EAFC000123C860AA7A2B721A44AA724A68947AC3
:10EB0C0013721C4494720B74D9E7E960EDE700BFF3
:10EB1C004CA20020C0A2002010B5047C9DF808E097
:10EB2C000CB1012010BD027280F809E0C0E900139D
:10EB3C00BDE81040FFF788BF38B5037C002B36D0FA
:10EB4C0043680446427A5B7A9A4238D272B60168BC
:10EB5C00CB68002B2DD0984233D01A46DB689C42F0
:10EB6C002AD0002BF9D16268607A136953F820001F
:10EB7C0048B1FFF705FF72B662680025607A136929
:10EB8C00216843F820508B7A013BDBB28B7203B9BE
:10EB9C000B72937A013BDBB2937203B913720A4B7B
:10EBAC0000201A6820741C60E26062B638BD012037
:10EBBC0038BD62B6032038BDE368D360D3E70220CA
:10EBCC0038BDC368CB60CEE7C0A2002010B50446A8
:10EBDC00FFF7B2FF094A136843B19C4202D108E027
:10EBEC009C4205D01A46DB68002BF9D1204610BD9B
:10EBFC000C32E3682046136010BD00BFC0A2002099
:10EC0C000C4B1A789AB90C4A0C4910B4C2F858112A
:10EC1C000B48D02401224FF0E02180F846404024DC
:10EC2C001046C1F808415DF8044B1A70704700207B
:10EC3C00704700BFADA7002000940020B9BF0000B2
:10EC4C0000E400E030B472B621B9036813B1027964
:10EC5C000F2A3BD9244C2188002341FA03F212F0ED
:10EC6C00010208D00133102BF7D162B600220371D8
:10EC7C00026030BC70474FF0010C0CFA03FC41EA07
:10EC8C000C01218062B619495FFA83FC184C1944B7
:10EC9C0080F804C04B01E16F41F0C001E16740F224
:10ECAC00824414490C6081F81AC081F81EC081F8A6
:10ECBC0018C081F81FC0036030BCC3E90022C3E94F
:10ECCC000222C3E90422C3E906227047064C2188BC
:10ECDC0041FA02F5ED07BFD5044D1544B3EB451FC2
:10ECEC00BAD162B6C5E700BFA0A7002080740002AD
:10ECFC0000C00F4000800E4003790F2B11D8094A39
:10ED0C00937672B60849012290F804C00B8802FA77
:10ED1C000CF223EA02030B8062B61022002302716C
:10ED2C000360704700800E40A0A70020EFF3108214
:10ED3C0072B6437F5BB9017F012930B40BD0032934
:10ED4C0013D00123437702B962B630BC70470AB9BD
:10ED5C0062B670477047124C2168B1B111494361DA
:10ED6C000B68086083615861EBE70F4D0F492C6805
:10ED7C008CB143610B68836158614FF0E0234FF015
:10ED8C0080540860C3F8044DDBE7064B2060186024
:10ED9C00C0E90511D5E7C0E905442860EDE700BFDF
:10EDAC0030A300203CA3002038A3002034A3002073
:10EDBC0070B5EFF3108272B60C4C206880B10C4E1B
:10EDCC0000254369236073B19D6102B962B6836803
:10EDDC0045779847EFF3108272B620680028F0D17F
:10EDEC0002B962B670BD3360EFE700BF38A30020F4
:10EDFC0034A30020FFF7DCBF0449054A4968054BE2
:10EE0C001960136801331360704700BF001000E0F5
:10EE1C0074A7002070A70020014802F0EFBC00BFCF
:10EE2C0074890020704700BF704700BF704700BF57
:10EE3C00704700BF70B51A4C1A4D2368AB4202D014
:10EE4C00194AD16829BBA369AB4202D0164AD169D1
:10EE5C00C9B9236BAB4202D0134AD16A69B9A36C0E
:10EE6C00AB4209D0104AD16B31B101211B680F485C
:10EE7C00D163BDE87040184770BD01211B680C4878
:10EE8C00D1629847EBE701211B680A48D16198478A
:10EE9C00DFE701211B6804F10800D1609847D2E735
:10EEAC00C096002010090020004108401097002057
:10EEBC00F8960020E096002038B5064CA4F16005C9
:10EECC0054F8083C2046183CDB689847AC42F7D114
:10EEDC0038BD00BF1097002003682DE9F0410446AF
:10EEEC0088B01746002B4BD000229A600122DA60C2
:10EEFC00304D04A8DFF8E0801D4451F8083B2D117B
:10EF0C0002935B6805EB45069847F60006F108008E
:10EF1C0058F806304044DB6801909847264A04A90B
:10EF2C00DDE90103029248F806309B689847029B82
:10EF3C0004A8DB6898472368032220481F609A6066
:10EF4C001F4A23791F4C535513785178C0F8284227
:10EF5C008B4228BF0B469178D2788B4228BF0B4648
:10EF6C00934228BF1346184C4FF0E0224FF08061BB
:10EF7C00012084F87A30C2F80C1108B0BDE8F08199
:10EF8C00124AD36E43F44053D3660122104B1A60DD
:10EF9C00104A13460260403298680028A8D01033FB
:10EFAC0093422360F8D100231846236008B0BDE8D3
:10EFBC00F08100BF00BFF7BF1009002000940020B3
:10EFCC00F48D002095C5000000E400E000C00F4067
:10EFDC000040084000410840C096002010B4064B89
:10EFEC000020064C064A1C609C611C639C6405490D
:10EFFC005DF8044B02F0D4BCC09600201009002030
:10F00C00008E002019C60000084602F029B800BF87
:10F01C00012A70B508BF0A228AB091B34FF0210EB5
:10F02C0001E05FFA86FE0EF1FF36B1FBF2F502FB52
:10F03C0015145FFA84FC092C0CF137040CF1300C1C
:10F04C0098BF5FFA8CF40EF1280C88BFE4B29142A1
:10F05C00EC4429460CF8244CE3D24BB10EF1FF3EA4
:10F06C002D225FFA8EFE0EF128036B4403F8242C3C
:10F07C00036801A9CEF122025B68714498470AB07B
:10F08C0070BD30224FF0210E8DF82520E5E700BF32
:10F09C002DE9F0410C46D1B1EAB180468E1800251D
:10F0AC000E4F04E001F0DCFFB44205440CD0D8F85C
:10F0BC00003014F8010B1B68BB42F3D001464046EC
:10F0CC009847B4420544F2D12846BDE8F0810D467C
:10F0DC002846BDE8F0811546F6E700BF69C7000079
:10F0EC00002903DB00230A22FFF792BF49422D239C
:10F0FC000A22FFF78DBF00BF00B5036883B040F64E
:10F10C000D2C022201A95B68ADF804C0984703B02E
:10F11C005DF804FB054B022888BF034610B41C683D
:10F12C00184663685DF8044B184700BF64890020DB
:10F13C005AB90368C9B2074A1B68934200B506D195
:10F14C0008465DF804EB01F08BBFFFF761BF5DF87B
:10F15C0004EB184769C70000B4EE400B70B5F1EE34
:10F16C0010FA05462DED028B86B07CD6B0EEC07B36
:10F17C009FED476BB4EE467BF1EE10FA6BDC9FED26
:10F18C00467BB4EEC70BF1EE10FA5ADC9FED447BD4
:10F19C00B4EEC70BF1EE10FA53D4B5EEC00B0C461F
:10F1AC00F1EE10FA5BD40023B6EE007B002C5ED09F
:10F1BC004FF0000C9FED3C6B0CF1010C27EE067B25
:10F1CC005FFA8CF2A242F7D330EE070B0A222846E4
:10F1DC00FCEEC07BB8EE678B17EE901A30EE488BC6
:10F1EC00FFF716FF0F2C4FF02E03B2EE046B064602
:10F1FC0028BF0F248DF808300DF1090302AA611EF7
:10F20C0053FA81F128EE060BFCEEC07BCDED017AB2
:10F21C009DF8043007EE903A3033B8EEE78B02F8E5
:10F22C00013F914230EE488BECD12B68013402A99E
:10F23C0028465B68E2B29847304606B0BDEC028BBC
:10F24C0070BD2B6803221A495B6806B0BDEC028BBB
:10F25C00BDE870401847036803221649F4E7B1EE85
:10F26C00400B0123A0E7036803221349ECE730EEBF
:10F27C00070B0A222846FCEEC07B17EE901A06B04C
:10F28C00BDEC028BBDE87040FFF7C2BEAFF300804F
:10F29C00FFFFFFFFFFFFEF7F000000E0FFFFEF41EC
:10F2AC00000000E0FFFFEFC19A9999999999B93F35
:10F2BC000C09002008090020040900204D4A2DE902
:10F2CC00F047A2FB004340F26D1A4B4F5B09DFF88D
:10F2DC003881DFF83891A2FB0342C3EB03145209C7
:10F2EC00A0EB8400454CC2EB02150870A3EB850320
:10F2FC00A4FB025424094B70414B251D04EB440024
:10F30C00A2EBC002A3FB050300208A70EA1A03EBF0
:10F31C00520302469B08C3EBC303ED1ACD705FFA90
:10F32C0080FE40F26D1C0EF2B27313F0030507FB66
:10F33C0003F608D1B8EBB60F4FF4B77C03D3B9EB97
:10F34C00361F38BFD446624401309442E7D20EF1E6
:10F35C00460E2C4E81F806E0A6FB030685B3770912
:10F36C004FF0640C4FF4C870F6090CFB173700FB18
:10F37C00163640F26D10A41A00230122DFF890E03B
:10F38C0020440AE013F80E4084420ED80C2AA0EB5D
:10F39C0004000BD001320133D2B2012B5FFA83FC93
:10F3AC00F0D145B9CFB11D2406E0624601304A7157
:10F3BC000871BDE8F0871C24A04218D3001BE9E7B4
:10F3CC0064207709F60900FB17374FF4C87000FB6F
:10F3DC0016363FB14FF4B770CDE7002E14BF1C2486
:10F3EC001D24E9E7002EC4D14FF4B770C3E7012206
:10F3FC00DCE700BF89888888295C8FC2ABAAAAAADF
:10F40C00254992241F85EB51285C8F020AD7A30053
:10F41C00980500201C2849D8F8B5254F04463B78A0
:10F42C00E3B9244B1B5DFF2B29D0234A02EB0412BA
:10F43C0091680A6802F44050B0F5805F30D01C0629
:10F44C001FD41E4C2360236AD80704D401F09CFE01
:10F45C00236AD907FAD5194B586AF8BD174D184EBF
:10F46C0001E001F091FEAB6C1B06FAD4B36C13F007
:10F47C008003F6D13B700F4B1B5DFF2BD5D10020C9
:10F48C00F8BD0F4C03F07F032360236ADA0704D422
:10F49C0001F07AFE236ADB07FAD5094B586AF8BDEE
:10F4AC0022F480521C060A60EBD4CAE70020704795
:10F4BC00B3A70020947D0020E07A002000400C408F
:10F4CC0000800C40A249A34B88422DE9F047A24C86
:10F4DC005E699A69D4F80C801BD9A04B984240F213
:10F4EC000281C31A9E491B0AA1FB031340F2276138
:10F4FC00DB0903EB830303EB830303F2E2438B424D
:10F50C0028BF0B46A3F54877964BA3FB0737FF089C
:10F51C0004E0954FB8428CBF0E2706278D4908F0A2
:10F52C001F09D1F88030B94543F0C003C1F88030D1
:10F53C000CD228F01F08A1F5F82148EA0708C1F8F9
:10F54C000C800B68002BFCDA08F01F0916F0007316
:10F55C0024D186490C698649A14300F0EA8082F4E3
:10F56C00805134464FF4805514F0605F04D026F07F
:10F57C0060561E43774B5E6111F4405F07D022F456
:10F58C00405274492A438A618B6C1A07FCD446F0AA
:10F59C000076704A5661936C9B06FCD4754CA04265
:10F5AC0000F2CE804FF0010C0146634603FB0112C2
:10F5BC0003F1010E0CF10105A24218D8BEF1080F9F
:10F5CC004FF0010340F08D80BCF1040F00F29180EC
:10F5DC000A18A24200F2A48005FB00F1AC4603F12C
:10F5EC00010E03FB01120CF10105A242E6D90CF14C
:10F5FC00FF318C0286EA81215F4810445F4A9042B9
:10F60C007FD9DFF8A4A16C225D48584DB0FBFEF009
:10F61C00D5F800E0B0FBFCF0DFF890C10EEA0C0C62
:10F62C00D44509D042F400524FF4805CC5F800C0B8
:10F63C002A602A68002AFCDA464A156905F0070593
:10F64C009D4203D01361936CDD03FCD411F4E05F95
:10F65C0009D026F4E05604F4E0543E4A26435661A1
:10F66C00936C9907FCD44749474A014491423CD8D2
:10F67C00464BC909A3FB0131090B4B1E1B0286EA41
:10F68C00030212F4407F06D026F4407603F4407354
:10F69C00304A334353612F4A536923F0007353614B
:10F6AC00936C9B06FCD43A4B4F45A3FB00234FF0C5
:10F6BC00FF324FEA9343B0FBF1F1B2FBF3F3354A5F
:10F6CC001060354A1160354A136008D228F01F08C3
:10F6DC00214A48EA0707D7601368002BFCDABDE81B
:10F6EC00F087734662E7122718E74FF44073042142
:10F6FC00C5E70CF1FF31204807238C02104486EA41
:10F70C008121274ADFF8A8A0A2FB0020020D254882
:10F71C00362A38BF362202FB00F042EA0A0A74E7A6
:10F72C004FEA8C24002386EA8C214FF0010EAC4664
:10F73C0062E71D4686F0C05411464FF0C05313E7E4
:10F74C0000244FF0010C024631462346E64653E7AF
:10F75C0000A4781F00C00F40000008400046C323DF
:10F76C0023B24C001F85EB5100366E0100800D401A
:10F77C0040300080FFB19F26808D5B00FF7EF64DF0
:10F78C0000643F4D7FD1F0087F17B42C9F10E5002B
:10F79C0083DE1B43108900200C8900206CA70020FD
:10F7AC00819F5E16001BB7006C2000807F300180AB
:10F7BC000020008000B970472DE9F84F01218146E7
:10F7CC00214C224D224E54E8003F2A68306844E810
:10F7DC000013002BF7D11F494B684FF47A7BDFF8ED
:10F7EC0078A01B1A01270BFB02F8DAF80020A3FB08
:10F7FC0002325A4594BF9044D84454E8003F2A68DA
:10F80C00306844E80073002BF7D14B68DAF800C07D
:10F81C001B1A0BFB02F2A3FB0C3CBCF57A7F94BFCA
:10F82C00624402F57A72A2EB0802B2F57A7F06D333
:10F83C00B9F1010908F57A78DFD1BDE8F88F01F04C
:10F84C00A3FC0449D9E700BF78A7002074A70020C7
:10F85C0070A70020001000E06CA7002030B40F4B04
:10F86C004FF0010C0E4D0F4C53E8002F2868216807
:10F87C0043E800C2002AF7D10B4B5B680B4A5B1ABA
:10F88C004FF47A71126801FB00F0A3FB023230BC1A
:10F89C008A4294BF80184018704700BF78A7002098
:10F8AC0074A7002070A70020001000E06CA70020B7
:10F8BC00272816D80201104B03EB00109B5810B4EC
:10F8CC00C2685C68144205D061B95DF8044BC3F89A
:10F8DC0088207047836851B1084A5DF8044B1A6060
:10F8EC00704770475DF8044BC3F884207047044A96
:10F8FC005DF8044B1A607047E07A002038F0010084
:10F90C003830010027280BD8064B020103EB0010FE
:10F91C009A58C36892681A4214BF0120002070479D
:10F92C0000207047E07A0020272829D8164B0201C6
:10F93C00012903EB00109A5810B45368C4680ED018
:10F94C0004290CD023EA040353608368A9B102296B
:10F95C0017D003290CBF0D4A0D4A1A6007E0234348
:10F96C0001295360836808D040F638021A60436856
:10F97C0015225DF8044B1A60704738221A60F6E7BE
:10F98C007047044A1A60F2E7E07A00203830010030
:10F99C003800010038F0010008B5F4F723FFF4F744
:10F9AC0027FF01F0F1FBFAE7844641EA000313F06C
:10F9BC0003036DD1403A41D351F8043B40F8043B6A
:10F9CC0051F8043B40F8043B51F8043B40F8043B2D
:10F9DC0051F8043B40F8043B51F8043B40F8043B1D
:10F9EC0051F8043B40F8043B51F8043B40F8043B0D
:10F9FC0051F8043B40F8043B51F8043B40F8043BFD
:10FA0C0051F8043B40F8043B51F8043B40F8043BEC
:10FA1C0051F8043B40F8043B51F8043B40F8043BDC
:10FA2C0051F8043B40F8043B51F8043B40F8043BCC
:10FA3C0051F8043B40F8043B403ABDD2303211D36C
:10FA4C0051F8043B40F8043B51F8043B40F8043BAC
:10FA5C0051F8043B40F8043B51F8043B40F8043B9C
:10FA6C00103AEDD20C3205D351F8043B40F8043B6C
:10FA7C00043AF9D2043208D0D2071CBF11F8013B6A
:10FA8C0000F8013B01D30B8803806046704700BF30
:10FA9C00082A13D38B078DD010F003038AD0C3F13F
:10FAAC000403D21ADB071CBF11F8013B00F8013B21
:10FABC0080D331F8023B20F8023B7BE7043AD9D3E0
:10FACC00013A11F8013B00F8013BF9D20B780370B5
:10FADC004B7843708B7883706046704702F002BCA1
:10FAEC0002F008BC01F1FF3C70B56646002400E052
:10FAFC000134B0FBF2F502FB1503092B03F1370EB1
:10FB0C0003F130035FFA8EFE98BF5FFA83FE9042DA
:10FB1C00284606F801EFEBD2631C0022C818CA5421
:10FB2C007CB162461CF8015F10F8016DA1EB0C036F
:10FB3C0002328CF80060013B521A057023449A4241
:10FB4C00EFDB084670BD00BF4FF0010C0CFA01FC56
:10FB5C0001EB410100EB411170B5B1F80EE01FFA59
:10FB6C008CF5254C1FFA8EFE24782E010EFB0333E8
:10FB7C0006F0F006E340B0F888417345A4B228BF04
:10FB8C0073463443012AA0F888410DD0022A28D0AC
:10FB9C00C2B10CF00F02B0F888C11FFA8CFC4CEA11
:10FBAC00020CA0F888C170BD9BB20CF00F022D02A4
:10FBBC00CB82B0F8803105F470659BB22B43A0F872
:10FBCC008031E8E7AEEB030E0CF00F021FFA8EFE4D
:10FBDC00A1F80AE0B0F880319BB21343A0F8803151
:10FBEC00D9E79BB20CF00F02CB83B0F880319BB2FB
:10FBFC001E43A0F88061CEE7F793002027284BD84E
:10FC0C00F8B52A4D044615F8202005EB8005012A8D
:10FC1C002DD0022A3FD16B78C3F3011003283ED0BC
:10FC2C00234A02EB803203F0030C224889B263466C
:10FC3C0002EB4C1C0678BCF806E05801BCF81030FE
:10FC4C001FFA8EFECEF1011E1EFA83F303F1FF3E66
:10FC5C000EFB01F1F1408E4523D95B1AC3F1010370
:10FC6C009BB289B20244ACF8063011820DE06A787E
:10FC7C00C2F30113032B10D00F4800EB83308BB26F
:10FC8C0002F00301AA78FFF75FFF0C4BEA7803EB55
:10FC9C0004135B681A60F8BD70470948EFE7094A1E
:10FCAC00C1E7991E4FF6FF73DBE700BFB07D002064
:10FCBC0000C01D40F793002000C03D40E07A0020BA
:10FCCC0000803E4000801E4000230F2248F2B82CDA
:10FCDC00194610B54FF470444FF4806EA0F88C4167
:10FCEC004FF46044A0F88E210A46A0F89031B0F889
:10FCFC0088319BB243F0F003A0F8883101EB41034B
:10FD0C00013100EB431304299C80A3F806E05A84CC
:10FD1C001A865A805A81A3F80EC05A82DA825A8304
:10FD2C00DA83EBD1B0F888319BB243F00F03A0F823
:10FD3C008831B0F888319BB243F47063A0F88831F5
:10FD4C0010BD00BF374B384A996F384841F47F01DA
:10FD5C0070B5996741F20106D3F8801045F6C0558D
:10FD6C0043F226040A43C3F88020FFF7ADFF00F5E9
:10FD7C008040FFF7A9FF00F58040FFF7A5FF00F5D5
:10FD8C008040FFF7A1FF0022A0F503104FF00F0EEB
:10FD9C00114600EB42134FEA421C01329981042AAE
:10FDAC005981A3F80EE09E82DD8020F80C10198298
:10FDBC009C81EED100221E484FF00F0E41F201063D
:10FDCC00114645F6C05543F2260400EB42134FEAA8
:10FDDC00421C01329981042A5981A3F80EE09E82BB
:10FDEC00DD8020F80C1019829C81EED10022114884
:10FDFC000F2641F20105114645F6C05443F2260E7A
:10FE0C0000EB42134FEA421C01329981042A5981BA
:10FE1C00DE819D82DC8020F80C101982A3F80CE0A6
:10FE2C00EED170BD00C00F40000003FC00C03D408F
:10FE3C0000001E4000401E4010280346044A28BF04
:10FE4C0010231078012B38BF01231370704700BFAB
:10FE5C00F7930020074A506A936A19468446506A01
:10FE6C00936A9942F9D18445F7D1DB0B43EA4040C0
:10FE7C00704700BF00400D4072B6EFF30583524C43
:10FE8C00C4F884301EF0040F0CBFEFF30882EFF3BC
:10FE9C0009824FF0E0234D4E4D4DD3F8280DD3F889
:10FEAC002C1DC4E92201D3F8341DD3F8383DC4E924
:10FEBC0024139369C4F89830D369C4F89C3000F0CB
:10FECC00D3F884ED280AFFF7C5FF0B214FF0FF3262
:10FEDC00C4F8A4000B46C4F880103E49301D5A40AB
:10FEEC00202402F00103013C01FB03F383EA5202DC
:10FEFC00F7D1A84202D073680646EFE7324BC3F83D
:10FF0C00A820BFF34F8F4FF0E0233049324AC3F89B
:10FF1C00701FC3F8702FBFF34F8FBFF36F8F2F4A33
:10FF2C0002252F48D36E2F4943F44053D366056006
:10FF3C00D3692D4823F07F0343F04003D3610B6852
:10FF4C0083423DD8264D00214FF0E0234FF0FF3285
:10FF5C0029600126C5F808112449C5F80011C5F817
:10FF6C000861C3F88021C3F88421C3F88821C3F841
:10FF7C008C21C3F8902101E000F068F9D5F80C3120
:10FF8C00002BF9D00134C5F80C614F2CF4D9184B67
:10FF9C00022018494FF00042C1F840015A63D5F8CD
:10FFAC000C313BB9144815490D4A0163D2F80C3198
:10FFBC00002BFAD04FF0E023114AC3F80C2DFEE7CA
:10FFCC00FFF780FABEE700BF00FF272080FF272045
:10FFDC00A8FF27202083B8EDA0FF272000C00F40EA
:10FFEC000040084010890020803DCD0B009F24006C
:04FFFC0000900D4024
:02000004600199
:1000000000002E4000800F40F100AD0B0400FA0507
:100010000A490A6838B108B513180948834204D858
:1000200010460B6008BD1046704704F031FA0C23EF
:100030004FF0FF320360104608BD00BFFC8D00206A
:1000400000002820002070474FF0FF30704700BFAD
:100050004FF4005300204B60704700BF01207047F1
:100060004FF0FF30704700BF30BFFDE730BFFDE706
:10007000FFF708BF124AD2F880305B07FBD5D2F8F1
:1000800080301048C3F30B230F4990ED007A07EE40
:10009000903A91ED006AB8EE477A0C4AF8EEE77AAA
:1000A0000B4BD2ED006A77EEC77A93ED007AB8EE8B
:1000B000477A67EE867A87EEA60A37EE400A7047DF
:1000C00000810D405CA7002064A7002068A70020E5
:1000D00060A70020836BF0B41BB1536843F4004366
:1000E000536072B6446B3CB31A4B2260D3F8B041F4
:1000F0000C421DD1184E776804E07468E41BB4F517
:10010000166F0BD2D3F8404144F48044C3F8404109
:10011000D3F8B851D3F840416404EED50D4007D16F
:100120000C4CC0E90225D4F8B0310B43C4F8B0310F
:10013000426362B6F0BC7047064DC0E90224D5F8B0
:10014000B0310B43C5F8B0310263426362B6F0BC14
:10015000704700BF00002E40001000E070B5056B36
:100160009DB106462A46002403E012680134012AA4
:100170000CD0536813F08003F7D032632CB12846BB
:10018000B36B2D689847013CF9D170BDC6E90C33BB
:10019000F4E700BF30B4D9B91F4C204B0021204AEE
:1001A00001254FF0011099601D60C4E902318024DF
:1001B0005C60C2F8BC01D2F8B0311A482B43C2F8D7
:1001C000B0310160D2F8B031002BFBD130BC7047A8
:1001D0000904154B104C012541F080019860104A2C
:1001E000596000F580511D60D96000F50051A3648D
:1001F000196100F5405100F5804059610021986176
:10020000E164D2F8B03143F48033C2F8B031D2F8AF
:10021000B031002BFBD1C0E7000000202097002068
:1002200000002E4000A7002040970020084901222E
:100230000B7802FA00F023EA0000087030B9054A92
:10024000D2F8483123F08003C2F84831704700BF2C
:10025000B6A7002000002E402DE9F04F974C83B048
:10026000D4F84471FB07C4F8447153D5D4F8AC21D9
:10027000002A4AD0924EDFF860A2DFF87492DFF8CD
:1002800074B2DFF87482C4F8AC21D6E90A20D4F83D
:10029000403143F40053C4F84031D4F840319D0458
:1002A000F5D5D4F8403123F40053C4F840314FF071
:1002B0000113C4F8B431D4F8B45115F00115FAD1D2
:1002C00093B28446CAF80050B3F5086F00F0CF81AE
:1002D00000F2DB8040F202318B4200F0E78100F255
:1002E0009A80822B00F0CB81B3F5817F40F08A8029
:1002F00010F0780F83B200F003824FF00113C4F8BE
:10030000C031D4F8AC21002ABDD16C4AD2F8BC313E
:10031000002B42D17E0616D5684BD3F8AC21C3F82A
:10032000AC21D3F8BC21C3F8BC21D3F8B041002CD8
:10033000FBD14FF0FF32C3F8B421D3F8843100F081
:100340002DFD604B1C60FC0103D55F4B1B6803B1A6
:100350009847B80103D55D4B1B6803B198477907EF
:1003600008D5564BD3F8843113F4007347D0584B5B
:1003700001221A70514BD3F848311A060AD53B06B0
:1003800008D5544A13782BB1013BDBB21370002B14
:1003900000F0728203B0BDE8F08F4F49C2F8BC3163
:1003A0000868034240F0D181464A14681C40B1D02D
:1003B0005FEA144810D0424E4FF0010998FAA8F5B0
:1003C000B5FA85F506EBC51009FA05F54030FFF7DB
:1003D000C5FE38EA0508F1D1A4B2002C9AD0384EF7
:1003E0004FF0010894FAA4F5B5FA85F506EBC510AF
:1003F00008FA05F5FFF7B2FEAC43F3D18AE7344AB9
:100400001370B7E7802B7FF478AF34480221058062
:10041000FFF7C0FE75E7B3F5A06F00F00B81A3F501
:10042000D063012B3FF669AF2D4B5D68002D3FF483
:1004300064AF1FFA8CFC4FEA124E04E01D690C33C6
:10044000002D3FF45AAF1A887245F7D15A88624599
:10045000F4D14FEA1E22032A00F0A5811A89000C6C
:10046000824228BF0246BEF5007F40F0A181184BB2
:100470001C4918781C4B0192002818BF19461B48CC
:10048000FFF798FA194D019AE1E142F221218B42DE
:100490007CD033D942F221318B4200F081804FF67B
:1004A000C0018B427FF429AF10F47F4F83B27FF4F9
:1004B00024AF43F46E4363F30F0CB5E700002E4006
:1004C0000000002004A7002088A700208CA700209F
:1004D000BCA70020BDA7002000A7002024A7002063
:1004E00040870020D82700603C280060003F202083
:1004F000F8A600205DCFC6B8C0012E40B3F5106F3E
:1005000066D042F221018B427FF4F7AE030C072B39
:100510007FF4F3AEB24BB349F560D960B249B36032
:10052000C3F80890C1E9002001221A60AF4A5A605E
:10053000AF4A1A61D4F8B01141F00101C4F8B0110A
:1005400002F5805102F5005259619A61D4F8B03138
:10055000002BFBD1A74AF36493600123B2641360BC
:1005600048F2800353604FF00113C4F8BC31D4F853
:10057000B03143F48033C4F8B0314FF48033CAF85B
:100580000030D4F8B031002BFBD1BAE680B238B9D4
:10059000994BC2F307421968984B1960984B1A702F
:1005A000944B00229A60F2640122B3641A608022A4
:1005B0005A604FF00113C4F8BC31D4F8B03143F4A1
:1005C0008033C4F8B031D4F8B031002BFBD198E6B9
:1005D000C2F307428B4B1A708B4BC4F8C8318B4B5C
:1005E000C4F8CC318A4BC4F8D03100F0D9FB80225A
:1005F0002946884803F0B0FD874B8022C6F8A0B09A
:10060000C6F8E0307B4BF5645A600122B3649D600C
:100610001A604FF00113C4F8BC31D4F8B03143F480
:100620008033C4F8B031CAF80050D4F8B031002B90
:10063000FBD166E66F4B0121F564196080219D6056
:10064000B36459604FF00113C4F8BC31D4F8B03131
:1006500043F48033C4F8B031D4F8B031002BFBD16F
:10066000130C5B0643F08073C4F8543149E6654BC4
:1006700001216A481B780370FFF78CFD41E683B2C5
:1006800010F078007FF439AE03F07F0258F82210A2
:10069000624A1080180600F19E80CB0701D5012325
:1006A000137002215D48FFF775FD2AE610F0780F00
:1006B00083B27FF422AE03F07F0213F0800F58F86C
:1006C000223014BF43F4803343F0010348F8223052
:1006D0000022484BF2649A600122B3641A608022BF
:1006E0005A604FF00113C4F8BC31D4F8B03143F470
:1006F0008033C4F8B031D4F8B031002BFBD100E620
:1007000003F07F0213F0800F58F8223014BF23F457
:10071000803323F0010348F822300022354BF26485
:100720009A600122B3641A6080225A604FF001136C
:10073000C4F8BC31D4F8B03143F48033C4F8B031DC
:10074000D4F8B031002BFBD1DBE50020086026494E
:100750000C88486842F221018C427FF425AE80B2B9
:1007600000287FF421AE2E492E4C03C9A180862893
:100770004FEA11412060A1717FF416AE72B62A488B
:10078000017841F008010170D2F848110D0605D436
:1007900080200143C2F84401C2F8481162B6234ADE
:1007A0005021117000E6000C2A78824228BF0246D0
:1007B000BEF5E06F44D11E4B1E4D18781E491F4BED
:1007C0000192002818BF19462846FFF7F3F80723BF
:1007D0006B70019A3BE0C9033FF561AF61E700BF71
:1007E00040970020F8B60020C09C00208000070041
:1007F000F8C600202097002074A7002084A70020BE
:10080000BAA70020BBA700200200CC00C80002004D
:100810000200C800800000201993D57424A700208E
:10082000F8A600207CA70020B6A70020BDA70020C6
:10083000BCA70020003F20203C280060D827006093
:100840002946104D01922846FFF7B4F8019A25F089
:100850001F031544BFF34F8F4FF0E021C1F8703FE5
:1008600020339D42FAD8BFF34F8FBFF36F8F0548F7
:100870001146FFF78FFC44E50320FFF7D7FC0CF08F
:1008800031F800BF003F20202DE9F0471F46831EAE
:10089000022B01D9BDE8F087DFF84C9015460C46D5
:1008A0003C2209EBC01806464FEAC01A002108F1A5
:1008B0000400240403F050FCB5FA85F20123520928
:1008C00044EA427449F80A40C8F83870C8F8083059
:1008D000002FDFD0034AB34011680B431360BDE81B
:1008E000F08700BF04A70020000000202DE9F0479A
:1008F0000D46811E022901D9BDE8F087C701DFF846
:100900004C909246044640373C2200211E4609EB9B
:1009100007082D0408F1040003F01EFCBAFA8AF25D
:10092000520945EA427249F807200122C8F83860A6
:10093000C8F80820002EDFD0034B10341968A240FD
:100940000A431A60BDE8F08704A7002000000020D9
:1009500012048160C36101F5405342F0800210B47B
:100960000124426001F50052046001F5805401F554
:100970008041C46081615DF8044BC0E90423704785
:10098000831E0A46022B00D97047064B00F1100166
:100990004FF0010C03EBC0100CFA01F14030FFF7EF
:1009A00099BB00BF00000020831E0A46022B00D91D
:1009B00070470121024B814003EBC010FFF78ABB57
:1009C0000000002040687047124A134BD2F8200202
:1009D00020F07F40984210B584B002D200EB800036
:1009E00040000E4C01A90A22FFF782F801A900235A
:1009F000204611F8012B01333AB10A2B20F8022FBF
:100A0000F7D11623237004B010BD5B00DBB2237056
:100A100004B010BD00441F4080969800E093002071
:100A200000F0DCBA00F0ACBA00F010BB00F0CABABB
:100A300000F066BB00F03CBB0846114600F02CBB42
:100A4000F8B5144C4FF0E025134E4FF4003204EB90
:100A50004024124F06EB40160346C5F88C21214670
:100A60003A883046FFF774FF3B882344BFF34F8F2B
:100A7000C5F85C4F2034A342FAD8BFF34F8FBFF3C1
:100A80006F8F03203146FFF78FFF4FF40033C5F817
:100A90000C31F8BD803F202060970020A2A70020E5
:100AA000244B2DE9F0411C884368C569C3F30E430C
:100AB000E41A002C24DD204920480A780078D3B2BB
:100AC0001F4E82421F4807D010F8038036F8187076
:100AD000C7F50072944218D90133002226F8154058
:100AE000082B194E88BF134626F8152098BFDAB296
:100AF000C554164B0A701A6814441C60BDE8F08196
:100B00002846BDE8F041FFF79BBF07EB482010499E
:100B100022462744084401EB4521FEF74BFF0B4AD0
:100B2000284626F8187013682344BDE8F041136086
:100B3000FFF786BFA2A70020B4A70020B5A700201A
:100B400030A7002050A7002040A700202CA700209D
:100B5000803F20201D4B1A78002A36D102F0FF0377
:100B60001B4A12788AB32DE9F0411A4D2A8852B3F4
:100B7000194EC2F50068194F3278194C07EB42172D
:100B800004EBC224424638462146FFF7E1FE04EB5F
:100B90000802BFF34F8F4FF0E023C3F8704F2034AB
:100BA000A242FAD8BFF34F8FBFF36F8F04203946AC
:100BB000FFF7E6FE33780133DBB2032B88BF002357
:100BC000337000232B80BDE8F0817047B9A7002067
:100BD000BBA70020A4A70020B8A700206098002091
:100BE000804F20202DE9F04F85B0CDE9011000297C
:100BF00000F0BF800023604CDFF89881DFF898A1F7
:100C00005E4F009301235E4A23705E4B1978B8F85B
:100C1000003002EB4119002B40F0A7801E461D4614
:100C20009B464846FFF7CEFE10F0800000F08C8017
:100C3000BFF34F8F9AF8003084F800B005B93E68D2
:100C4000002B7DD13B689B1B782B00F287804E4B9D
:100C50001B78002B74D000F09DFA0122B8F8003008
:100C600015462270002BDCD0464AC3F5006011788F
:100C70001A4600EBC120454DC9022844019D95420A
:100C800017D20393DDE901512A46FEF793FE039B39
:100C90004FF040425B1BA8F800303D4BC3F8842066
:100CA000BFF34F8F009800232844237005B0BDE8A0
:100CB000F08F364BCD180299FEF77CFE00234FF4DF
:100CC000006229464846FFF743FEBFF34F8F05F108
:100CD000200205F50063934234BF012340234FF007
:100CE000E02205EB4313C2F8705F2035AB42FAD126
:100CF000BFF34F8FBFF36F8F04204946FFF740FECD
:100D0000204A13780133DBB2032B84BF00231D4A32
:100D10001370B8F80030019AD11A009A1A44019160
:100D20000092029A1A4400230292194AA8F800304D
:100D3000C2F88430BFF34F8F237000297FF462AF75
:100D4000009805B0BDE8F08F4FF400620D4B8AF8B3
:100D5000000019781346A8F800208AE701230098BC
:100D60008AF8003005B0BDE8F08F1A46C3F5006080
:100D70007FE70198E5E700BFB9A7002074A700202E
:100D800060980020B8A70020BBA70020804F20203B
:100D900000002E40A4A70020B7A70020704700BF86
:100DA0002D4B002180222D4870B51B7800242C4D3E
:100DB0008B422C4E0CBF40234FF400732B803380AA
:100DC00003F0CAF9284A2146284B14704FF4807268
:100DD00027481C8003F0C0F9264A1021264B022028
:100DE000C2E90044C2E90244244AC3E90044147041
:100DF000234AC3E90244234B1C7023461460224655
:100E0000FFF774FD2246318803201F4BFFF73CFD9E
:100E10002346012229880420FFF768FD204601347B
:100E2000FFF70EFE082CF9D1184B00214A22184872
:100E3000184C0460C3F88410C3F88020D3F848210C
:100E4000154942F08072C3F8482121B1134A137842
:100E500043F00103137070BDBCA700206098002010
:100E6000A6A70020A2A70020B8A70020A4A70020C2
:100E70006097002030A7002040A70020B4A70020E2
:100E80002CA70020B5A70020F5E1000000002E40AF
:100E900088A70020A9E2000000000000BEA70020F3
:100EA0002DE9F04F4FF0E0234FF40032DFF8C8A0F7
:100EB00083B0C3F88C218B469AF8004000294FD0AC
:100EC0008046E4B20027DFF8B490264BABEB070274
:100ED00025491B78A34204F101043FD0092C234B80
:100EE000404628BF00241E5D39F816C00CEB46238F
:100EF00019441F4B33F81650A5EB0C05AA421CD21F
:100F00000CEB462C18491B4C61440192FEF752FD34
:100F1000216839F816505846019AA1EB0B012A4472
:100F2000394429F8162021604FF0E0234FF40032B5
:100F3000C3F80C2103B0BDE8F08F2A462F44FEF71A
:100F400039FD0C49E3B230460A68A844521B0A60D6
:100F50008AF80030FFF774FDBB45B6D83846E3E7A2
:100F60000846E1E7B4A70020803F202050A70020DA
:100F700030A700202CA70020B5A7002040A7002004
:100F80000B4B0C4A12781978D3B28A420DD0013338
:100F900009480A4A092B0A4928BF0023C35C31F8D3
:100FA000131002EB4323585C70474FF0FF3070473B
:100FB000B4A70020B5A7002050A70020803F202024
:100FC00040A70020044B10B51C680CB1204610BD92
:100FD00000F0E0F8204610BD2CA700202DE9F84FC6
:100FE000144E154D33782A78934221D0DCB2DFF8C5
:100FF0005090DFF850B0DFF85080104F0134082CCB
:101000005FFA84FA01D90024A24619F80400DBF83B
:10101000003038F8102037F81010521A9B1ACBF80D
:101020000030FFF70DFD86F800A02B78A342E5D134
:10103000BDE8F88FB5A70020B4A7002040A7002086
:1010400050A700202CA7002030A7002000B583B0B7
:1010500001210DF10700FFF723FF20B19DF80700E4
:1010600003B05DF804FB4FF0FF30F9E7094B00B522
:1010700083B01B788DF807003BB101210DF107000B
:10108000FFF7B0FD03B05DF804FB03F0FF0003B011
:101090005DF804FBBBA70020044B1B7803F0FF02A4
:1010A0000BB1FFF79FBD1046704700BFBBA70020E4
:1010B0002DE9F0410024DFF8448001230D4D27463F
:1010C0000D4E88F80030337828462035A34204F1CD
:1010D000010405D0FFF776FC030658BF07F500674B
:1010E000042CF0D1BFF34F8F0023384688F800302E
:1010F000BDE8F08160980020B8A70020B9A70020C3
:101100002DE9F8431D4B1B7813B11D4D2A880AB9F0
:10111000BDE8F8831B4EC2F500691B4933784A4687
:101120001A4C01EB43181A4F04EBC3240123404629
:101130003B7021460023FFF70BFC04EB0902BFF3D1
:101140004F8F4FF0E023C3F8704F2034A242FAD8FB
:10115000BFF34F8FBFF36F8F04204146FFF710FCA2
:1011600033780133DBB2032B88BF002333700023B5
:101170002B80BFF34F8F3B70BDE8F883BBA70020E7
:10118000A4A70020B8A7002060980020804F20204E
:10119000B9A700202DE9F8432D4B1E7866B12D4FDD
:1011A0003B784BB90123F1073B7043D4B20726D4F7
:1011B00000233B70730701D4BDE8F883264B1A68FF
:1011C000002AF9D0EFF30582002AF5D1EFF310855C
:1011D00072B61868002834D0204C2178002930D10C
:1011E0000122227042691A60002A2ED0916105B94D
:1011F00062B600258368457798472570DCE7DFF8FD
:10120000648098F80030002BD2D00025DFF8589089
:101210002B4659F823400135236820461B6998471F
:1012200010B163699B68984798F80020EBB29A4226
:10123000EFD8BDE7FFF7C6FE0028B7D0AFF30080B8
:10124000B4E7002DB8D162B6B6E7054B1A60CEE719
:10125000BEA70020B1A7002030A30020AFA7002028
:101260003CA30020B0A70020B8A3002001207047B5
:10127000B0F84630B0F848209BB292B2934202D206
:10128000013AD01A7047416B01390A44D01A7047AD
:10129000016972B6B0F84A20B0F84C3092B29BB2F5
:1012A0009A423CBF806B1218C86AD31A62B6C0F368
:1012B00002601844704700BFB0F84A100246B0F808
:1012C0004C3089B29BB2994210B4046914D00133F6
:1012D000906B116B984298BF0023994206D85B1A15
:1012E000526AD05CC0B25DF8044B7047126A5DF878
:1012F000044BD05CC0B2704772B6B0F84A0080B2FE
:10130000814201D062B6E2E7E36A13F0E06F03D1F5
:101310004FF0FF3062B6E6E7E36901200024116A6E
:10132000A2F84A00C3F30900DBB2A2F84C404B70AC
:10133000F0E700BFB0F84A100246B0F84C3089B26E
:101340009BB2994230B4046925D00133946B9C421E
:1013500016D9106B1FFA83FC984217D9106AC05C2B
:10136000C0B2956DA2F84CC045B199421CD3CB1ABE
:10137000D16B994202D3D36DC5F8883030BC704729
:101380004FF0000C106B63469842E7D8181A556A64
:10139000285CC0B2E5E7084672B6B2F84A1089B2D6
:1013A000884204D062B6D0E70C44E31AE0E7E36A6F
:1013B00013F0E06F03D14FF0FF3062B6DEE7E06973
:1013C000C0F30900F9E700BF90F8443043B110B50D
:1013D0000446FFF7DFFE94F84430002BF9D110BD2E
:1013E000704700BF38B5D0E90453D3E90312096848
:1013F000114228D090F84420044632B1FFF7CAFECB
:1014000094F84430002BF9D1636900210E4AA96198
:10141000207E03EB0010007D02EB001045680520E4
:101420002860657E03EB051393F8343002EB03125A
:10143000A36D52681060A4F84A10A4F84C1013B1C0
:10144000E26DC3F8842038BDE07A002007EE901AE0
:101450009FED9A7A0421B6EE005AF8EE677A9FED76
:10146000986A41F6FF7CC7EE275A2DE9F0478E4671
:101470000569012407EE901AF8EEE77A85EEA77A5F
:1014800077EE057AFDEEE77A17EE903A6345A8BF4E
:101490006346012BB8BF012307EE903AF8EEE76AE6
:1014A00076EEC76AC6EE877AF5EEC07AF1EE10FAEC
:1014B00048BFF1EE677AF4EEC67AF1EE10FA03D87F
:1014C000B0EE676A8E461C4601312129D2D1002137
:1014D000436902F40076A0F84A10B3F85AC08E426D
:1014E000A0F84C10B3F85860A0F84610A0F84810C7
:1014F00080F84410816BDF68A1EB0606A1EB0C01BC
:10150000C0E90F6139681E6941EA0601396014BFFC
:1015100001210021817640F0AC80017E694E03EB11
:101520000118DFF8C09198F81470D8F81CA006EBE9
:101530000717B968C1F800907968D8F818700F607B
:10154000BAF1000F03D0D8F82010CAF80010477E77
:10155000D92103EB071898F834C006EB0C1CDCF813
:1015600008703960DCF80410D8F838700F60417EDC
:1015700003EB0111CF6B0FB1096C39600EF1FF3134
:10158000BEF1080F4FEA0161CCBF4FF0000E4FF0E3
:10159000010E01F0F85144EA4E4421435C68296190
:1015A000597801F110030021E960474941F82340CF
:1015B00041694FF0010E454C02F0030C4F7891F851
:1015C0005610434B39554FF002174469617803EBCD
:1015D000511301F01F019B000EFA01F11960EF6237
:1015E000AB6A43F08803AB6253073ED44CF47013EC
:1015F00002F00F01042908BF43F0804397062ED55F
:10160000817E43F0805300293AD11607AB6103D5A0
:101610002B6943F000532B616B69D10623F0805393
:1016200048BF43F080536B61D30503D52B6943F466
:1016300000532B61A36883B1264E3478002C3AD036
:10164000611E254DC9B22B1F05EB810101E09942B6
:1016500025D053F8042F9042F9D1BDE8F087817E60
:101660000029D2D043F0A003CFE71C4B4CEA030380
:10167000BEE7477E4FF2D901124E03EB07186AE727
:10168000417E43F0A00304EB011191F8341006EB06
:101690000116B668316821F440413160B5E7631C3A
:1016A000DBB20F4A3370137845F8240043F002038D
:1016B0001370BDE8F0870123074DF2E7001BB74B1D
:1016C000EC78AD60E07A00200094002000E400E0B7
:1016D00040380038B0A70020B8A3002010003C001C
:1016E000BEA7002038F00100EFF31380B8B9EFF384
:1016F00010834BB9EFF305823AB94FF48073EFF3DF
:10170000118050B1984208D270470F2AF7D9054B83
:101710009B5CEFF311800028F4D1184670474FF01E
:10172000FF30F1E7F0E300E0036D2DE9F0410446FE
:101730000F46066913B1426DC3F88420A37E2BB116
:1017400072B6B36943F00053B36162B6B4F8465061
:10175000636BADB20135AB424CD84FF00008454643
:10176000B4F848309BB29D4219D028E073691B023F
:1017700010D5B4F84830626B9BB201339A4236D927
:101780009AB2E16A99422DD9E169CB5CDBB2F3618F
:10179000A4F84820B4F848309BB2AB420FD1FFF711
:1017A000A3FF6369B3F856308342DFDAFF28F1DD27
:1017B000FFF7F0FCB4F848309BB2AB42EFD0E36ADD
:1017C000AB421AD9FFB2E3695F5572B6012084F8C3
:1017D0004400A4F84680B36943F40003B36162B6E1
:1017E000BDE8F0815B1AA16ACB5CDBB2CFE70022D7
:1017F0001346C6E71FFA85F8B2E7ED1AFFB2A36AEF
:101800005F55E2E7FFF790BF0269536913F4401F89
:1018100070B543D0D36A13F0E06FC3F3026E3AD0D1
:10182000B0F84A50B0F84C60ADB2B6B207E0016A09
:1018300001F803C00EF1FF3313F0FF0E1DD0D16984
:101840006B1C846BB0F84CC0C1F309019C4298BF7B
:1018500000231FFA8CFC9C45ECD0046B5FFA81FCE2
:101860001D469C42A3EB0404E1D8436A03F804C07C
:101870000EF1FF3313F0FF0EE1D1ABB2A0F84A3006
:10188000836D43B1B54254D3AD1B016CA94202D85C
:10189000C16DC3F884105369D90245D496693302E7
:1018A00028D553691D0225D5B0F84650B0F8483008
:1018B000ADB29BB206E0C169C95CC9B2D161D16A5F
:1018C0004C0512D4AB4238D0446B0133C16A9C4200
:1018D00098BF00239942A3EB0104ECD8816A095D0B
:1018E000C9B2D161D16A4C05ECD599B2AB42A0F82E
:1018F000481025D0710216D553695B0213D500211B
:10190000036D80F8441013B1416DC3F88810837ED5
:101910002BB172B6936923F00053936162B6936959
:1019200023F48003936170BD536943F480135361C2
:10193000B4E7816B891B0D44A7E79BB2A0F8483040
:10194000936923F400039361936943F480039361E3
:10195000D0E700BF08B52DED028BB0EE408A00F055
:1019600021F8B4EE488AF1EE10FA06D6DFED098AC6
:10197000B4EEE88AF1EE10FA02D4BDEC028B08BD99
:1019800002F086FD88EEA80ABDEC028B21230360DD
:1019900008BD00BF000000009FED010A704700BFB6
:1019A0000000C07FB1EEC00A704700BF0346084682
:1019B000194602F063B900BF81F0004102E000BFA8
:1019C00083F0004330B54FEA41044FEA430594EAFF
:1019D000050F08BF90EA020F1FBF54EA000C55EA3A
:1019E000020C7FEA645C7FEA655C00F0E2804FEA0B
:1019F0005454D4EB5555B8BF6D420CDD2C4480EAED
:101A0000020281EA030382EA000083EA010180EA1C
:101A1000020281EA0303362D88BF30BD11F0004F6A
:101A20004FEA01314FF4801C4CEA113102D04042A0
:101A300061EB410113F0004F4FEA03334CEA1333DB
:101A400002D0524263EB430394EA050F00F0A780F3
:101A5000A4F10104D5F1200E0DDB02FA0EFC22FAEE
:101A600005F2801841F1000103FA0EF2801843FAE2
:101A700005F359410EE0A5F120050EF1200E012AD3
:101A800003FA0EFC28BF4CF0020C43FA05F3C01811
:101A900051EBE37101F0004507D54FF0000EDCF18A
:101AA000000C7EEB00006EEB0101B1F5801F1BD333
:101AB000B1F5001F0CD349085FEA30004FEA3C0C37
:101AC00004F101044FEA445212F5800F80F09A802D
:101AD000BCF1004F08BF5FEA500C50F1000041EB31
:101AE000045141EA050130BD5FEA4C0C404141EB35
:101AF0000101013C28BFB1F5801FE9D291F0000F30
:101B000004BF01460020B1FA81F308BF2033A3F1DE
:101B10000B03B3F120020CDA0C3208DD02F1140CD5
:101B2000C2F10C0201FA0CF021FA02F10CE002F110
:101B30001402D8BFC2F1200C01FA02F120FA0CFC09
:101B4000DCBF41EA0C019040E41AA2BF01EB045152
:101B5000294330BD6FEA04041F3C1CDA0C340EDC50
:101B600004F11404C4F1200220FA04F001FA02F393
:101B700040EA030021FA04F345EA030130BDC4F151
:101B80000C04C4F1200220FA02F001FA04F340EA46
:101B90000300294630BD21FA04F0294630BD94F0F7
:101BA000000F83F4801306BF81F480110134013DDE
:101BB0004EE77FEA645C18BF7FEA655C29D094EA4F
:101BC000050F08BF90EA020F05D054EA000C04BFCD
:101BD0001946104630BD91EA030F1EBF00210020B8
:101BE00030BD5FEA545C05D14000494128BF41F057
:101BF000004130BD14F580043CBF01F5801130BDBB
:101C000001F0004545F0FE4141F470014FF0000045
:101C100030BD7FEA645C1ABF194610467FEA655CF6
:101C20001CBF0B46024650EA013406BF52EA033598
:101C300091EA030F41F4002130BD00BF90F0000F86
:101C400004BF0021704730B54FF4806404F13204C2
:101C50004FF000054FF0000150E700BF90F0000F7B
:101C600004BF0021704730B54FF4806404F13204A2
:101C700010F0004548BF40424FF000013EE700BF72
:101C800042004FEAE2014FEA31014FEA02701FBF02
:101C900012F07F4393F07F4F81F06051704732F034
:101CA0007F4208BF704793F07F4F04BF41F400218B
:101CB000704730B54FF4607401F0004521F00041E9
:101CC0001CE700BF50EA010208BF704730B54FF073
:101CD00000050AE050EA010208BF704730B511F074
:101CE000004502D5404261EB41014FF4806404F1AC
:101CF00032045FEA915C3FF4D8AE4FF003025FEA32
:101D0000DC0C18BF03325FEADC0C18BF033202EBB5
:101D1000DC02C2F1200300FA03FC20FA02F001FA0F
:101D200003FE40EA0E0021FA02F11444BDE600BFB2
:101D300080F0004002E000BF81F0004142001FBF80
:101D40005FEA410392EA030F7FEA226C7FEA236C89
:101D50006AD04FEA1262D2EB1363C1BFD21841407E
:101D600048404140B8BF5B42192B88BF704710F014
:101D7000004F40F4000020F07F4018BF404211F0B7
:101D8000004F41F4000121F07F4118BF494292EA1F
:101D9000030F3FD0A2F1010241FA03FC10EB0C004B
:101DA000C3F1200301FA03F100F0004302D54942D8
:101DB00060EB4000B0F5000F13D3B0F1807F06D385
:101DC00040084FEA310102F10102FE2A51D2B1F17D
:101DD000004F40EBC25008BF20F0010040EA030072
:101DE0007047490040EB0000013A28BFB0F5000FF2
:101DF000EDD2B0FA80FCACF1080CB2EB0C0200FAA8
:101E00000CF0AABF00EBC25052421843BCBFD040F6
:101E10001843704792F0000F81F4000106BF80F470
:101E200000000132013BB5E74FEA41037FEA226C33
:101E300018BF7FEA236C21D092EA030F04D092F0FE
:101E4000000F08BF0846704790EA010F1CBF002032
:101E5000704712F07F4F04D1400028BF40F000408F
:101E6000704712F100723CBF00F50000704700F0AF
:101E7000004343F0FE4040F4000070477FEA2262D6
:101E800016BF08467FEA23630146420206BF5FEAA7
:101E9000412390EA010F40F4800070474FF00003A7
:101EA00004E000BF10F0004348BF40425FEA000C6E
:101EB00008BF704743F0964301464FF000001CE016
:101EC00050EA010208BF70474FF000030AE000BF6C
:101ED00050EA010208BF704711F0004302D54042AA
:101EE00061EB41015FEA010C02BF8446014600201C
:101EF00043F0B64308BFA3F18053A3F50003BCFA37
:101F00008CF2083AA3EBC25310DB01FA02FC6344E3
:101F100000FA02FCC2F12002BCF1004F20FA02F2EA
:101F200043EB020008BF20F00100704702F12002DD
:101F300001FA02FCC2F1200250EA4C0021FA02F23E
:101F400043EB020008BF20EADC7070477BB972B92E
:101F50000029BEBF00204FF0004106E008BF002866
:101F60001CBF6FF000414FF0FF3000F0BBB9ADF186
:101F7000080C6DE904CE002909DB002B1ADB00F008
:101F80004DF8DDF804E0DDE9022304B0704740427B
:101F900061EB4101002B1BDB00F040F8DDF804E0B1
:101FA000DDE9022304B0404261EB4101524263EBA0
:101FB00043037047524263EB430300F02FF8DDF810
:101FC00004E0DDE9022304B0404261EB41017047C7
:101FD000524263EB430300F021F8DDF804E0DDE951
:101FE000022304B0524263EB4303704753B94AB92A
:101FF000002908BF00281CBF4FF0FF314FF0FF3011
:1020000000F070B9ADF1080C6DE904CE00F006F8EF
:10201000DDF804E0DDE9022304B070472DE9F04764
:10202000089E0D4604460F46002B4AD18A4294462C
:1020300065D9B2FA82F343B102FA03FCC3F120027C
:102040009F4020FA02F217439C404FEA1C4E1FFAB1
:102050008CF5B7FBFEF1220C0EFB117742EA07422A
:1020600001FB05F090420AD91CEB020201F1FF3797
:1020700080F01C81904240F2198102396244121AA8
:10208000A4B2B2FBFEF00EFB102244EA024400FBB5
:1020900005F5A5420AD91CEB040400F1FF3280F0DB
:1020A0000781A54240F204816444023840EA0140BD
:1020B000641B00211EB1DC400023C6E90043BDE8DB
:1020C000F0878B4208D9002E00F0ED800021C6E990
:1020D00000050846BDE8F087B3FA83F1002949D12D
:1020E000AB4202D3824200F2F880841A65EB03020D
:1020F00001201746002EE2D0C6E90047DFE702B90B
:10210000FFDEB2FA82F3002B40F090808A1A4FEA89
:102110001C471FFA8CFE0121B2FBF7F507FB1520C7
:10212000220C42EA00420EFB05F0904208D91CEB5B
:10213000020205F1FF3802D2904200F2CB80454600
:10214000121AA4B2B2FBF7F007FB102244EA0244D1
:102150000EFB00FEA64508D91CEB040400F1FF327B
:1021600002D2A64500F2BB801046A4EB0E0440EA62
:1021700005409FE7C1F120078B4022FA07FC4CEA9B
:10218000030C05FA01F420FA07F3FD404FEA1C495D
:102190002343B5FBF9F81FFA8CFE09FB18551C0CFC
:1021A00044EA054408FB0EF5A54202FA01F200FAE2
:1021B00001F00BD91CEB040408F1FF3A80F0888091
:1021C000A54240F28580A8F102086444641B9DB2D8
:1021D000B4FBF9F309FB134445EA044403FB0EFE88
:1021E000A64508D91CEB040403F1FF356CD2A645C3
:1021F0006AD9023B644443EA0843A3FB0295A4EB7B
:102200000E04AC42C846AE4656D353D056B1B0EBDE
:10221000080264EB0E0404FA07F7CA40CC401743E7
:10222000C6E9007418460021BDE8F087C3F120011B
:1022300002FA03FC20FA01F225FA01F19D402A433B
:102240004FEA1C471FFA8CFEB1FBF7F007FB101595
:10225000110C41EA054100FB0EF58D4204FA03F42E
:1022600008D91CEB010100F1FF382FD28D422DD986
:1022700002386144491B92B2B1FBF7F507FB151117
:1022800042EA014205FB0EF1914208D91CEB020221
:1022900005F1FF3816D2914214D9023D6244521A18
:1022A00045EA004138E73146304608E73946E6E678
:1022B0001046FBE64845A9D2B9EB020865EB0C0EC7
:1022C000013BA3E74546EAE72B4694E74046D1E7C2
:1022D000D0467BE7023D624432E708460AE76444A1
:1022E000023842E7704700BF002101F005BC00BF83
:1022F000024B0146186800F00BB800BF8C93002019
:10230000024B0146186802F0DDBB00BF8C93002031
:102310002DE9F04F01F10B06162E83B0044624D8A8
:10232000102900F2BA8000F0A3FA10261822022029
:10233000B54F3A44A2F1080153688B4200F0BA80CD
:102340005A68D96822F003021A449D68E9608D60DA
:10235000516841F001012046516003F1080500F089
:102360008DFA284603B0BDE8F08F36F0070600F17D
:102370009480B14200F2918000F07AFAB6F5FC7FC9
:10238000C0F09A81730A00F08F80042B00F26F81F5
:10239000B30903F1390003F1380CC3009A4F3B44F1
:1023A000A3F108055B689D4206D10CE0002980F28C
:1023B0002781DB689D4206D05A6822F00302911BF8
:1023C0000F29F3DD60463D69DFF850C265457CD0DA
:1023D0006A6822F00302931B0F2B00F37B81002B12
:1023E000C7E904CC80F26C81B2F5007F80F01A81DD
:1023F000D308796801334FEA521E012202FA0EF225
:102400000A4357F833E0C5F808E007EBC301083981
:10241000E9607A6047F83350CEF80C508310012100
:102420009940914257D8114206D120F0030049004B
:10243000114200F10400FAD007EBC0094D46864670
:10244000D5F80C80454508D11DE1002B80F2248190
:10245000D8F80C80454500F01681D8F8042022F009
:102460000302931B0F2BF0DD2046D8E9025408EB42
:10247000060146F00106C8F80460EC60A56043F070
:102480000104C7E90411C1E902CC4C6048F80230EC
:1024900000F0F4F908F1080502E00C2323600025A0
:1024A000284603B0BDE8F08F4FF4007340204FF092
:1024B0003F0C73E7D3689A4208BF02307FF440AF05
:1024C0003D69DFF858C1654582D17A6883100121E2
:1024D00099409142A7D9BD686B6823F003094E4526
:1024E00003D8A9EB06030F2B7ADCDFF834B1474B96
:1024F000DBF800201B680132334405EB090A00F0C9
:10250000338103F580530F3323F47F6828F00F08DD
:102510004146204601F094FF411C024600F0F38042
:10252000824500F2EE803A4B196841441960084632
:1025300000F04E81DBF80010019301311BBFA2EBCC
:102540000A010918CBF80020196012F0070B00F0FF
:102550001781CBF108010A44CBF580519044083132
:10256000A1EB0801C1F30B0A51462046009201F08D
:1025700067FF421CDDE9002300F04F81801A00EB69
:102580000A081968BA6048F001005144BD42506021
:10259000196000F02981B9F10F0F40F227816868B6
:1025A000A9F10C0C2CF0070C00F0010040EA0C0023
:1025B00068604FF0050E05EB0C00BCF10F0FC0E991
:1025C00001EE00F2328150681546124B1A688A42B9
:1025D00038BF1960104B1A688A4238BF196094E0FE
:1025E000AA1943F0010346F001066E602046BA6066
:1025F000536000F043F90835284603B0BDE8F08F7A
:10260000D9681A44A1E600BF708F0020B8A5002049
:1026100088A50020B0A50020B4A50020788F002058
:1026200078930020B2F5206F4FEA522363D3142B26
:1026300000F2B78003F15C01C9005B3307EB010EC8
:102640007958AEF1080E8E4500F091804B6823F06A
:102650000303934202D989688E45F7D1D1F80CE083
:102660007A68C5E9021ECEF80850CD60D6E6142B74
:1026700059D9542B00F29D80330B03F16F0003F105
:102680006E0CC3008AE60EF1010E1EF0030F05F179
:1026900008057FF4D5AE51E0424445465368D8F86A
:1026A0000C1043F00103536055F8083F2046D960F1
:1026B0008B6000F0E3F8F3E6F00806F1080237E675
:1026C0002A442046536843F001035360083500F064
:1026D000D5F8E5E6A919204646F0010643F00104C5
:1026E0006E60C7E90411C1E902CC4C60AB5000F048
:1026F000C5F80835D4E6930903F13901C900383328
:102700009CE7BD425FD0BD68686820F0030846457D
:10271000A8EB060302D80F2B3FF762AF204600F06C
:10272000ADF80025BCE603F15C0003F15B0CC300CF
:1027300034E659F808394B4540F0968010F0030F05
:1027400000F1FF30F5D17B6823EA01037B6049008B
:1027500099423FF6C0AE19B9BDE649000EF1040E2C
:102760001942FAD0704667E603F11008D0E69A10D5
:102770004FF001087B6808FA02F21A437A6070E7AA
:1027800002EB08014942C1F30B0A51462046009270
:1027900001F056FE431CDDE900237FF4EFAEDA467C
:1027A000EFE6542B25D8130B03F16F01C9006E33EC
:1027B00044E7B3F5AA7F25D8F30B03F1780003F1C2
:1027C000770CC300EAE5294B186840441860B1E66D
:1027D000CAF30B0CBCF1000F7FF4ACAEBD68C8446B
:1027E00048F001006860F0E61546EEE6012353600C
:1027F00094E7B3F5AA7F23D8D30B03F17801C9007E
:1028000077331BE740F25452934223D8B30C03F1C1
:102810007D0003F17C0CC300C0E5ABF1080BD8448C
:10282000A8EB02084FF0000AABE605F108012046CC
:10283000009302F047F9BD68009B68681968C4E618
:1028400040F254518B420BD8930C03F17D01C90027
:102850007C33F3E64FF47E737F204FF07E0C9DE5D2
:102860004FF47E717E23E9E67B6870E788A500203F
:10287000014801F03BBE00BF80A50020014801F0E7
:1028800037BE00BF80A5002010B4044C03460A46A2
:1028900020685DF8044B194600F002B88C930020C4
:1028A0002DE9F84F1746002900F098800C4607F1F3
:1028B0000B058046FFF7DCFF162D54F8041C5BD88F
:1028C00010252A46AF425CD821F003069642A4F1B7
:1028D000080962DABC4BD3F808C009EB060084454E
:1028E00000F09780D0F804C02CF0010303445B682B
:1028F000DB0768D42CF0030C06EB0C03934247DA99
:10290000CB0710D454F8083CA9EB030ADAF80430DA
:1029100023F003018C44B444944580F21181731870
:10292000934280F2E88039464046FFF7F1FC0746C3
:10293000E0B154F8043C23F001034B44A0F1080239
:10294000934200F0D280321F242A00F2F580132A2D
:1029500000F2AC8003462246116819605168596044
:1029600092689A602146404602F0ACF84046FFF774
:1029700085FF3846BDE8F88F25F00705002D2A466B
:10298000A0DA0C23C8F8003000273846BDE8F88FDD
:102990001E46D0E90223D3609A60731B0F2B22D806
:1029A000D9F8043003F0010333434E44C9F804302E
:1029B000736843F00103736040462746FFF75EFFEC
:1029C0003846BDE8F88FC907ADD454F8083CA9EBE8
:1029D000030ADAF8041021F00301A0E7BDE8F84F7C
:1029E0001146FFF795BCD9F8042009EB050102F068
:1029F00001024E4443F001032A43C9F804204B600E
:102A0000736843F0010308317360404602F05AF8DE
:102A1000D2E7DCF8040020F0030B06EB0B0C05F109
:102A2000100084454DDAC9073FF57DAF54F8081C06
:102A3000A9EB010ADAF8041021F003018B44B34436
:102A400058453FF76CAF5746DAF80C1057F8080FA7
:102A5000321F242AC160886000F2DB80132A40F212
:102A6000D6802168CAF808106168CAF80C101B2AC1
:102A700000F2DF8008340AF11002216811606168F9
:102A80005160A16891600AEB0501ABEB050242F0D1
:102A9000010299604A60DAF8043003F001032B4325
:102AA0004046CAF80430FFF7E9FE6EE7236803608A
:102AB000636843601B2A68D804F1080200F1080328
:102AC0004AE709EB05029A60ACEB050343F001030A
:102AD000536054F8043C03F001032B43404644F890
:102AE000043CFFF7CBFE27464FE750F8043C23F0A9
:102AF00003031E4451E75746DAF80C1057F8080F45
:102B0000321F242AC16088604CD8132A48D9216812
:102B1000CAF808106168CAF80C101B2A56D8083485
:102B20000AF110021E462368136063685360A368AD
:102B30009360D1463C4630E7214601F091FA11E717
:102B4000D0E902135746CB60996057F8081FDAF8AE
:102B50000C30CB60321F242A99602DD8132A29D932
:102B60002368CAF808306368CAF80C301B2A42D8B8
:102B700008340AF1100322681A6062685A60A26879
:102B80009A606646D1463C4607E7A3688360E368DF
:102B9000C360242A26D004F1100200F11003DBE602
:102BA0003A46BFE7214638461E46D14601F058FA5C
:102BB0003C46F2E63B46DEE7214638466646D146CD
:102BC00001F04EFA3C46E8E6708F0020A168CAF892
:102BD0001010E168CAF81410242A20D010340AF129
:102BE00018029FE7236903616169416104F11802DA
:102BF00000F11803B0E6A368CAF81030E368CAF819
:102C00001430242A21D010340AF11803B3E73A46CD
:102C100033E72146384601F023FA164B33E72269A1
:102C2000CAF818206269CAF81C2018340AF1200278
:102C300078E7A168CAF81010E168CAF81410242ACD
:102C40000DD010340AF1180217E72369CAF81830BA
:102C50006369CAF81C3018340AF120038BE7226933
:102C6000CAF818206269CAF81C2018340AF1200238
:102C700003E700BF708F0020000000002DE9F04F37
:102C80002DED108B97B08A460021079212910022F9
:102C90000021CDE904128046514611910F4611F8EA
:102CA000012B2D2A5ED801A050F822F0A1050100C9
:102CB000B9040100B9040100B9040100B90401001C
:102CC000B9040100B9040100B9040100B90401000C
:102CD000EF030100EF030100EF030100EF03010028
:102CE000EF030100B9040100B9040100B9040100B7
:102CF000B9040100B9040100B9040100B9040100DC
:102D0000B9040100B9040100B9040100B9040100CB
:102D1000B9040100B9040100B9040100B9040100BB
:102D2000B9040100B9040100B9040100EF03010076
:102D3000B9040100B9040100B9040100B90401009B
:102D4000B9040100B9040100B9040100B90401008B
:102D5000B9040100B9040100DB0B0100B904010052
:102D6000C70B010000210991302A7DD00023089370
:102D70002F2A144640F2CD844FF0000938464E46C3
:102D80004D4612E00130082D1190C8BF09EB8909AA
:102D90000478C6BF02EB4902A2F13009A3F1300664
:102DA0002F2C05F1010522466FDD06EB8603392C39
:102DB00002EB4303E6DD9F49012201F085FA00287A
:102DC00037D1119B1A46013311935478002D40F0EE
:102DD0004385302C40F02485C3F10102981801335B
:102DE00011931C78302CF9D0A4F13103082B00F298
:102DF0000183119F431CA4F1300B0B930125BC46AA
:102E00004FF0000E06EB86060BEB460600200CF199
:102E1000010311939CF80140A4F13001092900F24B
:102E2000BB8201308B46002940F04F84DDF844C05E
:102E3000EDE70020652CAE460B90844601D0452C72
:102E400030D1002D6BD1089B034367D1079B9FEDC9
:102E5000778B13B1079BC3F800A0B0EE480B17B0F7
:102E6000BDEC108BBDE8F08F7A7802F0DF02582AB3
:102E700000F00C84013711973A78302AFAD0002AF2
:102E800000F0B7800123089372E76A49012201F03C
:102E90001BFA002800F0C080AE464FF0000CCDF8C1
:102EA0002CC060464FF0000B002D7ED007EE906ADC
:102EB0000B9BB8EE677BABEB0303BEF1000F08BFC3
:102EC000AE46102D0A932B46A8BF1023092D8DED79
:102ED000047B0CDD584A02EBC30212ED125B06EED6
:102EE000909AB8EE666BA7EE056B8DED046B0F2D17
:102EF00000F3A8800A9A002A00F0E4830A9A40F3BB
:102F00003C83162A40F398840A99C5F125028A4227
:102F100080F2A6840A9AEB1A134499E00025DDF8A2
:102F200044A00AF1010311939AF801402B2C00F000
:102F30005E822D2C00F0F78100230A93A4F1300368
:102F4000092B00F2EB81302C05D1119B0133119339
:102F50001C78302CFAD0A4F13103082BA2D8119A96
:102F60000C92531C1193A4F1300B54782F2C07DCD6
:102F7000DEE3013311934C782F2CA2F1300B06DDE8
:102F80000BEB8B02392C194604EB4202F1DD0C9A53
:102F90009B1A082B40F3CC8344F61F6B0A9B002B33
:102FA00082D0CBF1000B002D80D1089B034320D1B0
:102FB000BCF1000F7FF44AAF692C00F0CF8300F31F
:102FC000F382492C00F0CA834E2C7FF43FAF1B499B
:102FD00011A802F099F900283FF438AF119B1B7833
:102FE000282B00F0F284164801F0D0FCB0EE408BA4
:102FF00001E09FED0E8B079A0AB1119B1360099BAC
:10300000002B3FF42AAFB1EE488BB0EE480B17B05F
:10301000BDEC108BBDE8F08F119B0B905A1C1192E8
:103020005C78AE46F8E600BFAFF300800000000019
:103030000000000074800020A8020020681000201A
:10304000280800200A9AEB1A1344002B40F3B082A0
:1030500013F00F010AD0C34A02EBC1029DED046BCD
:1030600092ED007B27EE067B8DED047B33F00F02A3
:1030700040F038820023089300962B46724639466A
:10308000404602F0CDFA8146002800F0E1820B9B19
:10309000A3EB0B0B0A9B9FEDA9EB002B9FEDA9CB9C
:1030A0009FEDAADB9FEDABBBB4BF5A4600224FF0A9
:1030B000000A23EAE3730B920C935446D9F80410E8
:1030C000404602F02BFA0646002800F00E81D9F89F
:1030D00010209DED048B0232920009F10C010C309E
:1030E000FCF768FCB0EE480B14AA13A9404602F0A6
:1030F00053FE1290002800F0E4800121404602F0C7
:1031000037FB0446002800F0F080139A002AC0F232
:10311000DE800B9B0C9F02EB030B089B149DD21AC5
:103120002A44914B013A9A42C5F1360580F29880C3
:10313000991A1F29A5EB010500F3E380012202FA89
:1031400001F30D9300230E932F44089B5D44AB4580
:103150005A461F44A8BF2A46BA42A8BF3A46002A88
:1031600003DDAD1ABF1AABEB020B0B9B002B00F378
:103170008880002D00F39C800A9B002B00F3B78011
:10318000002F00F3A980BBF1000F08DD21465A464D
:10319000404602F029FC0446002800F0A68012995F
:1031A0003246404602F0BAFC8246002800F09D807C
:1031B0000023C568C360214602F08EFC0028C0F2DF
:1031C000C78300F061832146504602F04FFEB0EE07
:1031D000007BB4EEC70BF1EE10FA46D8002D00F0DC
:1031E000CB80B7EE009B0598604B00226049DFF86A
:1031F00084C100EA0107674500F0D480089959B1FD
:10320000B7F1D46F08D8B4EECB9BF1EE10FA40F2D0
:10321000568103F1D661CB1BB0EE480B43EC1A2B61
:1032200002F026FDAAEE008B8DED048B18EE903A8D
:10323000089A22B94E4A1A40974200F0E480129947
:10324000404602F091F93146404602F08DF92146A0
:10325000404602F089F95146404602F085F92DE7D3
:1032600001230021CDE90D316EE7B6EE009B20EE83
:10327000099B002D5FD1B1EE497B059853EC172BCC
:10328000B4E721461A46404602F04EFB044660B3BE
:103290000146129A404602F099FA30B30F90129903
:1032A000404602F061F90F9A1292002D7FF764AF49
:1032B00012992A46404602F097FB129000287FF4AC
:1032C0005BAF22239FED258BC8F80030BCE00C9B40
:1032D000DDF82CB09F1A20E731463A46404602F00E
:1032E00083FB064600287FF44EAF1298E9E731468B
:1032F0000C9A404602F018FB064600287FF440AFC7
:10330000F3E7C2F17F4202F57F0202F57B42012121
:10331000E23201FA02F3CDE90D1315E7CDF844A02E
:103320004FF0000BC0E501230A930AF10203119349
:103330009AF8024002E6B0EE497B9EE79535A094EC
:10334000FFFFCF3F9535A094FFFFDF3F35E5AF3559
:103350000000E03F0000C0FFFFFFDF410000000071
:103360000000F07FA802002002FCFFFF0000F03FF9
:103370000000F07F0000E07FDDE90412002900F08A
:103380008580DDE90412012900F0D8811046B74B91
:10339000B7EE009B002229E7652C4FF0010C3FF4AB
:1033A000BEAD4CE543EC1A2BA0F1547305939DED93
:1033B00004FBB0EE4F0B02F05BFCAD49AAEE00FB44
:1033C0001FEE903AAB4A194091428DED04FB72D941
:1033D000A94B18EE902A9A4203D118EE103A013305
:1033E00083D0A54A4FF0FF33CDE9043227E700230D
:1033F0000A939AE7652C00F0D080452C00F0CD8030
:103400004FF0010CD1E551EC190B0D9309F02CFA9A
:10341000FEF760FC049B1D430D9B41EC170BC3F3AF
:1034200013031D4339EE479B00F0A080B4EECC9B04
:10343000F1EE10FA05D4B4EECD9BF1EE10FA7FF761
:10344000FEAE9DED048B12980146404602F08CF8CA
:103450003146404602F088F82146404602F084F8A2
:103460004946404602F080F85146404602F07CF85A
:10347000C1E501220992791C11917A78002A3FF462
:10348000E5AC0F4670E400220992F4E7C2F313039F
:103490001046002B7FF47BAFB7EE007BB4EEC70B7A
:1034A000F1EE10FA00F1D381B6EE009B20EE099BFD
:1034B000B1EE497BE2E603F154730593B8E6BCEE46
:1034C000C99B19EE103A012B38BF012309EE103ABF
:1034D000B8EE499B002D40F03E81B1EE497B53ECA4
:1034E000172B96E6B2F59A7F00F3B280102A4FEAC6
:1034F000221340F38682614C9DED047B002022461E
:10350000014613F0010F01F101014FEA630304D0FA
:1035100092ED006B012027EE067B012B02F10802E1
:10352000EFD108B18DED047B059BA3F15473059396
:1035300004EBC1049DED046B94ED007B4C4B27EE36
:10354000067B17EE902A4E4913408B428DED047B8B
:103550007ED8A1F580118B4240F2D681464C4FF0C7
:10356000FF33CDE904340023089385E5B4EECE9B08
:10357000F1EE10FA7FF563AE63E71632FFF662AD47
:103580000B9BA3EB0B0B3F4B03EBCB0393ED007BB0
:103590009DED046B86EE078B2DE54FF0000ECDF808
:1035A0002CE04FF0010C4EE46E2C3FF410AD4DE4D6
:1035B0003FF460AD5B4213F00F010AD0314A02EBD9
:1035C000C1029DED046B92ED007B86EE077B8DEDD5
:1035D000047B1B113FF44EAD1F2B33DC13F01002A4
:1035E00018BF6A229DED047B0892274A0021D80764
:1035F00004D592ED006B012127EE067B5B1002F1F2
:103600000802F4D109B18DED047B089B93B1DDE98B
:103610000401C1F30A52C2F16B03002B0ADD1F2B18
:1036200040F32F820020342B049040F340824FF06F
:103630005C7305939DED047BB5EE407BF1EE10FAD3
:103640007FF41AAD22239FED058BC8F80030D2E439
:1036500022239FED048BC8F80030CCE4000000006A
:1036600000000000000000000000F07F0000F0BF3C
:103670000000F07FFFFF9F7CFFFFEF7F80020020B4
:103680000000A07CA8020020700300200293099B88
:10369000019312AB0093A74A13AB11A9404601F066
:1036A00069FB10F00F0504463FF4A3AC062D74D15E
:1036B000079B9FED9A8B0137002B3FF4CEAB1F6029
:1036C000FFF7CBBB9DED048B95E40B9BDDF844C06D
:1036D00003440B93012805F101031A4614D0284432
:1036E000441E03E046009C420DD001332A46082ABE
:1036F0001D4606EB8600F5D9102BDCBF09EB8909C6
:103700004FEA4909EFE70232082D3CDC1546FFF786
:1037100079BB89490122384600F0D6FD002800F027
:1037200082804FF0000EF14676467546FFF7B5BB36
:1037300044F61F639B45A8BF9B462FE4DDE90423A5
:103740001846002B7FF423AE22239FED748B129832
:10375000C8F8003078E6B0EE497BC0E6774911A89A
:1037600001F0D2FD00283FF471AB119B7449013B7D
:1037700011A8119301F0C8FD10B9119B01331193E9
:103780009FED688B37E4102ADCBF09EB890901EB58
:10379000490915460020FFF73ABB129A3AB1352184
:1037A00014A802F095FB1299404601F0DDFE013DA0
:1037B000139B042D00F28F81DFE805F0032D2A1FF3
:1037C0000300149A049203F23342159B23F48013EE
:1037D00043EA02530593E50502D543F00043059300
:1037E000584A1A409DED048B002A7FF404AC00F087
:1037F0004FFE22230360FFF7FEBB4FF0FF336FF055
:103800000046CDE90436E3057FF55CAF059BE4E7B0
:103810004C4B0593F7E7149B0493159B0593DAE74C
:103820000020FFF7E1BA119B1A4601331193547837
:1038300006468146FFF7CDBA434B03EBC20393ED37
:10384000008B9DED047B28EE078BFFF7D4BBBEEE0B
:10385000007BB6EE009B11E5AE460B90FFF7DCBA9D
:10386000394BC5F10F054A1B03EBC50503EBC2033A
:1038700095ED008B93ED007B9DED046B28EE068BA0
:1038800028EE078BFFF7B7BB002D00F09580DDE930
:1038900004BC2E4BCCF313019942624600F0D28057
:1038A0000E9B002B00F0A580DDE9041213421746A1
:1038B0001AD0B0EE480B002D00F0A68002F0D8F927
:1038C000089B7BB1C7F30A53C3F16B03002B09DDDF
:1038D0001B0503F17F51002001F5401141EC170B4E
:1038E00020EE070B38EE008B089B5BB19FED0F7B42
:1038F000144B28EE078B18EE902A134013B922239D
:10390000C8F8003012989FE502F154730593002324
:103910000893FFF7B1BB00BFAFF3008000000000C9
:1039200000000000000000000000F07F0000000028
:1039300000005039607D0020748000205C10002061
:10394000601000200000F07FA8020020FFFF0F00A1
:10395000DDE904120D43C7D1C2F313031746002B50
:10396000C2D122F000431B0D1B05B3F1D66FBBD9AA
:10397000DAF814301BB9DAF81030012BB4DD5146F7
:103980000122404602F030F82146824602F0A4F8B7
:103990000028A9DD089B002B7ED1504B3B40A3F5AE
:1039A00080136FEA13536FEA035305934FF0FF330D
:1039B00004939DED048B97E7DDE90412C2F3130332
:1039C0000B4317467FF46CAFE4E7454911A814AAEE
:1039D00001F0B6FC05287FF406AB159B43F0FF43CE
:1039E00043F4E0030593149B04939DED048BFFF7D0
:1039F00002BBDDE904010D9B03423FF475AF0F46A6
:103A000057E7384C00218FE502F032F9089B002B74
:103A100055D0C7F30A53C3F16B03002B09DD1B0517
:103A200003F17F5101F54011284641EC170B20EEC0
:103A3000070B38EE408BB5EE408BF1EE10FA7FF4B9
:103A400055AF81E6089B04991BB3244B1340B3F197
:103A5000D46F1ED81B0DC3F16B034FF0FF3000FA7B
:103A600003F399427FF41CAF1F4B9A4230D01B4B9B
:103A7000134003F580130593002304939DED048BFD
:103A800032E74FF0FF3202FA03F3049A1A4004922D
:103A9000D0E54FF0FF33E4E7104B3B40B3F1D66F76
:103AA0003FF77DAFB3F15C7F3FF720AF4CE6C2F14B
:103AB0004B024FF0FF3393400B400593BAE538EECD
:103AC000408BB5EE408BF1EE10FA7FF41BAF3BE676
:103AD0000131CCD109E400237DE600BF0000F07F76
:103AE000747D002080020020FFFFEF7F014BFFF775
:103AF000C5B800BF048E002010B4054C054B8446A9
:103B00000A4620685DF8044B6146FFF7B7B800BF6E
:103B10008C930020048E0020012B2DE9F84F40D01B
:103B2000242B98463DD84C4D8E4676461EF801BB58
:103B300015F80B4014F00804F7D1BBF12D0F72D02B
:103B4000BBF12B0F08BF9EF800B06FF0004908BF13
:103B500006F1020E002B42D0102B57D0B9FBF8F71C
:103B600000252E4608FB179A05E033D008FB06C651
:103B700001251EF801BBABF1300CBCF1090F06D9D1
:103B8000ABF1410CBCF1190F12D8ABF1370C634506
:103B900017DDB5F1FF3FECD0B742E6D24FF0FF356D
:103BA000E7E700F075FC162303600020BDE8F88FFE
:103BB000ABF1610CBCF1190F03D8ABF1570C6345A5
:103BC000E7DC6B1C27D08CB90AB1A5BB116030466D
:103BD000BDE8F88FE245C9DA4FF0FF35C9E7BBF120
:103BE000300F05D04FF00A084346B7E77642EBE7BF
:103BF0009EF8003003F0DF03582B21D14FF010085E
:103C00009EF801B043460EF1020EA7E7BBF1300F5C
:103C10001AD09846A2E72223036072B10EF1FF3159
:103C20004E461160D3E79EF800B04FF0004906F110
:103C3000020E01248EE7B146F0E74E463046C7E754
:103C40004FF00808434689E79EF8005005F0DF056D
:103C5000582DD3D0984681E7D90E0020FFF75CBFDE
:103C600010B4054C8446134620685DF8044B0A46A0
:103C70006146FFF751BF00BF8C93002013460A46F0
:103C80000146022000F08ABE024A0349034800F0C0
:103C9000BBB800BF80930020956A0100E887002030
:103CA0000C4B4168994210B5044601D005F048FB21
:103CB000A168094B994202D0204605F041FBE1681A
:103CC000064B994204D02046BDE8104005F038BBB1
:103CD00010BD00BFBCA5002024A600208CA600209B
:103CE0002DE9F8432A4C2B4B2B48DFF8C090DFF826
:103CF000C0802A4F1860002504230822294604F1B9
:103D00005C00274E6566C4E90253C4E90055C4E966
:103D10000455A56100F020FA224B6367082229466A
:103D200004F1C400C4E90749C4E90987C4E91A5584
:103D3000C4E91E55C4F8CC502567C4F88050E6622B
:103D400000F00AFA184BC4F8DC30294604F1680385
:103D5000082204F59670C4F88430C4E92298C4E9B6
:103D60002476C4E93455C4E93855C4F83451C4F84C
:103D7000D850C4F8E85000F0EFF904F1D003C4E9DA
:103D80003C98C4E93E76C4F8EC30BDE8F88300BF47
:103D9000BCA50020F4A60020DD1301002D170100B2
:103DA0004D1701000900010012000200C5160100B4
:103DB000ED16010010B504460A4800F097FB636B4E
:103DC00023B9094B094A1B68626323B1BDE810405F
:103DD000044800F08DBBFFF783FFBDE810400148A9
:103DE00000F086BB84A50020F4A60020F513010096
:103DF000014800F07BBB00BF84A50020014800F013
:103E000077BB00BF84A500202DE9F84380460F460C
:103E100016464FF00009D6E90154013D11D4A3899B
:103E2000012B05F1FF3508D9B4F90E3001332146D5
:103E300003D04046B84749EA00096B1C04F1680406
:103E4000EDD13668002EE6D14846BDE8F88300BFC4
:103E50000CB410B51F4B00291C689CB035DB4FF427
:103E60000273ADF81430029006901FAB18D00139E0
:103E70004FF6FF7204910791ADF8162002A91E9A21
:103E80000193204602F092F8421C01DA8B23236052
:103E9000029B00221A701CB0BDE8104002B07047AF
:103EA0004FF6FF7204910791ADF8162002A91E9AF1
:103EB0000193204602F07AF8431C01DA8B23236039
:103EC0001CB0BDE8104002B070478B2323604FF058
:103ED000FF30F5E78C9300200EB410B59DB06FF065
:103EE00000411FABCDE906010491094953F8042BA9
:103EF0000290084C0868019302A9059402F056F854
:103F0000029B00221A701DB0BDE8104003B070473C
:103F10008C9300200802FFFF0EB410B59FB021ACB7
:103F20004FF4017154F8042B0192ADF81C10049069
:103F3000089000F0BBFC059009900B480B490C91D0
:103F400000234FF6FF7C10931593019A0068ADF89B
:103F50001EC0234604A9039403F0CAFD1FB0BDE8A8
:103F6000104003B0704700BF8C930020E916010099
:103F700010B50C46B1F90E1000F04CFA002803DB26
:103F8000236D0344236510BDA38923F48053A381CB
:103F900010BD00BF002070472DE9F0410C46B1F97B
:103FA0000C101F46CB05054616460BD421F4805154
:103FB000A1813B46B4F90E1032462846BDE8F041D7
:103FC00000F050BAB4F90E100223002200F00CFAEF
:103FD000B4F90C10EAE700BF10B50C46B1F90E10A9
:103FE00000F002FAA389421C0EBF23F4805343F46D
:103FF00080532065A38110BDB1F90E1000F0E2B925
:10400000032A70B514D940EA01039B0722D1044664
:104010000B46194620460E680568B54204F10404B3
:1040200003F1040316D1043A032A20461946F0D8B6
:10403000541E9AB1421E013901E0C3180CD012F887
:1040400001EF11F801CFE645A4EB0203F5D0AEEB8A
:104050000C0070BD541EEDE7184670BD104670BDD3
:1040600088420DD98B1883420AD900EB020CBAB1F1
:10407000624613F801CD02F801CD9942F9D170479B
:104080000F2A0ED8034602F1FF3C4AB10CF1010C95
:10409000013B8C4411F8012B03F8012F6145F9D144
:1040A000704740EA01039B0750D1A2F1100370B59D
:1040B00001F1200C23F00F0501F1100E00F11004A6
:1040C000AC441B095EF8105C44F8105C5EF80C5CB4
:1040D00044F80C5C5EF8085C44F8085C5EF8045C2C
:1040E00044F8045C0EF1100EE64504F11004E9D129
:1040F000013312F00C0F01EB031102F00F0400EB7F
:10410000031327D0043C24F003064FEA940C1E440A
:104110001C1F8E465EF8045B44F8045FB442F9D17C
:104120000CF1010402F0030203EB840301EB8401B0
:1041300002F1FF3C4AB10CF1010C013B8C4411F837
:10414000012B03F8012F6145F9D170BD02F1FF3C4D
:1041500003469BE72246EBE7830730B548D0541E61
:10416000002A3FD0CAB2034601E0013C3AD303F82B
:10417000012B9D07F9D1032C2DD9CDB245EA052598
:104180000F2C45EA054536D9A4F1100222F00F0C98
:1041900003F1200EE6444FEA121C03F1100242E93B
:1041A000045542E9025510327245F8D10CF1010272
:1041B00014F00C0F03EB021204F00F0C13D0ACF14F
:1041C000040323F003030433134442F8045B9342D3
:1041D000FBD10CF003042CB1C9B21C4403F8011B41
:1041E0009C42FBD130BD64461346002CF4D1F9E764
:1041F00003461446BFE71A46A446E0E711F0FF0164
:10420000034644D0820732D110B5046841EA012E3A
:104210004EEA0E4E8EEA0402A2F1013323EA0203B3
:10422000A4F1013222EA0402134313F0803F0FD1BC
:1042300050F8044F84EA0E0CA4F10133ACF10132C2
:1042400023EA040322EA0C02134313F0803FEFD069
:10425000037823B936E010F8013F002B32D09942A1
:10426000F9D110BD8A4211D09A071846CCD0184611
:1042700013F8012B002AF5D110467047990718460C
:1042800007D0184601330278002AF7D17047820719
:10429000F7D10268A2F1013323EA020313F0803F51
:1042A00008D150F8042FA2F1013323EA020313F0DE
:1042B000803FF6D00378002BE8D010F8013F002BA8
:1042C000FBD17047184610BD002A3ED040EA0103DA
:1042D0009B0730B584462FD1032A2DD90B4608E021
:1042E000043A8446194625D01EF0803F22D1032A85
:1042F00022D90468194653F8045BA4F1013EAC428C
:1043000084462EEA040E00F10400E9D09CF8000077
:104310000C78A0421BD1E64668B11EF8010F11F8D7
:10432000014FA2EB0E03A04203F1FF330FD11CEBB0
:104330000303F1D1002030BD9CF800000C788442CA
:1043400005D1012AF6D0E646E6E710467047001B85
:1043500030BD00BF40EA01039B0730B501D1032AFD
:104360000FD8844601F1FF3E07E01EF8011F03F855
:10437000011B541EC1B19C4622466346002AF4D15B
:1043800030BD0B468446194653F8045BA5F1013451
:1043900024EA050414F0803FE4D1043A032A4CF8DF
:1043A000045B1946EFD8DDE79444002CE8D003F80D
:1043B000011B6345FBD130BD014B93F828017047C9
:1043C000048E002038B5074D0022044608462A60B6
:1043D000FBF73AFE431C00D038BD2B68002BFBD006
:1043E000236038BD08A7002038B50C46084D844628
:1043F000114620461A4600232B606446FBF730FE28
:10440000431C00D038BD2B68002BFBD0236038BD87
:1044100008A7002038B50C46084D844611462046B2
:104420001A4600232B606446FBF70CFE431C00D0A9
:1044300038BD2B68002BFBD0236038BD08A70020B7
:1044400038B5074D0022044608462A60FBF7E0FD18
:10445000431C00D038BD2B68002BFBD0236038BD37
:1044600008A7002038B50C46084D84461146204662
:104470001A4600232B606446FAF752FE431C00D014
:1044800038BD2B68002BFBD0236038BD08A7002067
:10449000014B1868704700BF8C93002070B50D4E1B
:1044A0000D4D761BB61006D0002455F8043B0134A0
:1044B0009847A642F9D1094E094D761B08F016FA25
:1044C000B61006D0002455F8043B01349847A642A4
:1044D000F9D170BDF0250060F0250060682600600D
:1044E000F0250060704700BF704700BF704700BFF5
:1044F000704700BF00000000000000000000000046
:10450000000000000000000000000000A2EB03001B
:10451000704700BF02780B78012A28BF9A42F5D174
:104520006DE9044540EA0104CDE902676FF0000C33
:104530004FEA447212B380EA010414F0070F6AD103
:1045400000F0070420F0070004F0030521F0070144
:104550004FEAC505F0E8042314F0040FF1E80467FE
:104560000CFA05F462EA040266EA04060AD063EA79
:104570000403624667EA0407664603E0F0E80423A2
:10458000F1E8046782FA4CF582EA0604A4FA8CF496
:104590006CBB83FA4CF583EA0705A5FA8CF595B94F
:1045A00050E9022351E9026782FA4CF582EA0604D7
:1045B000A4FA8CF483FA4CF583EA0705A5FA8CF586
:1045C0002543DBD09CB92DBAB5FA85F424F0070455
:1045D00027FA04F1DDE9026723FA04F303F0FF0090
:1045E00001F0FF01FDE80445A0EB0100704724BA8B
:1045F000B4FA84F424F0070426FA04F1DDE9026732
:1046000022FA04F202F0FF0001F0FF01FDE8044588
:10461000A0EB0100704714F0030F3CD110F003042D
:1046200028D150F8082B51F8083B82FA4CF582EA61
:104630000305A5FA8CF55DB950F8042C51F8043C3B
:1046400082FA4CF582EA0305A5FA8CF5002DE8D034
:104650002DBAB5FA85F424F0070423FA04F122FAFE
:1046600004F202F0FF0001F0FF01FDE80445A0EBB9
:10467000010070474FEAC40420F0030050F8082BF3
:1046800021F0030151F8083B0CFA04F462EA040239
:1046900063EA0403C9E710F003041AD0A1EB040194
:1046A00020F00300E40750F8042B06D00FD28B78DB
:1046B0005FFAA2F4E41A06D12BB1CB785FFAB2F418
:1046C000E41A00D11BB920465DF8104B704701F188
:1046D000040150F8042BCC0721F0030151F8043BEE
:1046E00048D824D222F07F4482FA4CF594EA13256C
:1046F000A5FA8CF50AD165B951F8043B84EA0204A5
:10470000B4EB036F0ED150F8042BEBE74FEA132301
:1047100055E035F07F454DD10878FDE80445C0F1FE
:10472000000070474FEA126203F0FF0347E002EA1D
:104730001C4482FA4CF594EA1345A5FA8CF50AD18B
:1047400065B951F8043B84EA0204B4EB034F0CD181
:1047500050F8042BEBE74FEA134330E015EA1C4511
:1047600028D10B884FEA124229E04FEA124203EAAD
:104770001C4324E002F0FF0482FA4CF594EA13652E
:10478000A5FA8CF50AD165B951F8043B84EA020414
:10479000B4EB032F09D150F8042BEBE74FEA136376
:1047A0000DE015F0FF0F05D10B684FEA122223F040
:1047B0007F4304E04FF00000FDE80445704712BA63
:1047C0001BBA82FA4CF482EA0304A4FA8CF5B5FA17
:1047D00085F402FA04F203FA04F34FEA1260FDE8EA
:1047E0000445A0EB136070470000000001F0FF01DA
:1047F000102A2BDB10F0070F08D010F8013B013A0C
:104800008B422DD010F0070F42B3F6D1F0B441EA3D
:10481000012141EA014122F007047FF00007002353
:10482000F0E80256083C85EA010586EA010685FAA9
:1048300047F5A3FA87F586FA47F6A5FA87F68EB903
:10484000EED1F0BC01F0FF0102F0070232B110F826
:10485000013B013A83EA010313B1F8D1002070470C
:1048600001387047002D06BF35460338073815F06C
:10487000010F07D1013015F4807F02BF013015F41C
:10488000C03F0130F0BC0138704700BF000000009D
:104890000000000000000000000000000000000018
:1048A00000000000000000000000000090F800F090
:1048B0006DE9024520F007016FF0000C10F00704CD
:1048C00091F820F040F049804FF000046FF00700AD
:1048D000D1E9002391F840F000F1080082FA4CF28F
:1048E000A4FA8CF283FA4CF3A2FA8CF34BBBD1E915
:1048F000022382FA4CF200F10800A4FA8CF283FA47
:104900004CF3A2FA8CF3E3B9D1E9042382FA4CF216
:1049100000F10800A4FA8CF283FA4CF3A2FA8CF3AB
:104920007BB9D1E9062301F1200182FA4CF200F1B2
:104930000800A4FA8CF283FA4CF3A2FA8CF3002B51
:10494000C6D0002A04BF04301A4612BAB2FA82F264
:10495000FDE8024500EBD2007047D1E9002304F0E6
:104960000305C4F100004FEAC50514F0040F91F8E7
:1049700040F00CFA05F562EA05021CBF63EA050384
:1049800062464FF00004A9E7000000009FED010B14
:10499000704700BF000000000000F87F2DE9F047DD
:1049A000DFF87CA00646DAF8000098460F469146EC
:1049B000FFF79CFD184B1C6824B365681F2D24DC91
:1049C0005EB96B1C0235DAF80000636044F82570AC
:1049D000FFF78EFD0020BDE8F08704EB8501012381
:1049E000C1F88890D4F88821AB401A43022EC4F84D
:1049F0008821C1F80881E4D1D4F88C211A43C4F885
:104A00008C21DEE7054C1C60D7E7DAF80000FFF7E1
:104A10006FFD4FF0FF30DEE7E8A30020ECA300209D
:104A2000F88D0020F8B5244F0C460646FDF720FF10
:104A3000BB685D68C4F57E610F3125F003054B1935
:104A400023F47F6323F00F03A3F58054B4F5805F54
:104A500007DB00213046FFF7F3FCBB682B4498428C
:104A600004D03046FDF70AFF0020F8BD6142304611
:104A7000FFF7E6FC01300DD0104ABB682D1B45F056
:104A800001055D60136830461B1B1360FDF7F6FEE1
:104A90000120F8BD00213046FFF7D2FCBA68831A26
:104AA0000F2BDEDD43F001035360054B03491B6808
:104AB000C01A0860D5E700BF708F002088A50020CD
:104AC00078930020002961D0F8B50C460646FDF722
:104AD000CFFE54F8042C7B4FA4F1080522F001010D
:104AE00005EB010CB868DCF80430604523F00303E3
:104AF00000F08B80D207CCF8043032D454F8082C64
:104B0000AD1A1144AA6807F1080082426AD00CEB82
:104B10000304D4F804E0EC68D4601EF0010FA26036
:104B200000F0978041F001036B60CCF80010B1F504
:104B3000007F35D27868CB080122490901338A40C9
:104B4000024357F833107A6007EBC302083AC5E90D
:104B5000021247F83350CD603046BDE8F840FDF70B
:104B60008DBE0CEB03025268D00710D4194407F134
:104B70000800DCF80830834273D0DCF80C20DA60DF
:104B8000936041F001036B606950D0E7704741F0DA
:104B90000103B1F5007F44F8043CCCF80010C9D300
:104BA000B1F5206F4FEA512348D28B0903F1390048
:104BB00003F13802C300F818FB580838984259D05E
:104BC0005A6822F003028A4202D99B689842F7D1C0
:104BD000D868C5E902308560DD603046BDE8F84040
:104BE000FDF74CBE0CEB03025268D20763D40B44B2
:104BF000DCE90212CA60916043F001026A6030464B
:104C0000EB50BDE8F840FDF739BE0B44D10707D49F
:104C100054F8082CAD1A1344D5E90212CA60916009
:104C200043F001026A60284ABD6012689A4293D834
:104C3000264B30461968FFF7F5FE8DE7142B0AD98D
:104C4000542B1FD80B0B03F16F0003F16E02C3004E
:104C5000B1E719448DE703F15C0003F15B02C30087
:104C6000A9E741F00103C7E90455C5E902006B60FB
:104C7000695071E779689210012404FA02F20A433C
:104C80007A60A6E7B3F5AA7F06D8CB0B03F17800CC
:104C900003F17702C3008EE740F25452934206D8E4
:104CA0008B0C03F17D0003F17C02C30083E74FF41A
:104CB0007E737E227FE741F001036B60CCF8001029
:104CC0004AE700BF708F00207C930020B8A5002029
:104CD0002DE9F0410469B4EB611F2FDD00F1140EE2
:104CE0004E1111F01F0C0EEB84050EEB86032BD03A
:104CF0005EF8261004339D4221FA0CF1CCF1200815
:104D000018D977461A6802FA08F20A4347F8042BC2
:104D100053F8041B9D4221FA0CF1F3D8A31B9B000E
:104D2000053B9B0801330EEB83044EF82310C9B1F9
:104D3000043417E0416174460029F9D1002303616E
:104D400000234361BDE8F0819D4288BF00F110025D
:104D5000F4D953F8041B42F8041F9D42F9D8A41B50
:104D60000EEB8404A4EB0E039B1074450361E7D0A3
:104D7000BDE8F0812DE9F04F2DED028B0C688B46DC
:104D8000A17885B0302908EE100A9246029340F0CF
:104D9000CE816FF00100001BE21C8318144612F84C
:104DA000011B3029F9D0DFF8008318F80120002A10
:104DB00000F0E5802278002718F802203D462646BC
:104DC0002AB116F8012F18F80220002AF9D1B549A6
:104DD000019301223046FFF777FA019B81460028B4
:104DE0004DD0002D4ED13278A94602F0DF02502A74
:104DF000354650D0CBF80060002F69D12B1B013B0A
:104E0000072B394604DD5B10072B01F10101FADCA9
:104E100018EE100A00F082FB8346002800F066823C
:104E200000F11406AC42019680F0D2810027CDF843
:104E30000C909C49A1463C460CE0202F19D03846E6
:104E400004372A7818F8022002F00F028240144337
:104E50004D4547D015F8012D2E2AEED14D45ECD306
:104E600001222846FFF730FA8E490028F0D0202F83
:104E7000E5D1002046F8044B04270446E1E7002D65
:104E800000F04281327802F0DF02AD1B502A4FEA77
:104E900085093546AED16A782B2A00F025812D2A66
:104EA00000F0A5806E1C002018F802104A1E182A77
:104EB00000F29B80727818F8022010390136002A1F
:104EC0005AD100B149428944CBF80060002F95D0F7
:104ED000002B14BF00250625284605B0BDEC028B2B
:104EE000BDE8F08FDDF80C90234646F8043B1846E9
:104EF000019BF61AB610CBF8106000F0E9FB7601C2
:104F0000DAF80040301AA04275DCC0F2EF800027CA
:104F1000DAF808304B45C0F25181DAF804304B45DD
:104F20004ADDA3EB09094C4500F38280DAF80C2036
:104F3000022A00F06581032A00F08181012A00F035
:104F40006F8118EE100A594600F00EFB5025109A9A
:104F500000232846136005B0BDEC028BBDE8F08F3E
:104F600001EB810102EB4102A2F1100116F8012FC1
:104F700018F80220002AA4D0192AF1DDA1E7494936
:104F8000019301222046FFF79FF9019B00286DD174
:104F9000617818F80120651C002A69D030292C4658
:104FA00005D114F8013F302BFBD018F80320B2FADA
:104FB00082F77F09012302E7012557B1DAF80C30A7
:104FC000022B5DD0032B5FD0012B00F0848045F0D5
:104FD0001005109BC3F800B0029B2846C3F8009050
:104FE00005B0BDEC028BBDE8F08F2E4602E7012034
:104FF000AA78AE1C58E7061B3146584600F096FFCB
:10500000074678B1721E53110199012751F82310F8
:1050100002F01F0307FA03F30B4203D0BA4200F376
:10502000E280022731465846B144FFF751FE6FE750
:1050300009F1FF35002F40F0CE80002D40F0CD80EB
:105040006B11019A05F01F0552F823200123AB4094
:1050500013424946584618BF47F00207A4EB09041B
:10506000FFF736FE0225DAF80490A6E721782546F8
:1050700001F0DF01502900F0BF80CBF8005027E796
:10508000119BC3F101031193119B002B9FD0DBF8FF
:105090001070DDF80480BA004346019208EB8700E7
:1050A000002107E074800020740D0020984243F82E
:1050B000041C3FD91E4653F8042BB2F1FF3FF5D034
:1050C0000132022D326000F0BF8014F01F0440F066
:1050D000E78021257DE7BA077FF579AF019B1B6843
:1050E0001F43FB07D3D472E7002081E7221A5946F9
:1050F00018EE100AA9EB020900F076FC00F1140387
:1051000083460193002703E7727818F80200711CA8
:10511000002800F0A0800D4611F8012F18F80200B9
:105120000028F8D1751B4FEA85090E465DE602346A
:10513000002338E6DBF808309F4280F28E803B4641
:105140000BEB830201210133022DCBF810305161AA
:105150007AD09F42B9DA002B40F39B80DBF8142011
:1051600008EB83030BF1180083424FEA520240F22E
:10517000B1804446016842EAC17244F8042B50F8F9
:10518000042B83424FEA5202F4D8A3EB0B03193BE2
:105190009B08013348F8232008EB8303002A40F0E2
:1051A0009D80A3EB080292104345CBF8102073D0EA
:1051B000DAF8083009F101094B458ADA18EE100ACD
:1051C000594600F0D1F9109A00231360A32583E615
:1051D000019E002389E6012732E72946584600F060
:1051E000A5FE07462CE7B11E584600F09FFE00289A
:1051F0003FF417AF032715E74FF0000901274AE6F0
:10520000119A002A7FF49DAE02990B60019B012246
:10521000CBF810201A60109B6225C3F800B05BE643
:105220004C457FF48EAE012CEED0611E584600F046
:105230007DFE00283FF485AEDAF80430E4E7119AE9
:10524000002A3FF47EAEDFE7DAF80030013BA342EC
:1052500034D02225BDE60E46C7E5DBF8041018EE73
:10526000100A013100F05AF90646C8B3DBF81030D5
:1052700002339A000BF10C010C30FAF79BFB5946F4
:1052800018EE100A00F070F906F114083369B346FD
:1052900056E70023CBF810300023CBF8143087E713
:1052A000019B4344C4F1200453F8040C00F010FAAD
:1052B000A042BFF60EAFDBF810304CE7631104F0EC
:1052C0001F0458F823200123A34013420CBF2225BA
:1052D00021257EE6C8F8002043466AB1043360E722
:1052E000074B08483246842104F008FA044B05486D
:1052F0005A46E42104F002FACBF81020CCE700BFB4
:10530000FC0C0020100D002010B4046809E014F813
:10531000013FA3F1410CBCF1190F98BF2033934218
:1053200009D111F8012B002AF1D1013404600120C8
:105330005DF8044B704700205DF8044B704700BFD8
:105340002DE9F04F096885B04B1111F01F01029053
:1053500002EB8303039140F08F801D1F0193029B9A
:1053600001991C68002341F8043C6178013400294C
:1053700000F09880DFF87491A846AC469A461E4625
:105380000EE0202900F28C80564506DDC44501D28E
:10539000072B5BDD624551D3082314F8011FA1B12F
:1053A00019F801000028ECD00133082B06F10106A2
:1053B0003ADCDCF80010090100F00F000843CCF8DB
:1053C000000014F8011F0029EAD1002E6AD0C4455C
:1053D00001D2072B74DD624552D2111F634653F888
:1053E000040B41F8040FAB42F9D9A5EB0C0323F0F1
:1053F0000303691C04330CF1010C614538BF04231D
:105400001344002143F8041BAB42FBD9019B53F822
:10541000043C2BB9AA4249D055F8043D002BF9D0E1
:10542000052005B0BDE8F08F6245B6D200234CF8E8
:10543000043C1946ACF1040C0123BDE70023ACF198
:1054400004084CF8043CB246C446A6E7C3F1080180
:10545000DCF800308900C1F1200E60469B464768A9
:1054600007FA0EF343EA0B0327FA01FB036040F847
:1054700004BF4045F3D38DE7191D01911D466EE72A
:10548000039B002BC2D0039B0198C3F120014FF076
:10549000FF33CB4050F8041C0B4040F8043CB8E705
:1054A000292909D0042005B0BDE8F08F012305208B
:1054B0002B6005B0BDE8F08F029901340C6084E7E1
:1054C000DCF80010C3F108039B00C3F12007644619
:1054D0000846666806FA07F1014326FA03F02160E0
:1054E00044F8040F4445F4D375E700BF740D002061
:1054F00082B049B15AB16BB113780B601278101EAB
:1055000018BF012002B0704701A9002AF3D110464C
:1055100002B070476FF00100F4E700BF436C70B554
:1055200005460C464BB153F8240080B1026843F89D
:1055300024200023C0E9033370BD2122042104F09C
:10554000FDF8034668640028EDD1002070BD0121FC
:1055500001FA04F6721D9200284604F0EFF80028C4
:10556000F3D0C0E90146E4E731B1436C4A6853F82F
:105570002200086043F82210704700BF2DE9F04177
:105580000E6980460F461D4601F1140E0020DEF81C
:1055900000108CB202FB0453090C4FEA134C02FBBF
:1055A00001CC01309CB204EB0C4486424EF8044B13
:1055B0004FEA1C45EBDC3DB1BB68B34207DD07EBAE
:1055C000860301365D613E613846BDE8F081796849
:1055D00040460131FFF7A2FF0446B0B13A690232FA
:1055E00007F10C0192000C30FAF7E4F9D8F84430D6
:1055F0007A6853F82210396043F82270274607EB87
:10560000860301365D613E61DEE7034B03482246B7
:10561000BA2104F073F800BFFC0C0020740E0020C7
:105620002DE9F8431746274A1E4608330C46092E33
:1056300082FB03124FEAE3730546C3EB620339DDD5
:105640004FF0010C00214FEA4C0C634501F10101C0
:10565000F9DC2846FFF762FF014668B3089B436107
:10566000092F4FF00103036112DC0A340927BE42FF
:105670000BDDF21BA61814F8013B0A22303B28462A
:10568000FFF77CFFA6420146F5D10846BDE8F88346
:1056900004F10909C8463C4418F8013B0A22303B92
:1056A0002846FFF76BFFA0450146F5D1A7F1080496
:1056B0004C44DCE70021CCE70A46034B0348D321E6
:1056C00004F01CF8398EE338FC0C0020740E002026
:1056D000030C1B04D3B90004102310F07F4F04BF48
:1056E0000002083310F0704F04BF0001043310F0C3
:1056F000404F04BF80000233002805DB10F0804FCC
:1057000003F1010308BF2023184670470023E4E794
:10571000036813F0070208D0D9071FD49A0722D5CF
:105720005B08036001221046704799B209B91B0C4F
:105730001022D9B209B908321B0A190704BF1B0984
:105740000432990704BF9B080232D90703D45B08CF
:1057500002F1010205D00360104670470022104696
:1057600070472022DFE79B08022203601046704743
:1057700038B5436C04460D464BB15868B0B1026869
:105780005A6000220123C0E90435C26038BD2122DD
:10579000042103F0D3FF034660640028EDD1094BD8
:1057A0000948002240F2451103F0A8FF1C22012104
:1057B000204603F0C3FF0028F1D001220223C0E9F4
:1057C0000123DEE7FC0C0020740E00202DE9F04FD1
:1057D0000E691569AE4285B08846144605DB2A4637
:1057E000234635460C4616469846A3686168AF19AD
:1057F000BB42B8BF0131FFF791FE0190002800F0D5
:105800008780019B03F1140909EB870AD14505D272
:105810004B46002243F8042B9A45FBD808F11408A4
:1058200008EB860B04F11403D8451A4603EB8505F3
:105830005FD22B1B153B23F0030304331534A54221
:1058400038BF0423CDE902A7AC461F46924605E0C7
:10585000090C29D1C34509F1040948D958F8041B9A
:105860008DB2002DF4D056464C46002356F8041B4A
:1058700022681FFA81FE90B2090C05FB0E00120C83
:10588000034405FB012202EB13429BB243EA0243AD
:10589000B44544F8043B4FEA1243E7D849F80730CF
:1058A00058F8041C090CD5D0D9F8003050461A46D7
:1058B0004C4600260588120C01FB052216449BB2BB
:1058C00043EA064344F8043B50F8045B22682D0C7D
:1058D00093B201FB053303EB164384454FEA1346AD
:1058E000E8D8C34549F8073009F10409B6D8DDE91D
:1058F00002A7002F02DC05E0013F03D05AF8043D67
:10590000002BF9D0019B18461F6105B0BDE8F08F50
:10591000034B0448019A4FF4B17103F0EFFE00BF4E
:10592000FC0C0020740E002012F003032DE9F0415E
:105930001446064632D10D46A41020D0D6F8408039
:10594000B8F1000F33D0E3074FF0000707D464101D
:1059500015D0D8F80000A8B18046E307F7D5424635
:1059600029463046FFF732FFB5B16968736C6410A1
:1059700053F821202A6043F821500546E9D12846F2
:10598000BDE8F081424641463046FFF71FFFC8F8A8
:10599000000007608046E0E70546D8E7013B0F4A74
:1059A00052F823200023FFF7E9FD0546C4E7012153
:1059B0003046FFF7B3FD804640B1012340F271222B
:1059C000C0E90432002330640360BCE7044B05489F
:1059D000424640F2451103F091FE00BF887D002051
:1059E000FC0C0020740E00202DE9F0470D461446F3
:1059F0002F69AB68496807EB62177E1C9E428046A0
:105A00004FEA621904DD5B009E4201F10101FADCFC
:105A10004046FFF783FD8446002852D0B9F1000FBD
:105A200000F114020EDD09F105014FEA810E134663
:105A300000EB8101002043F8040B8B42FBD1AEF157
:105A400014031A44296905F1140314F01F0E03EB23
:105A500081012ED0CEF1200910464FF0000A1C68BB
:105A600004FA0EF444EA0A0440F8044B53F8044BD9
:105A7000994224FA09FAF2D84B1B153B23F0030391
:105A8000043305F11500814238BF0423BAF1000F39
:105A900018BF374642F803A0D8F844306A68CCF8FB
:105AA000107053F822102960604643F82250BDE878
:105AB000F087043A53F8040B42F8040F9942F9D8DE
:105AC000EAE7034B034862464FF4EF7103F016FE1A
:105AD000FC0C0020740E00200B6984460069C01A7B
:105AE00016D10CF1140C14310CEB830210B401EB41
:105AF000830301E0944508D252F8044D53F8041D85
:105B00008C42F7D005D24FF0FF305DF8044B704760
:105B1000704701205DF8044B704700BF2DE9F84F36
:105B20000F691369FF1A002F0E4690467FD101F1CD
:105B30001405143202EB830205EB830301E09D425E
:105B400078D253F8041D52F8044DA142F7D069D31E
:105B50007168FFF7E3FC8146002877D03569D8F8F3
:105B60001020C76008F1140E06F1140009F1140AA0
:105B700006F110010EEB820200EB850756464FF04E
:105B8000000C5EF8044B51F804BFA3B21CFA8BFC66
:105B9000ACEB03034FEA144CCCEB1B4C0CEB234C4B
:105BA0009BB243EA0C43724546F8043B4FEA2C4C47
:105BB000E7D8A2EB0801153908F11508424521F094
:105BC000030404F1040438BF0424204421F0030238
:105BD00038BF002287425244544418D92646014611
:105BE00051F8043B1CFA83FC4FEA2C4202EB1342AF
:105BF0001FFA8CFC4CEA02438F4246F8043B4FEA02
:105C0000224CEDD8013F3F1A27F00307E21923B9D0
:105C100052F8043D013D002BFAD0C9F81050484617
:105C2000BDE8F88F334601274646984690E7F9DBF2
:105C300000278DE70021FFF771FC814668B1012242
:105C40000023C9E904234846BDE8F88F064B0748FE
:105C50004A4640F2452103F051FD034B03484A46B2
:105C600040F2372103F04AFDFC0C0020740E0020A6
:105C700082B08DED000B164B019A1340A3F15073C7
:105C8000002B06DD00221946104641EC100B02B035
:105C900070475B42B3F1A07F4FEA235209DA4FF419
:105CA0000023134100221946104641EC100B02B0AC
:105CB0007047A2F114031E2BDABF4FF00042DA4006
:105CC000012200231946104641EC100B02B0704728
:105CD0000000F07FF8B5046900F1140606EB8404B7
:105CE000271F54F8045C2846FFF7F2FCC0F120039C
:105CF0000A280B601BDDBE420BD20B3854F8081C7F
:105D00002ED145F07F5343F440130A4643EC102B49
:105D1000F8BDB0F10B01F4D005FA01F141F07F5369
:105D2000002143F440130A4643EC102BF8BDC0F1A8
:105D30000B0C25FA0CF1BE4241F07F5338BF54F8EA
:105D4000081C00F1150034BF21FA0CF1002105FAFE
:105D500000F0014343F440130A4643EC102BF8BD16
:105D6000C0F1200C854021FA0CF345EA0307A4F1A9
:105D70000805AE4201FA00F13CBF54F80C0C20FAC1
:105D80000CF047F07F5338BF014343F440130A46F9
:105D900043EC102BF8BD00BF2DE9F043884683B0DB
:105DA000012157EC106B1546FFF7B8FB044600289D
:105DB00051D0C7F30A59C7F31303B9F1000F01D04B
:105DC00043F48013002E019318D101A8FFF7A0FC23
:105DD000019A6261012200F120032261B9F1000FF2
:105DE00025D0A9F2334909EB03022046C3F135035C
:105DF000C8F800202B6003B0BDE8F0836846009629
:105E0000FFF786FC034610B3DDE90002C3F1200171
:105E100002FA01F10143DA4061610192002AA261B4
:105E200014BF022201222261B9F1000FD9D1A3F2DD
:105E30003243C8F8003004EB82031869FFF748FCCE
:105E4000C0EB421320462B6003B0BDE8F083009AFC
:105E50006261019AE2E7034B0348224640F20F31A8
:105E600003F04CFCFC0C0020740E0020F0B583B055
:105E70000E4669460746FFF72DFF01A9304655EC4F
:105E8000104BB0EE407BFFF725FF33693A69D21A19
:105E9000DDE900315B1A03EB4213002B09DD17EE3D
:105EA000902A02EB035545EC174B87EE000B03B02D
:105EB000F0BD10EE902A51EC100BC3EB033302EB54
:105EC000035141EC100B87EE000B03B0F0BD00BF97
:105ED0000139491101F1010C116902F1140303EBBD
:105EE00081018B4200EB8C0C17D210B5A0F1040E8F
:105EF00053F8044B4EF8044F9942F9D88A1AA2F18C
:105F0000150323F0030304331844844504D9002304
:105F100040F8043B8445FBD810BD844505D90023D7
:105F200040F8043B8445FBD87047704703694A1129
:105F3000934200F1140009DA00EB830302E053F806
:105F4000042DC2B98342FAD80020704710DD11F049
:105F50001F010DD010B450F8224000EB820324FA48
:105F600001F28A4094420CD001205DF8044B704746
:105F700000EB8203E6E70120704753F8042D002A66
:105F8000F2D18342F9D800205DF8044B704700BF7E
:105F900049B1FF2A02D80A70012070478A230360A2
:105FA0004FF0FF3070470846704700BF2DE9F04FB3
:105FB0002DED088BD1B00C460BEE101A90460893CD
:105FC000834603F059FB036812931846FEF76EFCF4
:105FD00020AF1090082200213846FEF7BDF8A389B3
:105FE0001B0603D52369002B00F0558700239FED86
:105FF000838B9FED849BCDE92533CDE91333CDE928
:10600000153327AA0E932492924611930493444683
:10601000A1467E4BD3F8E450FEF7CEF94A4603463C
:106020001CA900975846A847002800F0B080C0F28D
:10603000A6801C9A252A034601D09944E9E7B9EBCA
:106040000405064640F0A78000234FF0FF328DF88C
:1060500067309846069309F1010999F800300392D8
:106060002B25202609F10109A3F120025A2A00F26A
:10607000CF80DFE812F0E802CD00CD00E302CD00D2
:10608000CD00CD006A00CD00CD0005028402CD0018
:106090001002C902CD00BD025B005B005B005B002B
:1060A0005B005B005B005B005B00CD00CD00CD00C2
:1060B000CD00CD00CD00CD005301CD0083011A02EB
:1060C000530153015301CD00CD00CD00CD00150289
:1060D000CD00CD009602CD00CD00CD00AB01CD00AE
:1060E000AA02CD00CD00E306CD00CD00CD00CD004D
:1060F000CD00CD00CD00CD005301CD008301DE01E8
:106100005301530153017702DE017F00CD00890264
:10611000CD005F02E0062F027F00CD00AB017C00C6
:10612000B806CD00CD00BD06CD007C00A3F1300245
:10613000002119F8013B01EB810102EB4101A3F1C0
:106140003002092AF5D906918EE7584603F094FAF1
:10615000436815931846FEF7A9FB1690584603F0BE
:106160008BFA83681393169B002B40F02D8699F8C9
:10617000003077E799F8003048F0200872E70822ED
:1061800000213846FDF7E8FF0123994441E7B9EBC8
:106190000405064611D0269B2B442693259B0133EC
:1061A000072BCAE9004525931CDC0AF1080A049B69
:1061B0002B440493002E7FF447AF269B002B41F025
:1061C0000B821BEE103AB3F90C3013F0400F049B16
:1061D00018BF4FF0FF330493049851B0BDEC088B07
:1061E000BDE8F08F1BEE101A24AA584604F06AFD91
:1061F0000028E6D10DF19C0AD9E700BF000000009D
:1062000000000000FFFFFFFFFFFFEF7F048E002074
:106210000B93002BD1D00021CDE90C118DF8DC308F
:1062200001238DF8671002930791059303910F9155
:1062300037AC18F00203099302D0029B0233029399
:1062400018F084030A9305D1069B029A9D1A002D2B
:1062500000F36983269A89B125990DF16700013110
:106260000132CAF8000007294FF00100269225915B
:10627000CAF8040000F3A2830AF1080A099B83B15B
:10628000259B1AA901330232CAF80010072B4FF0E0
:10629000020126922593CAF8041000F3A3830AF1A1
:1062A000080A0A9B802B00F06C82039B05995D1AFB
:1062B000002D00F3A58218F4807F40F00D82059B2D
:1062C000CAF804301A44259BCAF800400133072B52
:1062D0002692259300F31B830AF1080A18F0040F95
:1062E00005D0069B02995C1A002C00F38883049B5E
:1062F000069902988142ACBF5B181B180493002AD0
:1063000040F0B08200232593079B1BB107995846A4
:10631000FEF7D8FB0DF19C0A4C4679E60B93089BDF
:10632000073323F00703B3EC028BB0EEC87BB4EE67
:10633000497BF1EE10FA089340F3E984B5EEC08B87
:10634000F1EE10FA01F159809DF86710AB4CAC4B9F
:1063500028F080080B9A472AC8BF1C460023CDE9C5
:106360000C33032207930292059203930F930029A3
:106370003FF45FAF029B013302935AE7432B0B9329
:1063800003D018F0100F00F05D85089D0822002151
:1063900022A837ACFDF7E0FE22AB55F8042B2146CE
:1063A000584604F065FB03460133059001F0EE8288
:1063B000059B089523EAE37302930021CDE90C11B4
:1063C0008DF86710079103910F9132E70B93089BAB
:1063D0001A4600238DF86730134653F8044B089390
:1063E000002C00F048850B9B532B00F0EC8618F036
:1063F00010030C9340F0E786039B5D1C01F0E580E1
:106400000C991A462046FEF7F1F90790002801F092
:106410002883079B1A1B05920C9B039322EAE272C6
:106420000F930D93079373239DF8671002920B93BC
:106430009DE718F0200F0B93089B3DD0073323F006
:1064400007031A4611465B6851F8082B0891194654
:10645000002BC0F20C84039B013300F09E8228F0D5
:10646000800052EA0103029040F09982039B002BC6
:1064700040F09A82804600230393059350AC06E1D6
:10648000089B53F8042B0692002A80F21984069A7E
:1064900008935242069299F8003048F00408E1E56A
:1064A00099F8003048F00808DCE548F0100818F0CA
:1064B000200F0B93089BC1D118F0100F40F00B84F4
:1064C00018F0400F00F0038433F9042B0893D11720
:1064D0000B46BDE7089B48F00202029253F8042BDA
:1064E000089347F63003ADF868307820454B119398
:1064F000002102230B900020039C8DF86700601C94
:1065000000F0AD80029820F0800852EA010040F0CF
:10651000A480002C40F0AE86002BACD1029B13F07F
:106520000103059300F0D18330238DF83F310DF244
:106530003F14ACE018F0200F40F0D48318F0100F97
:1065400040F09F8618F0400F40F0978718F4007FC6
:1065500000F09786089B049953F8042B0893117058
:106560004C4655E599F80030682B03BF99F8013087
:1065700048F4007809F1010948F0400872E599F8FB
:1065800000308DF867506DE599F800306C2B03BF33
:1065900099F8013048F0200809F1010948F0100885
:1065A00060E50B9348F0100818F0200100F05183CB
:1065B000089B073323F00703596853F8082B089307
:1065C00028F480630293002395E70B9348F01003AF
:1065D0000293029B13F0200100F02983089B0733EC
:1065E00023F00703596853F8082B0893012382E727
:1065F00099F8003048F0800834E500BF6C100020A6
:106600000809002074100020494611F8013B2A2B8C
:1066100001F04982A3F13002092A894698BF00217E
:1066200001F2448119F8013B01EB810102EB4101C8
:10663000A3F13002092AF5D9039115E599F8003044
:1066400048F001080EE59DF86730002B7FF48FAD10
:1066500099F800308DF8676004E5CDF80880012BCB
:1066600000F09D81022B50AC20D1119802F00F0355
:106670001209C35C04F8013D42EA0172090952EAB9
:106680000103F3D150AB1B1BDDF808800593059A7D
:1066900003989DF8671082424FF00003B8BF02468E
:1066A000CDE90C33079302920F9360E602F00703E3
:1066B000D20842EA4172C908303352EA0105204645
:1066C00004F8013DF2D1029AD10700F14D8250AB9E
:1066D0001B1B90460593DAE70B9B652B40F3D48098
:1066E000B5EE408BF1EE10FA40F0C181259BBA491E
:1066F000CAF80010013301320121072B269225939D
:10670000CAF8041000F351850AF1080A1B9B0E9980
:106710008B4280F2D082109B12991A44CAE900136E
:10672000259B26920133072B259300F397830AF1CB
:10673000080A0E9B5C1E002C7FF7D0AD102C259B09
:1067400040F36E851BEE106A102505E00AF1080A79
:10675000103C102C40F364850133A0491032072B04
:10676000CAE90015CDE92532F0DD24AA31465846A4
:1067700004F0A8FA00287ED1DDE925320DF19C0A4B
:10678000E6E7069B02995D1A002D7FF78EAD102D6E
:10679000259B21DD099410261BEE104A04E0103DD4
:1067A000102D0AF1080A16DD01338C491032072B2F
:1067B000CAE90016CDE92532F1DD24AA2146584662
:1067C0000DF19C0A04F07EFA002854D1103D102DE2
:1067D000DDE92532E8DC099C8049CAF80450013320
:1067E0002A44072BCDE92532CAF8001000F326858C
:1067F000039B05995D1A002D0AF1080A7FF75BAD2E
:10680000102D259B1FDD514610261BEE10AA04E01B
:10681000103D102D01F1080114DD01336F481032D5
:10682000072BC1E90006CDE92532F1DD24AA514646
:10683000584604F047FAF0B9103D102DDDE9253235
:1068400027A9EADC8A4601336449CAF804502A447D
:10685000072BCDE92532CAF8001000F3DA810AF1DE
:10686000080A28E51BEE101A24AA584604F02AFA52
:1068700000283FF447AD079B002B3FF4A2AC0799DB
:106880005846FEF71FF99CE40E9B012B40F37A81DA
:10689000259BCAF80040013301320121072B2692C3
:1068A0002593CAF8041000F3F8810AF1080A109938
:1068B000129801330A44072BCAE90001CDE92532B9
:1068C00000F3DD810AF1080AB5EE408BF1EE10FA13
:1068D00000F077810E990133013901340A44072B06
:1068E000CAF800402593CAF80410269200F35B8191
:1068F0000AF1080A1499CAF8041001330A44072B54
:106900001EA9CDE92532CAF800107FF7E5AC1BEED1
:10691000101A24AA584604F0D5F90028ABD1269ABB
:106920000DF19C0ADAE4102DDDE925122C4E24DD50
:10693000179410231BEE104A084604E0103D102D5A
:106940000AF1080A17DD013010320728CAE900638E
:10695000CDE92502F2DD24AA214658460DF19C0A14
:1069600004F0B0F9002886D1103D102DDDE9250294
:106970004FF01003E7DC179C014601312A44072938
:10698000CDE92512CAF80060CAF8045000F3BD83AF
:106990009DF867100AF1080A5DE4CDF808800A2A1C
:1069A00071F1000380F0458330320123DDF8088067
:1069B0008DF83F2105930DF23F1468E61BEE101A87
:1069C00024AA584604F07EF900287FF454AF269A92
:1069D0000DF19C0A52E400BFA8050020C4870020E6
:1069E0001C2B00201BEE101A24AA584604F06AF94A
:1069F00000287FF440AF269A0DF19C0A51E4102C38
:106A0000259BBE4E1FDD1BEE108A102504E0103CB6
:106A1000102C0AF1080A16DD01331032072BCAE9DF
:106A20000065CDE92532F2DD24AA414658460DF134
:106A30009C0A04F047F900287FF41DAF103C102C8D
:106A4000DDE92532E8DC01332244072BCAE9006482
:106A5000CDE925327FF74BAC1BEE101A24AA58461D
:106A600004F030F900287FF406AF269A3FE41B9922
:106A7000002940F35A830C9E0E9B9E42A8BF1E46DF
:106A8000002E0BDD259B01333244072BCAE900465B
:106A90002692259300F389860AF1080A0C9D002EA0
:106AA000A8BFAD1B002D00F303820C9B18F4806F70
:106AB0002344059340F01F821B9B0E998B4203DBFE
:106AC00018F0010F00F0CF84109912980A44CAE917
:106AD00000012599269201310729259100F3A58609
:106AE0000AF1080A0E996518CC1A059BED1AA54201
:106AF000A8BF2546002D0DDDCAF80030259BCAF839
:106B0000045001332A44072B2692259300F3BB86B9
:106B10000AF1080A002DA8BF641B002C7FF7DEAB2A
:106B2000102C259B40F37C831BEE106A102505E09A
:106B30000AF1080A103C102C40F3728301337049AB
:106B40001032072BCAE90015CDE92532F0DD24AA61
:106B50003146584604F0B6F800287FF48CAEDDE9E3
:106B600025320DF19C0AE5E7302B3FF48BAD302345
:106B7000023804F8013C50AB1B1ADDF8088005937D
:106B8000044684E518F0010F7FF482AE259BCAF815
:106B90000040013301320121072B26922593CAF8C8
:106BA00004107FF7A5AE1BEE101A24AA584604F075
:106BB00089F800287FF45FAEDDE925320DF19C0AEB
:106BC00098E60E994C1E002C7FF794AE102C40F3E3
:106BD00061831BEE106A102505E00AF1080A103CDB
:106BE000102C40F35783013345491032072BCAE973
:106BF0000015CDE92532F0DD24AA3146584604F0CF
:106C000061F800287FF437AEDDE925320DF19C0AEA
:106C1000E5E71BEE101A24AA584604F053F80028A2
:106C20007FF429AE269A0DF19C0AFFF744BB029B24
:106C300013F0100340F0C180029A12F0400200F0FD
:106C40007A83089850F8042B0890194692B20123D1
:106C500051E418F0100355D118F0400200F05D83A4
:106C6000089850F8042B0890194692B2A8E45242B2
:106C700061EB4101CDF808802D2001233CE41BEE9F
:106C8000101A24AA584604F01DF800287FF4F3AD2A
:106C9000DDE925320DF19C0A16E61BEE101A24AA36
:106CA000584604F00FF800287FF4E5ADDDE9253201
:106CB0000DF19C0AFBE518F0010F3FF40FAB2AE53C
:106CC000089399F80030FFF7CDB950ACDFE418F421
:106CD000007F40F0DB8353F8042B0893D1170B4659
:106CE000FFF7B6BB089B049853F8041B0893C21720
:106CF000C1E900024C46FFF78BB900BF1C2B0020F6
:106D0000C4870020089B53F8042B089358E4B4EE82
:106D1000488BF1EE10FA80F194860B9B612B00F00A
:106D20005285412B00F0C085039B01330B9B23F060
:106D3000200500F08084472D04D1039B002B08BF61
:106D40000123039318EE903A002B48F480724646D4
:106D5000C0F21886B0EE48AB002390460993079323
:106D60000B9B413B252B00F29883DFE813F06F0467
:106D700096039603960368046C04960396039603A1
:106D8000960396039603960396039603960396033B
:106D9000960396039603960396039603960396032B
:106DA000960396039603960396039603960396031B
:106DB00096039603960368046C04089B53F8042B0F
:106DC00008930123FFF797BB139B002B3FF4CFA938
:106DD000139B1B78002B3FF4CAA999F8003048F4A4
:106DE0008068FFF73FB90B93CDF80880FFF7F1BB40
:106DF0000B939A4B119318F0200100F00581089B2A
:106E0000073323F00703596853F8082B089318F049
:106E1000010F0AD052EA010307D00B9B8DF86930AD
:106E2000302348F002088DF8683028F4806302931C
:106E30000223FFF760BB0B93FFF7B6BB0B93884BA6
:106E40001193D8E7089B012153F8042B02918DF888
:106E5000DC200893059137ACFFF7AFBA1BEE101A90
:106E600024AA584603F02EFF00287FF404AD269A8A
:106E70000DF19C0A5DE4039B0794062B224628BF74
:106E8000062303942146CDE90C22764C0293059308
:106E90000F92FFF76CBA40215846FBF739FA206091
:106EA0002061002800F00F8640236361FFF79EB841
:106EB000102D259B40F35D82514610261BEE10AA33
:106EC00004E00831103D102D40F352820133664832
:106ED0001032072BC1E90006CDE92532F1DD24AAE5
:106EE0005146584603F0EEFE00287FF4C4ACDDE9BD
:106EF000253227A9E6E70E9BCDF82490E3180393EB
:106F00000D9BCDF82880139E059DDDF85890DDF887
:106F10003C800B941BEE101A5046002B34D0B8F175
:106F2000000F35D10D9B013B013E0D93159BC0E930
:106F30000039259B01334A44072B269225936CDCAC
:106F40000830039B96F800C05B1B6345A8BF6346EF
:106F5000002B9A460CDD259C01341A44072CC0E90D
:106F600000532692259400F3778196F800C00830EC
:106F7000BAF1000FACBFACEB0A046446002C0ADC8B
:106F800065440D9B002BCAD1B8F1000F00F0AC8313
:106F900008F1FF38CAE7102CDDF894C024DD059510
:106FA0004FF0100A63460D4604E0103C102C00F12F
:106FB000080016DD01332C491032072BC0E9001AF6
:106FC000CDE92532F1DD24AA2946584603F07AFEA0
:106FD00000287FF450AC103C102CDDE9253227A8A6
:106FE000E8DC2946059D9C460CF1010322444460DF
:106FF000072B1D4C0460CDE9253200F3C68396F8BB
:1070000000C008306544BCE718F0100300F0C280EF
:10701000089B53F8042B0893F9E624AA58460591D7
:1070200003F050FE00287FF426AC269A059927A885
:1070300087E70298CDF81CA050AC00F480600025D2
:107040000AEE10BA094BDDF84CA0CDF81490A34617
:107050004FF00508AC46044610E000BF7410002055
:10706000881000209C100020C4870020CDCCCCCC00
:107070000A2A71F1000136D34A463146501840F1D0
:107080000000A3FB005626F0030505EB9605401B08
:10709000151A4FF0CC3661F1000E06FB05F6A5FB84
:1070A000039503FB0E6609F0010E2E44AEFB085E4D
:1070B0002D184FEA590930350BF8015C49EAC679B9
:1070C0000CF1010C0BF1FF3B7608002CD0D09AF8A4
:1070D00000008445CCD1BCF1FF0FC9D00A2A71F160
:1070E000000180F08F815C4650AB1B1BDDF81490D3
:1070F000CDF84CA01AEE10BADDF81CA0DDF808801F
:10710000CDF838C00593FFF7C2BA1BEE101A24AAB7
:10711000584603F0D7FD00287FF4ADAB9DF867100B
:10712000269A0DF19C0AFFF796B8259BBE48CAF82F
:107130000000013301320120072B26922593CAF863
:10714000040000F377810AF1080A002940F0AF80BB
:107150000E9908F001030B433FF4C0A8109B12994D
:107160001A44CAE90013259B26920133072B259365
:1071700000F352820AF1080A0E99CAF8004001335E
:107180000A44072BCDE92532CAF804107FF7A4A8DA
:10719000FFF7BDBB18F0400200F0DD80089850F802
:1071A000042B0890194692B231E61BEE101A24AA5D
:1071B000584603F087FD00287FF45DAB269A0DF159
:1071C0009C0AFFF7A3BA22AE0822002130461D9484
:1071D000FCF7C2FF039B5A1C00F0DB800025CDF8B2
:1071E0000890CDF81C809946A8460CE037A958466F
:1071F00003F03EFC431C404400F0C883484508DCD3
:1072000000F0188480461D9A525933460435002AEE
:10721000ECD1CDF81480DDF80890DDF81C80C5E0D5
:1072200001338249CAF804402244072BCAF80010EF
:10723000CDE925327FF750A8FFF769BB1BEE101A86
:1072400024AA584603F03EFD00287FF414AB269A8A
:107250000DF19C0AFFF729B824AA5846059103F0BE
:1072600031FD00287FF407AB96F800C0269A0599F7
:1072700027A87DE6012BCDF808807FF4F3A9FFF75E
:1072800093BB089B049953F8042B4C461160089358
:10729000FEF7BEBE01336549CAF804402244072BFD
:1072A000CDE92532CAF800107FF722AB7BE4109BB2
:1072B00012981A44CAE90003259B26920133072B32
:1072C000259300F3A9810AF1080A0029BFF654AFFB
:1072D0004D42103180F20F831BEE101A102605E08C
:1072E0000AF1080A103D102D40F3058301334F4881
:1072F0001032072BCAE90006CDE92532F0DD24AAB9
:107300005846039103F0DEFC00287FF4B4AADDE9BF
:10731000253203990DF19C0AE4E7089B18F40071EB
:107320001ABF114653F8042B53F8042B089318BFC7
:10733000D2B2FFF745B9029B13F40071089B1ABF44
:10734000114653F8042B53F8042B089318BFD2B2FC
:107350000123FFF7D0B8089B18F400711ABF11463B
:1073600053F8042B53F8042B089318BFD2B24EE500
:107370008A4601332D49CAF804502A44072BCDE927
:107380002532CAF8001000F339810AF1080AFFF724
:107390008CBB0023194600961DAA584603F08EFBAD
:1073A00003460133059000F0F1821D94059B002BEC
:1073B0004ED0632B00F318810023079337AC0822CB
:1073C00000213046FCF7C8FE059D00962B461DAAFD
:1073D0002146584603F072FB854240F07C83059AB3
:1073E0000023A35422EAE272CDE90C339DF8671022
:1073F000039302920F93FEF7BABF2D218DF8671009
:10740000FEF7A4BF169B1599ABEB030B1A46584623
:10741000FCF7A0FF9AF80120054B0AB10AF1010A16
:107420004FF0000C28E600BFA8050020C48700200C
:10743000CDCCCCCC1BEE101A24AA584603F042FC4B
:1074400000287FF418AA1B99269A0DF19C0A7CE665
:10745000059B9DF867100F93CDE90233CDE90C33FE
:107460000793FEF784BF0E99059865182D1ACC1A5C
:10747000A542A8BF2546FFF74DBB089B049953F8CA
:10748000042B089311804C46FEF7C2BD13F9042B60
:107490000893D1170B46FEF7DBBF039A022122ABFC
:1074A00001931DAB009358461BABB0EE4A0B029202
:1074B00002F014FA472D029A044600F06181462D2D
:1074C000104405D12378302B00F06F821B9A1044B2
:1074D000B5EE40ABF1EE10FA40F0468103461B1BBF
:1074E0000E93472D00F01081462D00F0B5811B9BB7
:1074F0000C930C9B412D03F1FF331B9300F0E581AE
:107500009DF82C200021002BB8BF0C9B8DF8782013
:10751000BABFC3F101032D222B22092B8DF879204C
:1075200040F3DA810DF18F05DFF81CC42A461046BE
:107530008CFB0321DA17C2EBA10202EB8201A3EB61
:107540004101303100F8011C19466329134600F14E
:10755000FF32ECDC3033D9B2831E9D4202F8011CAD
:1075600040F28B8213460DF17A0201E013F8011B01
:1075700002F8011B9D42F9D10DF191030DF17A0240
:107580001B1A13441EAA9B1A14930E9B149A012BC8
:107590001A44059240F30382059B109A1344059305
:1075A00026F48063059A43F480780023CDE90C33F8
:1075B00022EAE2720F930292099B002B40F0B18005
:1075C0009DF867100393FEF7D2BE2046FDF76EF9D3
:1075D00002460590FEF720BF1BEE101A24AA58465B
:1075E00003F070FBFEF7EDBD591C5846FAF790FE0C
:1075F0000446002800F0CA810790E0E61BEE101A4E
:1076000024AA584603F05EFB00287FF434A9269A8A
:107610000DF19C0AFFF749BA1BEE101A24AA58462E
:1076200003F050FB00287FF426A9DDE925321B99E1
:107630000DF19C0A49E606230393FFF783BB039BE6
:1076400002215A1C2BE7039A032128E71BA8B0EE5E
:107650004A0B02F017F8B4EE007B20EE070BB5EEF4
:10766000400BF1EE10FA01D101231B93B348039BA9
:10767000B3EE005B013B224604E0B5EE400BF1EEB9
:1076800010FA13D020EE050BFDEEC07BB3F1FF3FE7
:1076900017EE901A415CB8EEE76B944630EE460B5D
:1076A00002F8011B194603F1FF33E6D1B6EE006B79
:1076B000B4EEC60BF1EE10FA00F34881B4EE460BBF
:1076C000F1EE10FA04D117EE903ADB0700F13E819B
:1076D000002906DB4B1C1344302102F8011B9342A6
:1076E000FBD1131B0E93FCE60B9C0E9BDDF8249044
:1076F000DDF828801396E3189D42294628BF1946D5
:1077000082460591FFF7D8B91B9B0C93DA1C02DB6C
:10771000039A93420CDD0B9B023B0B9323F0200555
:10772000E7E62D2100238DF867100393FEF722BEB4
:107730000C9B0E9A9342C0F2BD80F0070C9B40F167
:107740003281109A13440593710503D50C9B002BCD
:1077500000F33581059B23EAE373029367230B93C0
:1077600000230F930D9327E7229B8342BFF4B7AE0C
:1077700030215A1C22921970229B9842F9D8AEE609
:10778000F30700F1A780229BA9E624AA5846059199
:1077900003F098FA00287FF46EA896F800C0269AA5
:1077A000059927A86544FFF7ECBB1BEE101A24AA25
:1077B000584603F087FA00287FF45DA8269A0DF159
:1077C0009C0AFFF76BB978238DF8693030238DF868
:1077D0006830039B632B48F0020600F3A680002369
:1077E000079337AC18EE903A002B48F481782BDBE6
:1077F000B0EE48AB0B9B23F02005002309930B9BB5
:10780000612B7FF4ADAAB0EE4A0B1BA801F03AFF42
:10781000B4EE007B20EE070BB5EE400BF1EE10FA54
:1078200001D101231B93464821E71BEE101A24AA1D
:10783000584603F047FA00287FF41DA81B9B269AA0
:107840000DF19C0AFFF74EB90B9B23F020052D2369
:107850000993B1EE48ABD2E71B9A0C92002A06F0CE
:10786000010340F30D8103990B4340F0CF800C9B43
:10787000059366230B93720500F1A380059B23EA11
:10788000E37302936CE71BEE101A24AA584603F028
:1078900019FA00287EF4EFAF1B9C0E9B269A1C1B46
:1078A0000DF19C0AFFF736B958238DE700220392A9
:1078B000FEF7DABB0E9B109A9A180C9B0592002BD0
:1078C00040F3AB8067230B93D5E70B9A0F32D2B20C
:1078D000012118E6A018FBE5002940F0A88030221D
:1078E0008DF87A200DF17B02303302F8013B1EAB9C
:1078F000D31A149349E601331249CAF804502A44B2
:10790000072BCDE92532CAF800107FF733AC1BEE08
:10791000101A24AA584603F0D5F900287EF4ABAF1C
:10792000DDE925320DF19C0A26E4591C5846FAF788
:10793000EFFC044650B3079054E700BF88100020C6
:1079400074100020C487002067666666CDF888C082
:1079500012F8011C90F80FC0614513460AD14FF090
:10796000300E03F801EC229B591E229113F8011CE2
:107970008C45F6D0392916BF0131817AC9B203F896
:10798000011CAEE600239046079360E71BEE102A29
:10799000B2F90C3043F040039381FEF716BCF507B3
:1079A0007FF5FEADF8E50593CEE6B5EE40ABF1EE22
:1079B00010FA3FF48BADC2F101021B9287E56723F9
:1079C0000B9313990B78FF2B79D000250C9A28463E
:1079D00003E001300131FF2B08D0934206DAD21ABE
:1079E0004B78002BF5D10B780135F4E70C9213910D
:1079F0000D900F950F9A0D9B16991344059A01FB54
:107A00000323059323EAE3730293D5E5109BD31870
:107A10001944662305910B932DE7C3F101031A4422
:107A200022EAE2730293672305920B9398E60DF125
:107A30007A0259E7039BDDF80890DDF81C80059376
:107A4000B4E418EE903A002BB4BF2D219DF86710D6
:107A5000254C264BB8BF8DF8671028F08008FEF73C
:107A600079BC039B0293059373239DF867100390E1
:107A70000F900D900B93FEF77ABC0223149384E5CC
:107A8000039A134305D10123662202930B920593B7
:107A900066E6109B01331A4422EAE27302936623DE
:107AA00005920B935CE6089A99F80130894652F8E2
:107AB000041B089241EAE1710391FEF7D3BA002357
:107AC0000F930D9396E70C23CBF800304FF0FF3364
:107AD0000493FEF781BB1BEE102A938943F0400309
:107AE0009381FEF7C8BE00BF70100020040900207B
:107AF0002DE9F04F2DED028BADF5377D8B46B1F9B9
:107B00000C1002AF8C048146FA643B6309D4DBF8A5
:107B1000643041F4005123F40053ABF80C10CBF85F
:107B2000643000231C460822194607F15800FB6206
:107B3000A246FCF711FB3C647C62BC637C64834B13
:107B4000D3F8E440FCF738FC07F1580203460092F2
:107B500007F15401FA6C4846A047051EFB6C33DB65
:107B60002B44FB647B6D2E46002B00F0B680012D6C
:107B700038D0252B40D0002DE1D0FB6C9E1BDBF8CC
:107B80000430741E002B40F39880DBF8001094F84A
:107B900001C091F800E0A31C0AEB0300E64501F1E7
:107BA0000101A3EB060204F10104A0EB060040F082
:107BB0009480DBF80430CBF80010013BAA42CBF8EC
:107BC0000430DFDB8246BAE70133FB6408224FF65C
:107BD000FD73002107F158007B65FCF7BDFA7B6D52
:107BE000002B7AD05A4EF25C100700F11C85252B31
:107BF00040F0868001252E46F86C00240278A046CD
:107C0000A2F12503411C552B67D8DFE813F00A07C2
:107C10006600660066006600010766006600660092
:107C2000660066000C060C060C060C060C060C061C
:107C30000C060C060C060C06660066006600660064
:107C4000660066006600180666008E04C904180601
:107C50001806180666006600660066008200660068
:107C60006600BF0466006600660089006600660064
:107C7000660066006B0666006600DD06660066004C
:107C8000660066006600180666009004CB041806BD
:107C900018061806BE06D20682006600E706F3063E
:107CA000AC06C104DA06660066008B007D00CA06D9
:107CB000660066006B0666007D005946484603F084
:107CC000C1F800283FF461AF7B6C002B01F05280BB
:107CD000BBF80C305A0601F14D803B6C43B13B6C54
:107CE000D3F80080B8F1000F02D04046FAF708FB45
:107CF000786C07F53577BD46BDEC028BBDE8F08F9B
:107D0000FB6C01255E1E3AE72307E6D14278084660
:107D100076E72207E1D1427844F0020408466FE793
:107D200044F00104F9640225DBF80430002B40F331
:107D30000884600640F10F846B1E032B01F2EB8078
:107D4000DFE813F07B02F1014B010800048E0020F4
:107D5000D90E0020484601F08FFC03683B6208F111
:107D6000FF33B3F5AE7F40F25A856FF4AE7508EB82
:107D700005033B6140F25D18002607F5B87308EE75
:107D8000109AC7E90566FE637E63FE61BE6444F433
:107D9000F064BB621D464646DBF800100A78A2F18B
:107DA0002B034E2B50D8DFE813F07E034F007E03E9
:107DB0004F004F00A300A600A600A600A600A60044
:107DC000A600A600A600A6004F004F004F004F00DF
:107DD0004F004F004F0074030B030B030B039E0374
:107DE00094034F004F0084034F004F004F004F009B
:107DF0005D034F003A034F004F004F0033034F0025
:107E00004F004F001E036D034F004F004F004F0007
:107E10004F004F004F0074030B030B030B039E0333
:107E200094034F004F0084034F004F004F004F005A
:107E30005D034F003A034F004F004F0033034F00E4
:107E40004F004F001E036D03A0056FD5386A0378FD
:107E500093426BD1C7E902457E60814618EE106AF5
:107E60004FF000085C4607E0216091F800E099F8C7
:107E7000000086451CD1DA4619F8010F45460AF183
:107E8000010B013108F10108002800F064866068E8
:107E9000013800286060E7DC2146304602F0D2FF5E
:107EA00030B9216899F8000091F800E08645E2D0E9
:107EB000A3463A6ABC683D612B46B146BE6CFD687C
:107EC000BD6401335D4602EB0308B3462646144603
:107ED00018F8011D2A46484602F074FF4445F7D1C0
:107EE0003B693446AAEB030A5E46AB46BD6C20E014
:107EF000E00500F10185BB6CF96BD94216D124F481
:107F0000C07405F8012B013EDBF80430013B002B67
:107F10000AF1010ACBF8043040F36F83DBF800303C
:107F20000133CBF80030002E7FF436AFBE6C18EE74
:107F3000109A7B6B002B40F0DC82FB6B013B012B2A
:107F400041F21680731E062B40F22786E3051BD5EF
:107F5000660501F1B58015F8011C652905F1FF33AF
:107F60000AF1FF360AD0452908D05A46484602F0A1
:107F700029FF15F8021CAAF10206AB1E5A46484614
:107F8000B2461D4602F01EFF14F010027FF4D7AD7A
:107F900004F4C063B3F5806F2A7000F0D284BB692B
:107FA000002B40F02C874846B96A0022FBF79EFD63
:107FB000E0073B6B00F1C985A10700F1C685B4EE6F
:107FC000400BF1EE10FA53F8044B80F1F486B7EE53
:107FD000C00B3B6384ED000AA2E308F1FF33B3F565
:107FE000AE7F40F2A2836FF4AE7208EB0203FB6334
:107FF00040F25D1807F5B8730022BE6BBB625946AC
:1080000044F45864D3461D4692460A681078A0F19D
:108010002B034D2B60D8DFE813F082025F00820251
:108020005F005F00CD02E001E001E001E001E0015E
:10803000E001E0016F026F025F005F005F005F0020
:108040005F005F005F004E004E004E004E004E008D
:108050004E005F005F005F005F005F005F005F0039
:108060005F005F005F005F005F005F005F005F0018
:108070005F005F0076025F005F005F005F005F00EF
:108080005F005F005F004E004E004E004E004E004D
:108090004E005F005F005F005F005F005F005F00F9
:1080A0005F005F005F005F005F005F005F005F00D8
:1080B0005F005F0076020A2E0EDD24F438644B6800
:1080C00005F8010B013B002B4B6040F38D82013220
:1080D0000A60B8F1010898D1E005D046BE63DA46DF
:1080E0008B4607D5BB6A9D4200F22284BB6A9D4243
:1080F0003FF4F3AD14F0100210D1B96ABB6BFE6A05
:108100002A704846B047A10640F108843B6B53F8FB
:10811000042B10603B637B6C01337B64BB6AED1AFC
:108120004544AA440BE5B8F1000F08BF4FF0FF38F3
:10813000E00740F1958214F010037B6340F07484F3
:10814000210640F166863C6B54F8043BFB63002B30
:108150003FF4C3AD8020FAF7CBF8B864002800F0F4
:108160007887FB6BBA6C1A603A6CD58893889D420D
:1081700080F052851068FB6B40F825303B6C3C6307
:108180000135DD80BB6CBB6220233B62DBF8003035
:10819000B14E1B78F35C13F0080340F0BB847C6A9B
:1081A0007E621D46FCF708F9A8423FF48DADDBE97D
:1081B000003207F5B87013F8011B4155013A032C42
:1081C000CBE9003205F1010507F1680602D13368F9
:1081D000042B04D0082200213046FBF7BDFF07F531
:1081E000B872B96C00962B46484602F017FC421C48
:1081F00004463FF469AD002840F07884BB6C1860F9
:1082000002F068FC002840F05C86AA4408F1FF38C0
:108210007B6B002B40F03386BB6CFA6B0433BB6482
:10822000002A00F02C86BA6A9D1A3B6AB3EBA50FB0
:1082300040F256877D6B00F05CBCB8F1000F08BFC0
:108240004FF0FF38E00740F17B8214F01003BB626F
:1082500040F0F383210640F1ED853E6B56F8043B78
:108260003B62002B3FF439AD8020FAF741F8044619
:10827000002800F0EE863B6A3A6C1860D588938837
:108280009D4280F0DD8410683B6A40F825303B6CED
:108290003E630135DD802023FC61BB617E6AC7F847
:1082A0003CA00025C246A046FCF786F8A8423FF451
:1082B0000BADDBE9003213F8011B013A07F5B8708A
:1082C000CBE90032032E05F101034155BB6407F1F0
:1082D000600402D12368042B04D008220021204628
:1082E000FBF73AFF07F5B872BB6C0094414648466D
:1082F00002F094FB421C06463FF4E6AC002840F036
:10830000CA82C8F80000054607F168030822002168
:1083100018467B63FBF720FF50497B6BD1F8E010D8
:108320002A4648460D4607F15001A847012800F0AB
:10833000D583002207F170039B5C002B00F0A18520
:10834000FB6BBA6C032E1344FB6300F0CA830AF183
:10835000FF3ABB6A5BB93B6A08F104083BB1FB69B1
:10836000A8EB0304BB69B3EBA40F40F20584DBF870
:108370000430002B4FF0000540F39682BAF1000F55
:1083800092D1D7F83CA07E624446BB6A002B7FF4B2
:10839000D6AB23603B6A002B00F0C281FB69BA694F
:1083A000E11A8B1001339A4240F2BA813C6A0431DF
:1083B0002068FAF769FA002800F0B2812060AFE186
:1083C00021057FF5B3ADFB6BB96C5B187FF4AEADE7
:1083D000BB6424F4C074FB6393E5214B24F438643C
:1083E00033F916606BE604F41863B3F5807F7FF40D
:1083F0009DAD7B6B012B7FF499AD302305F8013BDC
:1084000024F48074002344F40064013E7B6378E527
:10841000BB6C062B40F074850723BB6471E5230514
:108420007FF584AD04F4A063B3F5806F05D06105DA
:108430007FF57CAD7B6B002B47D0A30504D47B6B11
:10844000F9695B1AC7E9055324F47864002344F4FE
:10845000C0747B6355E500BFD90E0020048E002058
:10846000F82A0020FB6B002B00F0FF81FB6B022B36
:1084700000F0B083BB6C012B00F0F181042B00F005
:10848000EE8153E5BB6C072B40F03A850823BB64B3
:1084900037E5200500F1F981FB6B012B7FF446AD38
:1084A0000223FB632DE523067FF540AD24F0800415
:1084B00027E5BB6C002B40F0CC817B6BB3B904F497
:1084C000E063B3F5E06F00F02085BE6C18EE109A03
:1084D00033E5210500F1B781BB6C022B40F010851C
:1084E0000323BB640DE520059CD56CE7BE6C18EE3C
:1084F000109A24F4807420E58D4B33F91660082E11
:108500003FF7DBADE8E504F4C063B3F5007F7FF42B
:10851000E3AD24F4007444F4A0641026CFE52306F0
:108520007FF5DAAD24F08004C9E544F00104DBF8FE
:108530000430F964002B44F040044FF000053FF78D
:10854000F8AB5946484602F07DFC00287FF4BCABEE
:1085500060063FF5F1ABDBF80020764E1378F35C54
:1085600019077FF5E9ABDBF80430013B002B0AF17A
:10857000010ACBF8043002F101024ADDCBF80020F9
:108580001378F35C19077FF5D7ABECE744F00104EF
:10859000694BFB620823F964BB630325FFF7C4BB87
:1085A00044F00104654BFB620A23F964BB630325B5
:1085B000FFF7BABB23057FF582AD16B944F400740A
:1085C0000826630500F1A681FB6B24F460741BB1DF
:1085D000013BFB6308F101084B68013B002B0AF1EA
:1085E000010A4B603FF773AD4846B96402F02AFCBC
:1085F000B96C00283FF46DAD6EE518EE100A5946CF
:1086000002F020FC00287FF491AC002E7FF4C4AB74
:108610008CE45946484602F015FC00287FF454AB20
:10862000DBF800209AE7DBF804200FE0DBF80030ED
:108630001A78B25C110703F101037FF580AADBF819
:108640000420013ACBE900320AF1010A002AEDDCEC
:108650005946484602F0F6FB0028E7D0FFF76FBA0C
:10866000E10600F1498314F0800400F0AB833C6B19
:1086700054F8046BBE64002E3FF42FAB2020F9F7B2
:1086800037FE0546002800F062843A6C306093881B
:10869000D6889E4280F0A8821068BB6C40F82630D5
:1086A0003B6C3C630136DE802023FB63DBF800205B
:1086B000204E1178715C080700F1AC8233462C46DD
:1086C00010462E46DBF80410BA6C0139CBF80410C2
:1086D000411CCBF800103546017805F8011B22B18A
:1086E000FA6B2E1B964280F07A83B8F101080BD00A
:1086F000DBF8041000292E4640F3AE83DBF80000BF
:108700000178595C0907DDD5291B8A4401314FF0F6
:1087100000032B70BB6C1BB1FB6B8B4200F294838C
:108720007B6C01337B64FFF70ABA0023FB6361E4CF
:10873000F82A0020D90E00205D7E0100B11301004F
:10874000E60600F1818114F0800400F06D833C6B3B
:1087500054F8046BBE64002E3FF4BFAA2020F9F742
:10876000C7FD0546002800F0F2833A6C306093881C
:10877000D6889E4280F07A821068BB6C40F8263022
:108780003B6C3C630136DE802024DBF8002007F1DF
:10879000700319461378CB5C002B3FF49EAA08EEB9
:1087A000109AD7F84890C7F83CA02E46A24610462B
:1087B0000C46DBF80410431C0139CBE90031294693
:1087C000007801F8010BB9F1000F02D08D1B55455F
:1087D0007AD20D46B8F101080AD0DBF8041000295E
:1087E00040F36A81DBF800000178615C0029E0D188
:1087F000544618EE109AD7F83CA0AE1B3FF46DAA71
:108800004FF000032B70BB6C1BB1711C8C4200F24B
:108810002D837B6C0133B2447B64FFF790B9002356
:108820003B61FFF7A9BA14F08F0F7FF456AA08EB4B
:10883000880802EB4808A8F13008FFF767BAF96426
:108840000425FFF771BAFB6BB96C5B187FF444AE7B
:10885000BEE5BB6C032B02D0052B7FF467ABBB6C72
:108860000133DBB2BB64FFF74CBB7B6B002B7FF4A7
:1088700001AE04F4E063B3F5E06F7FF4FBAD0123D8
:1088800024F4F064FB63FFF73CBBFB6BB96C5B1833
:108890007FF402AE9CE5831C40F05B84DBF804307F
:1088A000BD6C002B3FF700AD5946484602F0CAFAAE
:1088B00000283FF463ADD7F83CA07E624446002D0B
:1088C0003FF463ADFFF700BA4FEA4A0A304651461B
:1088D000F9F7DAFF0646002800F039830544C9F8A5
:1088E000000077E744F40074BC4BFB621023F9648A
:1088F000BB630325FFF718BA7B6B01337B633B69CE
:1089000024F08004002B3FF4FEAA3B69013B3B614D
:10891000FFF7FABA24F4B064FFF7D1BB220740F1A5
:10892000C7813B6B53F8042B3B631070FFF7F3BB1D
:1089300015F8011C5A464846013D02F043FAFFF77C
:10894000D5BBFB697A6B93423FF42DAB9A1A07F2C1
:10895000C3239D4228BF07F2C225A1492846FBF741
:10896000BBFAFFF720BBE20600F13181230700F1DB
:10897000BA81660740F1B4823B6BF96453F8042B6B
:108980003B63A2F800A0FFF7DAB823077FF4A5A99C
:108990004278682A00F0868144F004040846FFF714
:1089A0002FB98E4BFB620A23F964BB630325FFF7E3
:1089B000BBB98C4BFB620023F964BB630325FFF753
:1089C000B3B944F408748FE707F1700000F0DEFDDE
:1089D00044F04004F8640125FFF7A6B922077FF4AC
:1089E0007CA942786C2A00F0578144F001040846C3
:1089F000FFF706B914F08F037FF46FA93A6C002AD1
:108A000000F0E781427844F080040846FFF7F8B8A8
:108A100058EA04087FF461A9427810240846FFF759
:108A2000EFB8F964FFF7A7B800233B62BB62FB63B2
:108A300007F15403BB64FFF7A9BB0023C7E9063362
:108A40003B6207F1540429E4DBF8003007F17002BF
:108A500011461A788A5C002A3FF43FA90133CBF80B
:108A60000030DBF80430B8F1010F03F1FF33CBF82D
:108A7000043018BF0C4614D1FFF753BBDBF80030AD
:108A80001A78A25C0133002A3FF44BABCBF80030DC
:108A9000DBF804300135013B4545CBF804303FF4A9
:108AA00040AB002BEADC5946484602F0CBF90028DF
:108AB000E4D0AA44FFF743B818EE100A594602F072
:108AC000C1F900283FF48EAEB542544618EE109A14
:108AD000D7F83CA07FF491AEFFF7F6B897F8502096
:108AE00028E42368042B7FF432AC32E4831C40F08A
:108AF0003983DBF80430002B40F3D781DBF80030FA
:108B00007A6A1B78D35C180703D4B8F1000F7FF49E
:108B100049AB7C627B6B002B7FF411A8BA6C1360AD
:108B2000FB6B002B3FF4FCADBB6AD11A8B103A6A89
:108B300001339A427FF6F4ADFC6B04312068F9F7FB
:108B4000A3FE00287FF43AACEAE553F8042B82ED4B
:108B5000000B3B63E4E5FD68396A7E6828464246BF
:108B6000A346BC6800F056FD7B6BFB6124F42074C7
:108B7000013E0546FFF7C8B9F869D9001D46F9F767
:108B800083FEF861002800F064823A6A6B0000EB13
:108B900004081060BB61FFF7EABB022E40F2C482FA
:108BA000032E3FF4D3A9043E5FFA86F86FEA080368
:108BB000EE1815F8011D5A46484602F003F9AE4278
:108BC000F7D10AF1FF3AAAEB080AFFF7BFB9F96437
:108BD000FEF7B5BF0323FB63FFF793B95D7E01008A
:108BE000D00E0020B11301004FF6F672934200F24E
:108BF00097823A6C08339BB21068F86399007B63E4
:108C0000F9F742FE002800F07B823A6C7B6B938080
:108C1000106042E501217AE54FF6F672934200F2C8
:108C2000938208339EB23B6CB1001868F9F72CFEB2
:108C30003B6C002800F03E829E801860FFF79BBAD4
:108C40004FF6F672934200F27F823A6C08339BB281
:108C500099001068BB64F9F717FEBB6C002800F0A0
:108C600028823A6C93801060FFF70EBB4FF6F672C5
:108C7000934200F255823A6C08339BB21068F86355
:108C800099007B63F9F700FE002800F039823A6C06
:108C90007B6B9380106070E5827844F002040230B0
:108CA000FEF7AEBF827844F008040230FEF7A8BF9A
:108CB000630758D414F001027FF428AAA6077FF5B1
:108CC00025AAB34BF96A99424846BB6BB96A00F0D2
:108CD0003D8201F0D1FD3B6B53F8042B3B63C2E9AD
:108CE0000001FFF718BA3B6BF96453F8042B3B63A0
:108CF00082F800A0FEF723BFDBF80030A54E1A78FB
:108D0000B25C12073EF51BAF0133CBF80030DBF845
:108D10000430B8F1010F03F1FF33CBF8043008BF82
:108D20000AF1010A3EF40BAF012411E0DBF8003038
:108D30001A78B25C150703F1010311D4CBF80030A7
:108D4000DBF804300134013B4445CBF8043007D054
:108D5000002BEBDC5946484602F074F80028E5D0B9
:108D6000A244FEF7ECBE3B6B53F8042B3B63108030
:108D7000FFF7D1B93B6C002B00F06E813B6CD3F850
:108D80000080DE8876B10024A8F10405A14655F8DC
:108D9000043F1868F9F7B4FA01342B68A642C3F807
:108DA0000090F4D14FF0FF337B64B8F1000F7EF4F4
:108DB0009CAFFEF79DBF78483B63F8F7EDFD84ED6F
:108DC000000AADE43A6BFC6352F8045B3A63BC649E
:108DD0006CE482B0CDE9023302AB3B6412E67B6304
:108DE000530020461946FB63F9F74EFD0446002860
:108DF00000F0AD80BB6C851918607B6B75E47D69F4
:108E000029460A2301314846FAF728FFBB69C21AEE
:108E10009DE5D7E90C3253F8041B3A62B9643B6311
:108E2000BA62FA63FFF7B2B93B6BBC6453F8045BF8
:108E30003B63AAE43B6BBA6A53F8044BBA61C7E9D7
:108E400007223B63FFF72ABABC6C2068F9F71CFDC8
:108E500000287FF4B3AA63E4594648467B6301F0D7
:108E6000F1FF7B6B00283FF449AC4DE418681C46C9
:108E7000F9F70AFD00283FF4CCAC2060C9E40025D6
:108E800037E6BD6CD7F83CA07E624446002D3FF427
:108E90007CAA013D07F5B8735A46595D484601F072
:108EA00091FF002DF5D1FFF770BA5946484601F001
:108EB000C9FF00283FF422AE7C62002D7EF404AF8F
:108EC00028E67C62002D3FF425AE013D07F5B8731E
:108ED0005A46595D484601F075FF002DF5D119E657
:108EE000E5073CD4A4073AD53B6BF96453F8042B4F
:108EF0003B634FEAEA73C2F800A05360FEF71FBE5F
:108F000018EE109A1E46FFF714B8012324F4F064FB
:108F1000BB64FEF7F6BFB8F1010F38BF4FF0010890
:108F200014F001033AD1E50600F13681240640F140
:108F30004C813B6B53F8045BBB64002D3EF4CDAE1B
:108F40004046F9F7D5F90346002840F0DC803B6C39
:108F5000002B00F08180D3F80080DE8812E73B6BA5
:108F6000F96453F8042BC2F800A03B63FEF7E7BD99
:108F70002B46BD6AAB427EF6B0AE1C4614F8011D0E
:108F80005A46484601F01EFFAC42F7D1FEF7A5BE97
:108F90005D7E0100D90E00202808002014F0100387
:108FA0007B635ED00025FD63BD642E4600244B46E6
:108FB000C146A84625461C46FBF7FEF9A8423EF4EA
:108FC00083AEDBE9003213F8011B013ACBE9003232
:108FD0007A6A07F5B870032A415505F1010307F1D4
:108FE000680502D12A68042A06D0082200212846F2
:108FF000BB62FBF7B1F8BB6A009507F5B872314662
:109000002046BB6201F00AFD431C78623EF45CAE70
:10901000BB6A002840F047817A6B02B932609A44FB
:1090200009F1FF397B6B002B40F07581BB6C002B85
:1090300000F07081FB6BF51AB8EBA50F00F26A81A6
:1090400018464FEAC801F9F71FFCF863002840F002
:109050005C813B6C002B2DD14FF0FF337B64FEF71E
:1090600047BE220640F18F803C6B54F8043BBB6442
:10907000002B3EF432AE8020F9F73AF9064600287C
:10908000E7D0BB6C18603B6CDD889A889542C0F0D5
:10909000B3804FF6F6718A4256D8083293B23A6CD2
:1090A000FB6399001068F9F7EFFBFB6B002840F0B9
:1090B000AE803B6CDB883A6C1E46D2F8008061E6DD
:1090C0002B46BD6AAB427EF608AE1C4614F8011D65
:1090D0005A46484601F076FEAC42F7D1FEF7FDBD98
:1090E0001046D9001E46F9F7CFFBB8620028B0D071
:1090F0004219BA64FA6B7D6B106073003B62F8E44E
:10910000D7F83C803EE6396C2860CE888A88964243
:10911000C0F08E804FF6F6718A42386340F2A58027
:109120003B6CD3F800802DE6BA6A95427EF6D5AD49
:109130002C46BD6A14F8011D5A46484601F042FE0D
:10914000AC42F7D1FEF7C9BD2B46B4E701F064FC91
:10915000C1E5D8F800301D4601337FF4D5A82A4672
:10916000FFF7E8B8BB6C186801F0B4FC00287FF486
:10917000A8AE032CAA447FF449A83368042B7FF4DB
:1091800045A8FFF745B8D7E90C3253F8046B3B63A9
:109190001546FA63BA6409E71C46DBF804309845C3
:1091A00039DDDBF800201A44CBF800205946484648
:1091B0001C44A8EB030801F045FE0028EDD0002C6C
:1091C0003EF482ADA244FEF7BABC3D6B434629682B
:1091D000CDF800B00122484601F052FE04460028B6
:1091E0003EF472AD0435BD647B6C01337B64BB6CB3
:1091F0003B63A244FEF7A3BC1868BB6C40F8253063
:109200003B6C3C630135DD80FE632025CEE63A6C85
:1092100093801060F1E7A3EB0803CBF80430DBF890
:10922000003044444344CBF80030A244FEF787BCEE
:109230000A68FA63FA6B42F826503A6C0136B6B205
:10924000D6801946CDF800B043460122484601F0C9
:1092500017FE0446D8B18045C6D928682146F9F7DB
:1092600013FB0028C0D02860BEE73B6C083294B2E4
:109270001A687A631046A100F9F706FB7A6BF86367
:1092800000285BD03B6C9C8018603B6BD2E77B6C0A
:10929000D7F83C80002B3FF475ADBBF80C305B0673
:1092A0007EF51DAD6AE57A6A02321DD1DBF8042035
:1092B000002A1D463FF780AE5946204601F0C2FD08
:1092C000E0B9B9F1000F7FF477AE4546A146BB6C1B
:1092D00023B1FB6BF11AB5EBA10F27D87B6B002BE9
:1092E0007EF42DACFFF71CBA9A447B6A032B7FF403
:1092F00097AE2B68042B7FF493AE93E6A1462C46E1
:109300004546002CE3D0FEF7DFBCBA6C461910606E
:109310004FEA48080436DBF80430002B4FF0000514
:10932000CADDB9F1000F7FF447AECEE7BC6C206810
:10933000F9F7AAFA0028D1D02060CFE7904621E5BE
:1093400070B500294BD006460C4610B1436B002B7C
:1093500048D0636ED80734D5B4F90C30002B3ED01A
:109360002146304600F050F8E36A054633B1E16922
:10937000304698470028B8BF4FF0FF35A3891A063A
:109380003CD4216B41B104F14003994202D03046F4
:10939000FBF798FB00232363616C21B13046FBF798
:1093A00091FB00236364FAF723FD636E0022DB0761
:1093B000A2811FD5A06DFBF797F8FAF71FFD28468D
:1093C00070BDA3899905CBD4A06DFBF78FF8B4F9D4
:1093D0000C30002BC4D1656E15F0010505D00025B9
:1093E000284670BDFAF7E6FCB3E7A06DFBF780F8FE
:1093F000284670BDA06DFBF77BF8DBE7216930469E
:10940000FBF760FBBDE700BFB1F90C202DE9F0418F
:109410000C461107804647D4636842F40062002B73
:10942000A2815EDDA56A002D58D00023D8F8006027
:10943000C8F8003093B212F4805256D10123E1698A
:109440004046A847431C67D0A389A56A5F0705D596
:109450006368C01A236B0BB1E36BC01AE169024663
:1094600000234046A847411C41D1D8F80030002BCA
:109470003DD01D2B01D0162B56D1A3892269226025
:1094800023F4006300216160A381216BC8F80060B0
:1094900021B304F14003994202D04046FBF712FB8E
:1094A00000202063BDE8F0812669BEB193B2256833
:1094B00026609A070CBF63690023AD1BA3600BE015
:1094C0002B463246E169676A4046B847B0F1000C66
:1094D000A5EB0C05664417DD002DF1DC0020BDE88E
:1094E000F081E36B002B9DDCF8E7206DAEE7B4F96B
:1094F0000C302269226023F40063A3810022DB0484
:109500006260C2D52065C0E7A38943F040034FF0F5
:10951000FF30A381BDE8F081D8F80030002B93D054
:109520001D2B06D0162B04D0A38943F04003A38142
:10953000D5E7C8F80060D1E738B50C46054608B154
:10954000436B03B3B4F90C0088B1636EDB0701D43D
:1095500081050FD528462146FFF756FF636EDA07CF
:10956000054602D4A3899B0508D5284638BD054683
:10957000284638BDA06DFAF7B9FFEBE7A06DFAF702
:10958000B7FF284638BDFAF715FCDBE770B50C7855
:109590005E2C86461ED00022481C94460EF1FF33F6
:1095A0000EF1FF0103F8012F8B42FBD184B18CF047
:1095B00001010EF80410451C15F8013C2D2B0ED0AE
:1095C0005D2B03D01BB11C462846F2E7284670BD30
:1095D000013870BD01224C78881C9446DEE790F873
:1095E00001C0BCF15D0FEED06445ECDC661C0230BE
:1095F0000EEB060202F8011BA2EB0E03013B9C4599
:10960000F8DCACEB0403013B6445A8BF0023023542
:109610009C19D1E741EA00039B0730B401D1032A2A
:109620000FD801F1FF3C07E01CF8011F03F8011BF4
:10963000541EC1B1224618460346002AF4D130BC5C
:1096400070470B46194653F8045BA5F1013424EA30
:10965000050414F0803FE4D1043A032A40F8045B87
:109660001946EFD8DDE70244002CE8D003F8011BCF
:109670009342FBD130BC704700487047F48E002005
:109680000000000030B482B08DED000B019A194C3F
:1096900022F000430021A342016021DC009C1C4316
:1096A0001ED0154C144054B99FED107B20EE077B63
:1096B0008DED007B019A6FF0350122F0004322F01E
:1096C000FF42DDE9004522F4E00242F07F551B1520
:1096D00045F40015A3F2FE33CDE900450B440360C9
:1096E0009DED000B02B030BC704700BF00000000D1
:1096F00000005043FFFFEF7F0000F07F00B50B4CF0
:1097000025681446EE681A4685B003460D464CB1EE
:1097100007490095CDE901143046064901F0BEFA2B
:10972000F6F7A4FC04490C46F3E700BF8C93002035
:10973000BC0C0020CC0C00202808002038B5A1FB70
:1097400002148CBBF8F7E4FD0546E0B150F8042C98
:1097500022F00302043A242A17D8132A1AD91B2A02
:10976000C0E900441DD9242A14BF00F1100200F101
:1097700018024FF00003C0E9024404BF04614461D1
:10978000C2E900339360284638BD2146FAF7E4FC6D
:10979000284638BD02460023C2E9003393602846BC
:1097A00038BD00F10802F6E7FAF772FE0C23002537
:1097B0000360E8E72DE9F04F03690C69A34283B029
:1097C000C0F28780013C01F11405A30000F11408E8
:1097D000009355F8243058F82420013381469A42EA
:1097E00008EB840005EB84070190B2FBF3F63BD352
:1097F0004FF0000CAE464046E24663465EF804BBBE
:1098000002681FFA8BFC06FB0C334FEA134C4FEA3D
:109810001B4B06FB0BCC9BB2AAEB03031FFA8CFA83
:1098200013FA82F3CAEB124202EB23429BB243EAE1
:109830000243774540F8043B4FEA224A4FEA1C4373
:10984000DCD2009B58F8033073B9019B043B984568
:1098500004D307E0984504F1FF3403D253F80429F8
:10986000002AF7D0C9F810404846FCF735F900281F
:109870002BDB01364146002355F8040BD1F800C01C
:1098800082B29A1A030C12FA8CF2C3EB1C4303EB5C
:10989000224392B242EA0342AF4241F8042B4FEA1C
:1098A0002343E9D258F8242008EB84036AB9043B27
:1098B000984504D307E0984504F1FF3403D253F8E8
:1098C0000429002AF7D0C9F81040304603B0BDE89B
:1098D000F08F002003B0BDE8F08F00BF2DE9F04FFE
:1098E0002DED028B8FB08DED020B0191816B1A9DD6
:1098F000059357EC106B0446934641B1C26B4A6026
:10990000012393408B60FBF72FFE0023A363B7F185
:109910000008B4BF012300232B60BE4BBCBF28F05E
:109920000048CDF80C8033EA080300F09F809DEDDD
:10993000028BB5EE408BF1EE10FA11D1059A01239E
:1099400013601B9B002B00F03F82B34B1B9A1360EC
:10995000013B009300980FB0BDEC028BBDE8F08F87
:109960000CAA0DA92046B0EE480BFCF715FA5FEAE9
:109970001853054640F09280DDE90C130B4403F2C6
:109980003242202A40F3FA82C2F1400208FA02F879
:1099900003F21242D64048EA060207EE102AB8EE59
:1099A000477B581E17EE906A53EC172B4FF0010AB5
:1099B000A6F1F8739FED913B9FED927B9FED935B3A
:1099C00006EE900A43EC122BB8EEE64BB7EE086BAE
:1099D00032EE466BA6EE037BA4EE057BFDEEC76B75
:1099E000B5EEC07BF1EE10FA16EE907A08D5B8EE1F
:1099F000E66BB4EE476BF1EE10FA18BF07F1FF37D4
:109A0000162F00F24581854B03EBC70393ED007BD6
:109A1000B4EEC78BF1EE10FA57D5091A0023B1F155
:109A2000010807F1FF370A9300F1398100230693FB
:109A3000002F52DA069B0497DB1B06937B420893A8
:109A4000019B092B4FF000074ED8052B40F39D8258
:109A5000043B01930026019B9A1E032A00F22581F4
:109A6000DFE812F0AA03A7039D037E03059AC8F35B
:109A7000130842F20F7358EA060813601ED11B9BAD
:109A8000002B00F09185664B009308331B9A0098D9
:109A900013600FB0BDEC028BBDE8F08F18EE906A3A
:109AA000C6F31306A3F2FF3053EC182B46F07F5396
:109AB0000C994FF0000A43F440137BE71B9B002BEB
:109AC00040F03B83574B009344E7091A0023B1F160
:109AD00001080A9300F1E380069300230893019B99
:109AE0000497092BB844B0D90023012601930796A7
:109AF0004FF0FF399B460021E163CDF82C902046C2
:109B0000FBF70CFD0090002800F04085009BA3634C
:109B1000B9F10E0F00F2DC80002E00F0D980049B1A
:109B2000002B40F3DE833D4A03F00F0102EBC1023C
:109B300092ED007B1A11DB0540F182833A4991EDE9
:109B4000086B02F00F02032088EE065B5AB136491B
:109B5000D60704D591ED006B013027EE067B52103D
:109B600001F10801F4D185EE076B0A9B3BB1B7EE1A
:109B7000007BB4EEC76BF1EE10FA00F1AE8407EE95
:109B8000900AB8EEE75BB1EE0C7BA5EE067B17EE14
:109B9000902A51EC170BA2F15071B9F1000F00F0AF
:109BA0008883049E4A46079B002B00F04784B6EE4C
:109BB000003B1A4BFDEEC64B03EBC20CB8EEE47B48
:109BC00036EE477B1CED026B83EE065B41EC160B19
:109BD00014EE900A35EE465B0099B4EEC75B303068
:109BE000F1EE10FA01F8010B00F3AC84B7EE002B94
:109BF000B2EE044B4FF0000C31E000BF61436F63E5
:109C0000A787D23FB3C8608B288AC63FFB799F5095
:109C10001344D33F0000F07FA9050020A8020020D4
:109C2000DC0F0020E80F0020800200200CF1010C66
:109C300094454DDA27EE047B25EE045BFDEEC76B01
:109C400016EE903AB8EEE63B303337EE437BB4EE97
:109C5000C57BF1EE10FA01F8013B00F1738432EE9E
:109C6000476BB4EEC56BF1EE10FADFD5009A04969F
:109C700002E08A4200F05084894611F8013D392BF8
:109C8000F7D00133DBB20B70049B0133049355E131
:109C9000091A0123B1F101080A937FF5C7AEC1F19A
:109CA000010306934FF00008C2E60026E663314642
:109CB0002046FBF733FC0090002800F06784009BEF
:109CC000A3634FF0FF330B9399460123B3460793E9
:109CD0000D9A002A55DB04990E2952DCB74BBBF1D3
:109CE000000F03EBC10393ED006B15DAB9F1000F20
:109CF00012DC40F0F282B1EE047B26EE077BB4EE7C
:109D0000C78BF1EE10FACA464E4600F26D82DDF8BE
:109D100000806FEA0B0B70E288EE067BBDEEC77B1E
:109D2000009917EE103AB9F1010F03F13003B8EEC4
:109D3000C75B01F8013BA5EE468B00F03483B2EE21
:109D4000044B012311E088EE067BBDEEC77B013397
:109D500017EE102A4B4502F13002B8EEC75B01F84E
:109D6000012BA5EE468B00F01E8328EE048BB5EE8A
:109D7000408BF1EE10FAE6D1049B0133049389463F
:109D8000DCE0079B43B3019B012B40F37682089BE9
:109D900009F1FF3A534580F23F82089BCDF820A09D
:109DA000AAEB030217444FF0000AB9F1000FC0F20A
:109DB0002583069B09934B44C84406930121204602
:109DC000FBF7D6FC06460CE07D4B009300980FB0E5
:109DD000BDEC028BBDE8F08F069BDDF820A0079E4E
:109DE0000993099B6BB1B8F1000F0ADD4345069951
:109DF0001A46A8BF4246891A9B1A06910993A8EBF6
:109E00000208089B63B1079B002B00F0A782BAF100
:109E1000000F00F30482089BB3EB0A0240F0FF82BC
:109E200001212046FBF7A4FC002F824600F3AF80FF
:109E3000019B012B40F38781002308930120002F11
:109E400040F0B180404410F01F0000F07A81C0F172
:109E50002002042A00F3888040F0F681069B002B44
:109E600005DD29461A462046FBF7BEFD0546B8F13A
:109E7000000F05DD514642462046FBF7B5FD824600
:109E80000A9B002B40F03F81B9F1000F40F3258180
:109E9000079B002B40F0A380049B01330493DDF863
:109EA0000080012707E0294600230A222046FBF70D
:109EB00065FB0137054651462846FFF77BFCB9454F
:109EC00000F1300008F8010BEDDCB9F1000F009A49
:109ED000CCBFCB464FF0010B0346934400272946E5
:109EE000012220460193FBF77FFD51460546FBF713
:109EF000F3FD002840F3AF811BF8013C009A0BF101
:109F0000FF3B04E05A4500F0B1811BF8013D392BBD
:109F10000BF10109F6D001338BF800305146204691
:109F2000FBF722FB56B12FB1B74203D0394620468A
:109F3000FBF71AFB31462046FBF716FB2946204665
:109F4000FBF712FB002389F80030DDE904231A60D7
:109F50001B9B002B3FF4FEAC0098C3F800900FB0A1
:109F6000BDEC028BBDE8F08FC0F11C00069B0344E2
:109F70000693099B0344099380446FE7C2F12002D2
:109F800006FA02F207EE102A09E5012663E501460A
:109F90003A462046FBF7C8FC019B012B824640F362
:109FA000C58100230893DAF810200AEB82021069B9
:109FB000FBF78EFBC0F1200044E700BFA8020020A1
:109FC000A8050020314600230A222046FBF7D6FAD6
:109FD0000B9B002B064640F3CE8204979946099BC3
:109FE000002B05DD31461A462046FBF7FDFC0646F0
:109FF000089B002B40F0EB81B046029B009F03F0D2
:10A0000001027B1E4B440893019B0A921343099360
:10A0100051462846FFF7CEFB314683462846FBF7DC
:10A020005BFD4246514681462046FBF777FDC268FC
:10A0300001460BF13003002A42D1CDE90603284640
:10A04000FBF74AFD069902902046FBF78DFA029A2B
:10A05000079B1AB90999002900F07E82B9F1000F17
:10A06000C0F28381019949EA01090A9951EA090973
:10A0700000F07B81002A00F3C681089A3B7007F14B
:10A0800001099742CB4600F0C481294600230A22E9
:10A090002046FBF773FA4645054631464FF000036C
:10A0A0004FF00A02204612D0FBF768FA41460646F6
:10A0B00000230A222046FBF761FA4F468046A7E7B5
:10A0C00020460293FBF750FA029B0122C6E7FBF7FA
:10A0D00055FA4F46064680469AE7019B022B71DCF3
:10A0E000079B002B7FF47BAF049B5146013328462E
:10A0F0000493FFF75FFBDDF800B000F130030BF8CD
:10A10000013B0027EBE651462846FBF7E5FC00281B
:10A11000BFF6BAAE294600230A222046FBF72EFAE4
:10A12000049B5F1E079B0546002B7FF44BAF0B9BE8
:10A13000002B40F318829946B1E6BC4B00930333E1
:10A14000A4E41C2012E7DDE9020100287FF474AECC
:10A15000C1F31302002A00F0F480029B08936DE61D
:10A1600001230793049B5B4403F10109B9F1010F3B
:10A17000CC460B93B8BF4FF0010C0021BCF1170F78
:10A18000E1637FF7BCAC01200422520002F114030A
:10A190006345014600F10100F7D9E163AFE4012313
:10A1A0000793BBF1000F52DDCDF82CB0D946DC4649
:10A1B000E3E700230793D5E700230793F1E7DDF8F2
:10A1C0002C900497B9F1000F7FF4A1AD51464B4696
:10A1D00005222046FBF7D2F9014682462846FBF7C6
:10A1E0007BFC00287FF793AD049B03F1010B009BE0
:10A1F0003122984603F8012B009351462046FBF785
:10A20000B3F90BF10103DDF800900493CDF8008061
:10A21000002E7FF48FAE91E6A3EB0A0AC5E5314626
:10A2200052462046FBF780FB2A460146064620465A
:10A23000FBF7CCFA294605462046FBF795F9EAE5F7
:10A240000220B0EE485B81E4C0F13C008EE64FF0A6
:10A25000010BD9464FE403D1019BDB073FF54CAE20
:10A26000D9461BF8013D302BFAD057E6049B009AE3
:10A27000013304933123137050E6BAF1000F00F05C
:10A28000238102F23342069B09931344DDF820A098
:10A290000693904492E507EE900AB1EE0C5BB8EE9F
:10A2A000E77BA6EE075B15EE902A51EC150BA2F1A9
:10A2B000507141EC150BB1EE047B36EE477BB4EEEA
:10A2C000C57BF1EE10FA00F33781B1EE455BB4EED9
:10A2D000C57BF1EE10FA7FF5FBAC4FF0000A564655
:10A2E00015E500F0F580049B51495A4202F00F0039
:10A2F00001EBC00191ED006B121128EE066B00F02E
:10A300004281B0EE467B4B4900260220D30705D59B
:10A3100091ED005B0130012627EE057B521001F123
:10A320000801F3D1002E06FE076B1EE4029B002BF2
:10A330007FF437AEDDE90201C1F31302002A40F0D9
:10A3400037813D4A0A40002A00F0FA80069B01331B
:10A350000693012308F1010808936FE52946089A3E
:10A360002046FBF7E1FA05465AE5002A12DD2946A8
:10A37000012220460193FBF737FB51460546FBF7C8
:10A38000ABFB0028019B40F3E180392B00F0CA8031
:10A390000BF13103B94609F8013B049B0133374601
:10A3A00004934646BAE538EE088BB4EEC68BF1EE60
:10A3B00010FA0ADCB4EE468BF1EE10FA7FF4DCAC56
:10A3C00017EE103AD8077FF5D7AC009A54E47168BD
:10A3D0002046FBF7A3F80746002800F0DE8033692B
:10A3E00002339A0006F10C010C30F5F7E3FA394616
:10A3F00001222046FBF7F8FA8046FEE5069BA3EB18
:10A4000009030993DAE4392B00F08C80B946013353
:10A41000C1E7049A01323746049246465FE5294671
:10A420002046FBF781FA0546FAE400BFE80F00205A
:10A43000A8020020800200200000F07F5E4BFDEEAD
:10A44000C65B03EBC20C1CED023BB8EEE57B36EEBF
:10A45000477B41EC160B15EE901A23EE063B009855
:10A460003031012A00F8011B00F08380B2EE044B6A
:10A47000009B991827EE047BFDEEC76B16EE903A11
:10A48000303300F8013B8142B8EEE65B37EE457BA6
:10A49000F0D1B6EE006B33EE065BB4EEC75BF1EEC7
:10A4A00010FA3FF5E3AB36EE436BB4EEC76BF1EE5B
:10A4B00010FA7FF70DAC8946013919F8013C302BB1
:10A4C000F9D0731C049339E50C9AC2F13602DAE62E
:10A4D0000220B0EE486BFFF748BBB9F1000F3FF424
:10A4E000DAAE0B9A002A7FF7F3ABB2EE044B26EEFE
:10A4F000046B013007EE900A049BB8EEE75BB1EE07
:10A500000C7BA6EE057B17EE90CA51EC170B5E1E76
:10A51000ACF15071FFF747BB049B01330493312327
:10A52000FFF7B1BB049BBB46013304933923374685
:10A530000BF8013B4646E1E44FF0000A564653E66D
:10A5400008927BE4731C04938946F7E47FF422AFFE
:10A55000DA077FF51FAF18E7392BE3D0B9F1000F09
:10A560003FF716AF16E7019B022B3FF728AE049783
:10A57000BAE501468DE7019B022B3FF720AEDDF8DF
:10A580002C9004972BE50220FFF7EFBA0B4B0C48F9
:10A59000002240F2AF11FFF7B1F8084B08483A46E5
:10A5A00040F2EF21FFF7AAF8064B0093FFF7D2B96C
:10A5B000029B0893F7E400BFA8020020FC0C0020D7
:10A5C000EC0F0020DC0F00202DE9F04707464C4837
:10A5D0000E46354616F801EB10F80EC01CF0080CBC
:10A5E000F7D1BEF12D0F5AD0BEF12B0F03BF96F855
:10A5F00000E06446AE1C64465BB1102B54D04FF0B3
:10A60000FF38B8FBF3F803FB08FA6FEA0A0A994629
:10A6100008E0BEF1300F5AD00A23DFF8E8804FF08F
:10A62000050A99460025284605E02CD009FB00C004
:10A63000012516F801EBAEF1300CBCF1090F06D97B
:10A64000AEF1410CBCF1190F0BD8AEF1370C6345DC
:10A6500010DDB5F1FF3FECD04045E6D94FF0FF35B6
:10A66000E7E7AEF1610CBCF1190F03D8AEF1570C5E
:10A670006345EEDC6B1C0BD004B140420AB165B9F6
:10A680001160BDE8F087D445D0DD4FF0FF35D0E74D
:10A6900022233B602846002AF3D0711EF0E796F88B
:10A6A00000E00124AE1CA7E7BEF1300F21D13078C5
:10A6B00000F0DF00582816D14FF0100996F801E09D
:10A6C0004FF00F0A02366FF070484B46AAE7337816
:10A6D00003F0DF03582BEFD008234FF0070A6FF089
:10A6E000604899469EE799466FF070484FF00F0A10
:10A6F00098E74FF00F0A6FF07048994692E700BF55
:10A70000D90E002099999919FFF75EBF2DE9F04FF6
:10A7100085B01F46574B03908A4600920D462A4645
:10A7200015F8014B1E5D16F00806F8D12D2C75D0DA
:10A730002B2C05BF2C7802960296951C4FF0FF3605
:10A740006FF0004B2FB1102F6FD0B8464FEAE7796A
:10A7500005E0302C74D04FF00A08B946474642460F
:10A760004B4630465946F7F741FC00230192844698
:10A770000A461846194611E08A4208BF84453DD072
:10A7800000FB09F308FB0133A0FB08010B441EEB9F
:10A79000000043EBEE71012315F8014BA4F1300EDC
:10A7A000BEF1090F06D9A4F1410EBEF1190F0CD864
:10A7B000A4F1370E774511DD5C1CEDD0844572EBBA
:10A7C0000103D9D24FF0FF33E6E7A4F1610EBEF1E9
:10A7D000190F03D8A4F1570E7745EDDC5A1C13D09E
:10A7E000029A12B1404261EB4101009A1AB1A3BB37
:10A7F000009BC3F800A005B0BDE8F08F019B734536
:10A80000BEDA4FF0FF33C7E7039A22231360009BA1
:10A8100033B305F1FF3A30465946E9E701232C7876
:10A820000293951C4FF0004B8CE7302C04D12B7811
:10A8300003F0DF03582B08D0B8464FF000098EE72D
:10A840002B7803F0DF03582B0FD14FF010086C78F2
:10A850004FF000090235474681E706468B46D8E7A8
:10A860003046594605B0BDE8F08F4FF00808B946AC
:10A87000474674E7D90E0020FFF748BF2DE9F04F97
:10A8800085B08B460192624A03901E460D462946CA
:10A8900015F8014B135D13F00803F8D12D2C00F0CF
:10A8A00082802B2C03BF2C7802938D1C0293BEB1A7
:10A8B000102E7DD04FEAE67A324653464FF0FF30F5
:10A8C0004FF0FF31F7F792FB324607468846534672
:10A8D0004FF0FF304FF0FF31B146F7F787FB0AE04A
:10A8E000302C79D04FF00A09DFF82881B2460522D2
:10A8F0004FF099374E464FF0000C6046614611E02C
:10A90000414508BFB8423ED000FB0AF409FB0141B3
:10A91000A0FB09042144181841EBE3714FF0010C2E
:10A9200015F8014BA4F13003092B05D9A4F141031B
:10A93000192B0DD8A4F137039E4211DDBCF1FF3F66
:10A94000EED0874278EB0104DAD24FF0FF3CE7E724
:10A95000A4F16103192B03D8A4F157039E42EDDC47
:10A96000BCF1FF3F14D0029B13B1404261EB4101A7
:10A97000019B2BB1BCF1000F12D1019BC3F800B0B9
:10A9800005B0BDE8F08F9342BEDD4FF0FF3CC7E756
:10A99000039A22231360019B60466146002BEFD08F
:10A9A00005F1FF3BE9E701232C7802938D1C7EE73C
:10A9B000302C23D12B7803F0DF03582B1BD14FF021
:10A9C00010096C780F2202354FF0FF376FF0704896
:10A9D0004FF0000A4E468EE72B7803F0DF03582B2A
:10A9E000EDD04FF00809B24607224FF0FF376FF065
:10A9F00060484E467FE74FF0000A5DE70F224FF0B8
:10AA0000FF376FF07048B1464FF0000A73E700BFA0
:10AA1000D90E002099999919FFF730BF70B582B00F
:10AA20000446069D55B16AB10F480095D0F8E46020
:10AA30002046B047431C10D002B070BD00F1F405B1
:10AA4000002AF1D1084B0095D3F8E46011460123A8
:10AA5000064A2046B047431CEED100228A232A60D2
:10AA6000236002B070BD00BF048E002028080020C3
:10AA700070B5054684B05BB11C4669B10E4B2846E3
:10AA8000D3F8E0602346B047431C0FD004B070BD3C
:10AA900000F582740029F1D1074A2346D2F8E0601C
:10AAA00028460A4601A9B047431CEFD100228A2359
:10AAB00022602B6004B070BD048E002010B582B0FF
:10AAC000049CCDE900344FF0FF3301F09FFD02B04C
:10AAD00010BD00BF002100F001B800BF10B500F0AC
:10AAE000ABF8044601F0A4FDA0F11A03DBB2022B7F
:10AAF00006D9A4F1090004288CBF0020012010BD54
:10AB0000012010BD022932D00329C0F307231DBF45
:10AB1000A0F1800283F08003D2B2C2B203F15001EF
:10AB2000C9B21F2906D84CF6D371884269D94FF0B3
:10AB3000FF30704703F13001C9B224290ED84FF21B
:10AB4000A6418842F3D8D03BC3EBC313A2F1A100C6
:10AB500000EB4300304A32F810007047A13B072B4E
:10AB6000E5D8DFE803F0483E342E29252119C2B28A
:10AB70009E2AC0F307210BD92332D2B280239F290A
:10AB800094BF7039503103EB410303F0FF03C5E775
:10AB90007E3AD2B27F23F2E7C02AC8D81F4BA2F177
:10ABA000A10033F810007047F12AC0D81C4B19E0FF
:10ABB000D82ABCD81B4B15E0F62AB8D802F540506D
:10ABC0007047F32AB3D802F53E5020307047164B39
:10ABD000134413F8A13C002BA9D002F57E4060304D
:10ABE0007047124BA2F1A10033F81000002808BFF3
:10ABF0004FF0FF3070470E4BA2F1A10033F8100068
:10AC00007047B03BC3EBC313A2F1A10000EB4300BC
:10AC1000084A32F810007047646000208C1300204E
:10AC2000E8120020781200201C1200206011002081
:10AC3000A4100020CC13002038B50546B9B101F5A9
:10AC4000957412492046F9F765FC28B92846012178
:10AC5000BDE83840FFF756BF0D492046F9F75AFCCA
:10AC600038B928460221BDE83840FFF74BBF094CF0
:10AC7000E7E709492046F9F74DFC28B928460321A2
:10AC8000BDE83840FFF73EBF284638BD48100020D9
:10AC90004C1000202E8F0020541000200EB410B550
:10ACA00083B005AB064C53F8042B01930146206892
:10ACB00000F07CF903B0BDE8104003B0704700BF5E
:10ACC0008C9300202DE9F04F9368176883B092466B
:10ACD000002B70D081468A6808680C46083743E02C
:10ACE000A38913F4906F2ED0D4E90416A0EB0108C9
:10ACF00006EB460606EBD67608F1010076102844EE
:10AD0000B042324684BF064632465B0537D511460F
:10AD10004846F7F7FDFA019000283AD042462169EB
:10AD2000F4F748FEA289019B22F4906242F080026F
:10AD3000A281A6EB080203EB08006661A260236112
:10AD400020602E46A84642465946F9F789F9DAF8B6
:10AD50000830A2682068921B40445B1BA260206000
:10AD6000CAF808303BB3083757E902B5002DFAD0CE
:10AD7000AA4216469046B3D92E46A846E3E748466F
:10AD8000F7F78EFD03460028D3D121694846F9F72D
:10AD900099FEA3890C2243F04003C9F800204FF02C
:10ADA000FF30A38100220023CAF80820CAF804302B
:10ADB00003B0BDE8F08F00200023CAF8043003B0D0
:10ADC000BDE8F08F38B54B1C1AD093891446126B2E
:10ADD00023F02003A381CDB2AAB16268636B9A42CB
:10ADE00009DA23685A1E226003F8015C63680133A4
:10ADF0006360284638BD214601F058FA0028F0D09B
:10AE00004FF0FF35F5E7236922682BB1934203D257
:10AE100012F8013CAB420FD06168E1632346A263A4
:10AE200004F1400103226263216303F8425F0122BF
:10AE3000C4E90032284638BD6368013A0133C4E9E9
:10AE40000023D6E710B50C46096B69B104F1400345
:10AE5000994201D0F9F736FEE36B6360002020636E
:10AE600013B1A36B236010BDA3892169002243F0B5
:10AE70002003C4E90012A3814FF0FF3010BD00BFD2
:10AE80002DE9F04F85B0CDE9023202FB03F30E9CB1
:10AE90000193A3B3D4F804A0019B53458B4646D934
:10AEA000A046019D58F8401B0746002652465846CA
:10AEB000F4F780FD2368226B5344A946C4E90036A9
:10AEC00011463846D344A5EB0A05E2B1424501D00C
:10AED000F9F7F8FDE36B26636360A3B1A16B216012
:10AEE000AB429A46E2D3029B01932A465846F4F7B6
:10AEF00061FDD4E90032521B2B44C4E900320198B1
:10AF000005B0BDE8F08F019A039B5244A2EB090201
:10AF1000B2FBF3F30193A3892269019843F0200364
:10AF2000A3810023C4E9002305B0BDE8F08F2168A8
:10AF30001D46D8E72DE9F84F4B6E9C0490462DD561
:10AF40009368126843B38B46064602F1080959E933
:10AF5000025A5FEA9A0715D0043D002401E0A74297
:10AF60000ED055F8041F5A46304601F097FA431C9C
:10AF700004F10104F3D10023C8E90133BDE8F88FDF
:10AF8000D8F808302AF0030AA3EB0A03C8F80830FF
:10AF900009F10809002BDAD10020ECE701F00CF8E8
:10AFA0000023C8E90133BDE8F88F00BF2DE9F04F59
:10AFB0002DED028BC5B00DF1500A834608EE101A34
:10AFC00016460021082250461C460793F9F7C4F89C
:10AFD000BBF1000F04D0DBF83430002B00F0A0866A
:10AFE00018EE102A536EDB0740F11385B2F90C10EE
:10AFF0008AB295040BD418EE103A41F400519981AD
:10B000005B6E8AB218EE101A23F400534B661007D9
:10B0100040F1058118EE103A1B69002B00F0FF800B
:10B0200002F01A030A2B00F00A810023CDE919333C
:10B03000CDE90D331BAA0C93189291460B930593FF
:10B04000B0464446A84BD3F8E450F9F7B5F9224688
:10B05000034612A9CDF800A05846A847002800F0E2
:10B060004581C0F23981129A252A034601D01C4439
:10B07000E8E7B4EB0806054640F03C810023617820
:10B080008DF8433004F1010806934FF0FF371E4658
:10B090002B2408F10108A1F120035A2B00F278813A
:10B0A000DFE813F0B50276017601B0027601760191
:10B0B00076016A00760176017D028D0276018802B2
:10B0C0009702760192025B005B005B005B005B0015
:10B0D0005B005B005B005B00760176017601760128
:10B0E000760176017601760176015C0284007601B4
:10B0F0007601760176017601760176017601760198
:10B100007601E80076017601760133027601DA02F3
:10B11000760176018B05760176017601760176015E
:10B12000760176017601760176015C028600760171
:10B1300076017601CD0286007F007601C00276019D
:10B14000FD02EA00ED027F00760133027C00690512
:10B15000760176016B0576017C00A1F130030022B7
:10B1600018F8011B02EB820203EB4202A1F130034B
:10B17000092BF5D906928EE75846FEF77DFA43680B
:10B180000D931846F9F792FB0E9005465846FEF7C8
:10B1900073FA83680B93002D40F0D68498F8001062
:10B1A00077E798F8001046F0200672E746F01006A0
:10B1B000B40640F18E81079B073323F007031A463C
:10B1C000596852F8083B07920A460029C0F2708479
:10B1D000791C00F0A28526F08001039153EA020158
:10B1E00000F03F840A2B72F1000180F0418530337A
:10B1F0008DF80F31039E012304930DF20F14049B6D
:10B20000BB42B8BF3B460393002308939DF84330ED
:10B21000002B00F0CB80039B01330393C6E018EEB4
:10B22000101A584618EE105A01F07CF8002840F029
:10B230005286AA8902F01A030A2B7FF4F6AE18EEA2
:10B24000101AB1F90E30002BFFF6EFAE4B6EDB0794
:10B2500002D4970540F1128618EE101A23463246A2
:10B26000584600F069FE0590059845B0BDEC028B8C
:10B27000BDE8F08F46F0100616F0200200F036818F
:10B28000079B073323F0070319465A6851F8083B18
:10B29000079126F480610391002100208DF843007E
:10B2A000781C00F01082039820F0800653EA020018
:10B2B00040F00882002F40F03885002940F0D58307
:10B2C000039B13F00103049300F0118430238DF8E5
:10B2D0000F310DF20F1492E7082200215046F8F7C3
:10B2E0003BFF01231C44ADE6048E0020B4EB0806AE
:10B2F00005461BD0199B1A9A01333244072BC9E922
:10B3000000861A9219931CDD002A00F0A68318EE1D
:10B31000101A18AA5846FFF70DFE20BB0DF16C0954
:10B32000059B33440593002D7FF4A8AE1A9B002B98
:10B3300040F0C18518EE103A0022B3F90C30199292
:10B3400015E009F10809EBE718EE101A18AA58469B
:10B35000FFF7F0FD002800F0A680089B1BB10899BC
:10B360005846F9F7AFFB18EE103AB3F90C3018EE67
:10B37000102A526E12F0010F9AB200F0A08050060F
:10B3800000F1B285059845B0BDEC028BBDE8F08FA9
:10B390000029CBD000238DF843300123CDE90333BE
:10B3A0008DF8AC102BAC002308931F4616F0020357
:10B3B000099302D0039B0233039316F084030A938C
:10B3C00005D1069B039A9D1A002D00F37B82DDE9CF
:10B3D0001903411C9DF8432082B101220133C9F8B1
:10B3E000042007290DF14302CDE91913C9F8002003
:10B3F00000F34A82084609F108090131099AE2B1CD
:10B4000011AA0233C9F8002007294FF00202CDE942
:10B410001913C9F8042040F35082002B00F0438335
:10B4200018EE101A18AA5846FFF784FD002894D188
:10B43000DDE919030DF16C09411C0A9A802A00F01C
:10B440008481049ABD1A002D00F3D781049AC9F8AB
:10B45000004013440729CDE91913C9F8042040F32B
:10B460006E81002B00F0758218EE101A18AA58464B
:10B47000FFF760FD00287FF470AF1A9B0DF16C0997
:10B48000750705D5069A0399541A002C00F36B82B0
:10B49000DDE9052103988142ACBF521812180592CC
:10B4A000002B7FF451AF089900231993002900F075
:10B4B00049815846F9F706FB0DF16C09C1E59C0579
:10B4C0003FF55DAF18EE104AA06DF9F711F8A289AB
:10B4D00055E7F006079A00F11F83710640F11983C2
:10B4E00032F9043B0792DA1711466EE616F01003A4
:10B4F000079940F0098316F0400000F001831A46D6
:10B5000051F8043B07919BB2C3E6079B1A46002300
:10B510008DF84330134653F8044B0393002C00F08E
:10B520001284532900F0658316F0100540F0618302
:10B530007B1C00F0B3843A4629462046F9F756F9B9
:10B540000890002800F09F84031B039A049323EAC9
:10B55000E3732F4607920393089557E6432902D0D9
:10B56000F50640F12D83079D0822002116A82BAC7B
:10B57000F8F7F2FD16AB55F8042B21465846FFF7B5
:10B5800077FA03460133049000F0B384049B0795D7
:10B5900023EAE373039300238DF8433003E7079B0B
:10B5A00053F8042B0692002A80F29C82069A52429B
:10B5B000CDE9062398F8001046F0040669E598F8EE
:10B5C00000108DF8434064E598F8001046F08006BE
:10B5D0005FE5424612F8011B2A2900F09684A1F18A
:10B5E0003003092B90464FF000073FF654AD18F892
:10B5F000011B07EB870703EB4707A1F13003092B7A
:10B60000F5D948E598F8001046F0010641E59DF8A7
:10B610004330002B7FF4C2AD202398F800108DF842
:10B62000433036E598F800106C2903BF98F80110F4
:10B6300046F0200608F1010846F0100629E598F8C2
:10B640000010682903BF98F8011046F4007608F14D
:10B65000010846F040061CE546F010030393039BE7
:10B6600013F0200200F00682079B073323F0070344
:10B6700019465A6851F8083B079101210DE6079ACF
:10B6800046F00203039352F8043B079247F6300258
:10B69000ADF84420B84A0C9202210022FDE5B7061D
:10B6A00000F14882F50600F14683740600F1D58367
:10B6B000B00540F14083079B059953F8042B07938D
:10B6C0001170BEE4039601293FF48CAD022944AC0D
:10B6D00011D10C9803F00F011B09415C04F8011D06
:10B6E00043EA0273120953EA0201F3D1039E44AB09
:10B6F0001B1B049383E503F00701DB0843EA427355
:10B70000D208303153EA0205204604F8011DF2D177
:10B71000039EF307EBD53029E8D03023023804F834
:10B72000013C44AB1B1A039E0493044667E5049B4B
:10B730001B9401221C931A9319920DF16C0909F1C3
:10B7400008099DE60DF16C097BE4069A039D551BE3
:10B75000002D7FF776AE102D40F3BB83099418EED1
:10B76000104A07E000F1020C09F108091046103DEB
:10B77000102D1EDD8149C9F80010421C1033102124
:10B78000072ACDE91923C9F80410EBDD18AA002B0C
:10B7900074D0214658460DF16C09FFF7CBFB002809
:10B7A0007FF4DBADDDE91903103D102D00F1010C34
:10B7B000E0DC099C714AC9F804502B44BCF1070F26
:10B7C000CDE919C3C9F8002040F39481002B00F0A3
:10B7D0001F8318EE101A18AA5846FFF7ABFB002873
:10B7E0007FF4BBAD049ADDE91903BD1A002D00F109
:10B7F00001010DF16C097FF729AE102D29DD0994A7
:10B80000102718EE104A07E000F1020C09F10809B0
:10B810001046103D102D1ADD421C58491033072ADE
:10B82000C9E90017CDE91923EEDD18AA03B32146B3
:10B8300058460DF16C09FFF77DFB00287FF48DADB4
:10B84000DDE91903103D102D00F1010CE4DC099C29
:10B8500061464A4AC9F804502B440729CDE9191317
:10B86000C9F8002000F3E78009F108090131EDE58E
:10B870004FF0010C18460DF16C09CAE74FF0010CAE
:10B8800018460DF16C0972E7002B00F0048118EEE8
:10B89000101A18AA5846FFF74DFB00287FF45DAD3B
:10B8A000DDE919030DF16C09411CA7E5022311AA7A
:10B8B0001C931B9201210DF16C09084609F108093E
:10B8C000411CBAE5102D40F3E582DDE919130F9410
:10B8D000084618EE104A07E000F1020C09F10809C9
:10B8E0001046103D102D1DDD2549C9F80010421CE1
:10B8F00010331021072ACDE91923C9F80410EBDD14
:10B9000018AA03B3214658460DF16C09FFF712FB44
:10B9100000287FF422ADDDE91903103D102D00F160
:10B92000010CE1DC0F9C6046154AC9F804502B4419
:10B930000728CDE91903C9F8002000F3C18009F1F7
:10B940000809411C46E518464FF0010C0DF16C0941
:10B95000C7E77607199353D5069A0399541A002C12
:10B960004EDD0DF16C09102C40F3B082199918EEE0
:10B97000106A10250DE000BF74100020D48700204D
:10B980002C2B0020881C09F108091146103C102CB2
:10B990001ADD4A1CB3481033072AC9E90005CDE96E
:10B9A0001923EFDD18AA33B331465846FFF7C2FA20
:10B9B00000287FF4D2ACDDE91913103C102C01F102
:10B9C00001000DF16C09E4DCA64AC9F804402344E7
:10B9D0000728CDE91903C9F800207FF759AD7BB1DD
:10B9E00018EE101A18AA5846FFF7A4FA00287FF498
:10B9F000B4AC1A9B4CE5012019460DF16C09C5E762
:10BA0000DDE9053203998A42ACBF9B185B180593A8
:10BA100049E5B2F90C108F0518EE103A8AB23FF5DD
:10BA2000E8AA18EE105A986DF8F760FDB5F90C10F9
:10BA30008AB2FFF7DEBA002B3FF479AE18EE101A87
:10BA400018AA5846FFF776FA00287FF486AC1999B1
:10BA50001A9B01310DF16C09F8E419920DF16C0992
:10BA60005EE4002F7FF4C3AB039E0027049744AC31
:10BA7000FFF7C5BB039B13F0100354D1039A12F0D8
:10BA8000400000F06B8107991A4651F8043B07917A
:10BA90009BB2012101E4099A002A64D118460121D0
:10BAA0000DF16C09C9E4012118460DF16C09C4E4DB
:10BAB0005B4262EB420203962D200121FFF7EEBBB1
:10BAC000002B00F0888018EE101A18AA5846FFF7CD
:10BAD00031FA00287FF441ACDDE919030DF16C095E
:10BAE000411C77E498F800100793FFF7D2BA44ACF2
:10BAF000FFF785BB09F108090CF101016046A0E4DC
:10BB000016F4007240F0978151F8043B0791FFF75B
:10BB1000C0BBB30500F1888152F8043B0792DA17E5
:10BB20001146FFF752BB079951F8043B07910121D9
:10BB3000FFF7B3BB079B059853F8041B0793C21785
:10BB4000C1E90002FFF77DBA0B9B002B3FF426AB47
:10BB50000B9B1B78002B3FF421AB98F8001046F4A8
:10BB60008066FFF796BA022311AA1C931B9201204C
:10BB70000DF16C09A2E6039671E53B4B0C9316F0B0
:10BB8000200259D0079B073323F0070318465A6851
:10BB900050F8083B0790F40709D553EA020006D095
:10BBA0008DF84510302146F002068DF8441026F439
:10BBB000806103910221FFF770BB2C4B0C93DEE7F1
:10BBC000079B012153F8042B03918DF8AC200793B8
:10BBD00004912BACDFE49DF84320002A40F0328131
:10BBE000099A002A7FF462AE184601210DF16C0912
:10BBF00027E40021082216A81394F8F7ADFA791C5F
:10BC000000F0BC80002507942C460CE02BA9584678
:10BC1000FEF72EFF421C204400F06B81B84208DC86
:10BC200000F070810446139A525916AB0435002A6D
:10BC3000ECD10494079CAFE016F0100307980CD1E8
:10BC400016F0400405D01A4650F8043B07909BB20A
:10BC5000A1E716F4007240F0E18050F8043B079031
:10BC600099E700BF2C2B00207410002088100020C2
:10BC70000399049744AC9E4608EE90BA01F480669E
:10BC80004FF0000C234606E0BEF10A0F72F10002ED
:10BC900039D3A6462A46A6491EEB020040F1000011
:10BCA0000F46A1FB001424F0030101EB9401401A9C
:10BCB000BEEB00014FF0CC3562F1000405FB01F54D
:10BCC00007FB0455A1FB07410D44052704F00101C2
:10BCD000A1FB071B09186408303103F8011C44EA72
:10BCE000C5740CF1010C013B6D08002ECCD00B99F2
:10BCF00009786145C8D1BCF1FF0FC5D0BEF10A0F6C
:10BD000072F100026CD21C4644AB1B1B049F039EC5
:10BD1000049318EE90BAFFF772BA0396FFF762BA6F
:10BD20005846F8F747F8FFF75BB9012903967FF407
:10BD3000CDACFFF75CBA079B059953F8042B116053
:10BD40000793FFF77EB9062F3B46039A794C07927B
:10BD500028BF062304930393FFF725BB039B079992
:10BD600013F4007214BF51F8043B51F8043B0791DF
:10BD70001CBF0246DBB20121FFF78FBA16AB00935E
:10BD80000023194613AA5846FEF798FE03460133CE
:10BD9000049000F0AE801394049B002B30D0632BF2
:10BDA00063DC002308932BAC0822002116A8F8F7C7
:10BDB000D3F9049D16AB009313AA2B46214658468F
:10BDC000FEF77CFE854240F0AB80039B049A07930C
:10BDD0000023A3541F4622EAE2730393FFF716BA27
:10BDE0000E9A0D999B1A18460893F8F7B3FA0B9917
:10BDF000089B4A780AB101310B914FF0000C48E7DB
:10BE0000039B0793049B03931F460893FFF7FEB918
:10BE1000012118460DF16C09FFF713BB50F8043BE4
:10BE200007902246DBB2B6E612F9043B0792DA1716
:10BE30001146FFF7CAB951F8043B07910246DBB23D
:10BE4000FFF727BA01231C9301210DF143031B9334
:10BE50000DF16C090B46FFF7CDBA079B059953F816
:10BE6000042B07931180FFF7ECB8591C5846F6F7DE
:10BE70004FFA044600283CD0089095E7886DF8F703
:10BE800037FBFFF7E9B9039B0793CDE90377089FD9
:10BE9000FFF7BCB919981A9B013045E5039B07933E
:10BEA0002046F8F703FD20EAE0732F460490039341
:10BEB0000895FFF7ABB918EE101A18AA5846FFF705
:10BEC00039F800283FF436AAFFF74DBA1998013027
:10BED0007AE58C466EE46B6ED90705D4AB899A057A
:10BEE00002D4A86DF8F704FB4FF0FF330593FFF77A
:10BEF00049BA18EE102AB2F90C3043F0400393818E
:10BF0000FFF735BA079C049746E7079B98F801109E
:10BF100053F8047B0793904647EAE777FFF7B9B8F1
:10BF200018EE102A938943F040039381FFF715BA66
:10BF3000CDCCCCCC9C10002070B50C468989ADF5D9
:10BF40008E6D21F00201ADF81410616E1B91E18934
:10BF5000ADF81610E1690991616A0B911CA9029173
:10BF600006914FF4806106460491079118A80021BC
:10BF7000CDE900320891F8F7B5FADDE9003202A9FF
:10BF80003046FFF713F8051E07DB02A93046FDF720
:10BF9000D3FA002818BF4FF0FF35BDF814305B0608
:10BFA00003D5A38943F04003A3811898F8F79CFABE
:10BFB00028460DF58E6D70BD9368002B00F08580CE
:10BFC0002DE9F04FB1F90C300C461907804683B0CB
:10BFD000174698B225D523691BB310F002033D68BC
:10BFE0002DD04FF0000ADFF8C0B25646B9465E4584
:10BFF0003346524628BF5B464046002E52D0E16988
:10C00000676AB847002856DDD9F808301B1A824401
:10C01000361AC9F80830002BE9D1002003B0BDE87A
:10C02000F08F2146404600F07DF9002840F038812D
:10C03000B4F90C303D6898B210F00203D1D110F081
:10C04000010944D14E46009746B38205D4F808B0A2
:10C0500040F18580B3455A4600F2B48010F4906FE9
:10C0600040F0C180206801924946F7F7F9FFA368C4
:10C07000019AA3EB0B012368A1601344B24623602D
:10C080000026009A9368A3EB0A03D1449360002B27
:10C09000C3D0B4F90C0080B2002ED6D1D5E90096F9
:10C0A0000835D1E7D5E900A60835A0E72146404686
:10C0B000FDF742FA88B3B4F90C3043F040034FF077
:10C0C000FF30A38103B0BDE8F08F002070471E460B
:10C0D000BA469946184600951F4666B3002832D0E6
:10C0E0004A46D4E904132068A568B24228BF324604
:10C0F000884204D905EB030B5A4500F3A78093420D
:10C1000064DCE169656A3A464046A847B0F1000B35
:10C11000D1DDB9EB0B09C9D00120DAF80830A3EB67
:10C120000B035F44A6EB0B06CAF80830002B3FF464
:10C1300074AF002ED2D1009A56681346083200928E
:10C14000002EF8D01F6832460A213846F8F74EFB19
:10C15000002800F09C800130A0EB0709C0E72068B0
:10C160002369984216D86269B24213D86FF000432F
:10C17000B34228BF3346E16993FBF2F3676A02FBDF
:10C1800003F340464A46B847B0F1000A93DDA6EBF8
:10C190000A0676E7B345DA4628BFB2465246494614
:10C1A000F7F75EFFA3682268A3EB0A035244A3607B
:10C1B0002260002BEBD121464046FDF7BDF9002857
:10C1C000E5D078E72068B34632464CE7394601921D
:10C1D000F7F746FF019AA3689B1AA36023681344EC
:10C1E0002360934695E723682169A3EB010B6369FC
:10C1F00003EB430A0AEBDA7A0BF101034FEA6A0A0E
:10C2000033445345524684BF9A46524643052CD583
:10C2100011464046F6F77CF800283BD05A46216983
:10C220000190F3F7C7FBA289019B22F4906242F0D0
:10C230008002A28103EB0B002361AAEB0B03C4F87D
:10C2400014A0A3602060B34632460CE739465A4634
:10C25000F7F706FF23685B44236021464046FDF75D
:10C260006BF900283FF455AF25E74046F6F718FB79
:10C2700003460028DED121694046F8F723FCB4F9D3
:10C280000C300C2223F08003C8F8002015E7721C44
:10C29000914626E70C22B4F90C30C8F800200CE7D0
:10C2A0004FF0FF30BAE600BF00FCFF7F01F1400312
:10C2B0002DE9F0410C46096B994214D0666B77006A
:10C2C0003A46F6F7EDFA054640B300EB060801469C
:10C2D00032464046F3F76EFBC4E90C57C4F80080C1
:10C2E0000020BDE8F0814FF48061F6F711F8A8B1A5
:10C2F00094F842304FF48062C4E90C0280F8FF33B6
:10C3000094F8413080F8FE3394F8402080F8FD2303
:10C3100000F2FD3323600020BDE8F0814FF0FF30D4
:10C32000DFE700BF38B5314B1B6805460C4613B13B
:10C330005A6B002A4ED0B4F90C3018079AB21CD5AB
:10C34000216929B312F0010007D00020A0606069C4
:10C350004042A06139B1002038BD950758BF6069DF
:10C36000A0600029F7D1120658BF0846F4D543F063
:10C370004003A3814FF0FF3038BDD1062ED55207C0
:10C3800014D4216943F00803A3819AB20029D9D1BA
:10C3900002F42070B0F5007FD4D02146284600F08A
:10C3A00077F9B4F90C3021699AB2CBE7216B51B11E
:10C3B00004F14002914204D02846F8F783FBB4F917
:10C3C0000C300022226321690022C4E9001223F00C
:10C3D0002403D7E71846F7F7EDFCACE7092243F052
:10C3E00040032A604FF0FF30A38138BD8C930020BA
:10C3F0002DE9F04782B0824688461446F7F7DCFF05
:10C40000012803D108F1FF33FE2B36D90DF10409C1
:10C41000424604F15C0349465046FEF729FB421CA4
:10C42000064632D020B39DF804C0002509E02368F9
:10C430005A1C226083F800C00135B54218D219F8A1
:10C4400001CFA368013B002BA360F0DAA769BB42D0
:10C4500061462246504602DBBCF10A0FE7D100F0EC
:10C4600083F9431CE8D10646304602B0BDE8F087A8
:10C470004646304602B0BDE8F0875FFA88FC8DF88A
:10C4800004C006460DF10409CFE7A389304643F006
:10C490004003A38102B0BDE8F08700BF30B5536E02
:10C4A00013F0010FB2F90C30144683B005469AB26E
:10C4B00001D198051CD5900406D4626E43F4005354
:10C4C00042F40052A381626622462846FFF790FF9D
:10C4D000636EDA07054602D4A3899B0502D5284678
:10C4E00003B030BDA06DF8F703F8284603B030BDA7
:10C4F000A06D0191F7F7FAFFB4F90C3001999AB2E7
:10C50000D9E700BF2DE9F04F8BB0DDE9158A149F04
:10C510000391814605921E46B8F1000F5CD0039B43
:10C52000002B5ED0059B1D68002F6AD0741E4EB391
:10C53000039B0493043D002601950BE0039B2BBB5A
:10C54000019B1A68002A3AD0BC455CD2013C631CAE
:10C55000664617D0D8F800300293019BDAF8E05015
:10C5600053F8042F019307A943464846D8F804B06E
:10C57000A847421C3AD000EB060CBC45DED9029B12
:10C58000C8E9003B30460BB0BDE8F08F00280EDD57
:10C59000049B019D18445A1E07A900F1FF3E11F8A3
:10C5A000013B02F8013F7245F9D101950490059BCA
:10C5B0001A6804321A60019B1A68002AC4D1039BCE
:10C5C0000BB1059B1A600CF1FF3600223046C8F80B
:10C5D00000200BB0BDE8F08F039B00F58678002BA0
:10C5E000A0D1059B4FF0FF371D689FE706468A21C3
:10C5F00000223046C9F80010C8F800200BB0BDE892
:10C60000F08F3E46BEE76646BCE700BF10B584B07B
:10C61000054C069800900798019004480068029421
:10C62000FFF770FF04B010BD048E00208C93002033
:10C63000154B984223D870B5144E4FF0000E40F6BB
:10C64000DB0403E002F1010EA64516DC04EB0E024A
:10C6500022F0010303EB620306EB43035210597807
:10C660005D88B3F804C041EA05218C446045E9D8EF
:10C67000884206D2541EA645E8DDFF2070BDFF208B
:10C680007047187870BD00BFEF010E003C2B0020F2
:10C690002DE9F0418B890C46990796B008D504F135
:10C6A00043030122C4E90432236016B0BDE8F081DF
:10C6B000B4F90E100029064625DB6A4600F0ACF8F6
:10C6C00000281FDB019D05F47045A5F50055B5FA5E
:10C6D00085F54FF480686D094FF400674146304698
:10C6E000F5F716FEE0B1B4F90C30C4F8148043F04D
:10C6F000800320602061A38135BB3B43A38116B03A
:10C70000BDE8F081A38913F0800519D04FF04008EF
:10C710000025414630462F46F5F7FAFD0028E2D1C4
:10C72000B4F90C309A05C0D423F0030304F143029A
:10C7300043F002030121C4E90421A3812260B4E78C
:10C740004FF480682F46C9E7B4F90E10304600F068
:10C7500079F810B9B4F90C30CFE7A38923F00303BB
:10C7600043F001031BB2C8E7F8B50D461446064670
:10C7700010B1436B002B4CD0B4F90C20A369A3601B
:10C78000170790B21BD52369CBB1EDB281042F46B8
:10C7900022D522686169D31A994229DD0133A16843
:10C7A0000139A160511C2160157062699A4227D03D
:10C7B000A389DB0701D50A2D22D03846F8BD2146D2
:10C7C0003046FFF7AFFD08BBB4F90C20236990B2E7
:10C7D000EDB281042F46DCD442F40052A281626E95
:10C7E000616922F4005262662268D31A9942D5DC4C
:10C7F00021463046FCF7A0FE40B922680123CEE76F
:10C8000021463046FCF798FE0028D6D04FF0FF377F
:10C81000D3E7F7F7CFFAAFE770B50C46084D0346FC
:10C820000026204611461C462E60F3F711FC431CDF
:10C8300000D070BD2B68002BFBD0236070BD00BF03
:10C8400008A7002038B5074D0022044608462A6094
:10C85000F3F704FC431C00D038BD2B68002BFBD041
:10C86000236038BD08A7002008B502460B4643ECFC
:10C87000172BB5EEC07BF1EE10FA03D4BDE80840EB
:10C8800000F00CB8B1EE477B51EC170B00F006F846
:10C89000404261EB410108BD000000009FED0B6BC1
:10C8A00041EC170B9FED0B5B27EE066BBCEEC66BE6
:10C8B000B8EE464BA4EE457BFCEEC77B16EE101A95
:10C8C00017EE900A704700BFAFF300800000000031
:10C8D0000000F03D000000000000F0415FF800F0B3
:10C8E000D91700605FF800F01D2500605FF800F0C8
:10C8F000712500605FF800F0411800605FF800F0FB
:10C90000711600605FF800F0D92000605FF800F059
:0CC91000D51900600000000000000000CD
:04C91C00F8B500BFAB
:08C920008C50FF7F01000000B4
:10C9280000000000000000000000000000000000FF
:10C9380000000000000000000000000000000000EF
:10C9480000000000000000000000000000000000DF
:10C9580000000000000000000000000000000000CF
:10C9680000000000000000000000000000000000BF
:10C9780000000000000000000000000000000000AF
:10C98800000000000000000000000000000000009F
:10C99800000000000000000000000000000000008F
:10C9A800000000000000000000000000000000007F
:10C9B800000000000000000000000000000000006F
:10C9C800000000000000000000000000000000005F
:10C9D800000000000000000000000000000000004F
:10C9E800000000000000000000000000000000003F
:10C9F800000000000000000000000000000000002F
:10CA0800000000000000000000000000000000001E
:10CA1800000000000000000000000000000000000E
:10CA280000000000000000000000000000000000FE
:10CA380000000000000000000000000000000000EE
:10CA480000000000000000000000000000000000DE
:10CA580000000000000000000000000000000000CE
:10CA680000000000000000000000000000000000BE
:10CA780000000000000000000000000000000000AE
:10CA8800000000000000000000000000000000009E
:10CA9800000000000000000000000000000000008E
:10CAA800000000000000000000000000000000007E
:10CAB800000000000000000000000000000000006E
:10CAC800000000000000000000000000000000005E
:10CAD800000000000000000000000000000000004E
:10CAE800000000000000000000000000000000003E
:10CAF800000000000000000000000000000000002E
:10CB0800000000000000000000000000000000001D
:10CB1800000000000000000000000000000000000D
:10CB280000000000000000000000000000000000FD
:10CB380000000000000000000000000000000000ED
:10CB480000000000000000000000000000000000DD
:10CB580000000000000000000000000000000000CD
:10CB680000000000000000000000000000000000BD
:10CB780000000000000000000000000000000000AD
:10CB8800000000000000000000000000000000009D
:10CB9800000000000000000000000000000000008D
:10CBA8000080E03779C34143176E05B5B5B89346A1
:10CBB800F5F93FE9034F384D321D30F94877825A6D
:10CBC8003CBF737FDD4F1575000000000000F03F8B
:10CBD8000000000000002440000000000000594050
:10CBE8000000000000408F40000000000088C340A3
:10CBF80000000000006AF8400000000080842E4118
:10CC080000000000D01263410000000084D7974163
:10CC18000000000065CDCD41000000205FA0024269
:10CC2800000000E876483742000000A2941A6D42DE
:10CC3800000040E59C30A2420000901EC4BCD642D1
:10CC480000003426F56B0C430080E03779C341437C
:10CC580000A0D8855734764300C84E676DC1AB43F2
:10CC6800003D9160E458E143408CB5781DAF154410
:10CC780050EFE2D6E41A4B4492D54D06CFF08044EB
:10CC8800F64AE1C7022DB544B49DD9794378EA4400
:10CC9800BC89D897B2D29C3C33A7A8D523F649398A
:10CCA8003DA7F444FD0FA5329D978CCF08BA5B25AC
:10CCB800436FAC6428066811FF00780180014302C5
:10CCC800880187018C018B01920191019501F60180
:10CCD800990198019A013D029E012002A801A7012D
:10CCE800AD01AC01B001AF01B901B801BD01BC0192
:10CCF800BF01F701C601C401C901C701CC01CA01BE
:10CD0800DD018E01F301F101F501F4013A02652C10
:10CD18003C023B023E02662C420241025302810160
:10CD2800540286015602890157028A0159028F016D
:10CD38005B0290016002930163029401680297010B
:10CD4800690296016B02622C6F029C0172029D01BE
:10CD580075029F017D02642C8002A6018302A9014D
:10CD68008802AE01890244028A02B1018B02B20133
:10CD78008C0245029202B7017B03FD037C03FE038C
:10CD88007D03FF03AC038603C203A303CC038C0318
:10CD9800CD038E03CE038F03F203F903F803F703E1
:10CDA800FB03FA03CF04C0047D1D632C511F591FD8
:10CDB800531F5B1F551F5D1F571F5F1F781FF81FED
:10CDC800791FF91FB31FBC1FCC1FC31FE51FEC1F22
:10CDD800FC1FF31F4E21322184218321612C602CFA
:10CDE800762C752C6100E01AE000E017F800E007E7
:10CDF8000001013032010106390101104A01012EFA
:10CE08007901010682010104A0010106B3010104B0
:10CE1800CD010110DE010112F801012822020112E0
:10CE28004602010AAD03DB03B103E011C303E009C5
:10CE3800D80301183004E0205004B0106004012227
:10CE48008A040136C104010ED00401446105D026CC
:10CE5800001E0196A01E015A001F0808101F080690
:10CE6800201F0808301F0808401F0806601F080810
:10CE7800701F4A02721F5604761F64027A1F7002DE
:10CE88007C1F7E02801F0808901F0808A01F080842
:10CE9800B01F0802D01F0802E01F08027021F0101E
:10CEA800D024E61A302CD02F672C0106802C016480
:10CEB800002D002641FFE01A1F1C1F1E1F1E1F1FEA
:10CEC8001E1F1E1F3100000030000000466F6C6CF2
:10CED8006F776572207374617475733A200000006F
:10CEE80025642C25642C25642C252E316600000031
:10CEF800566F6C756D652000252E316600000000A8
:10CF080043726173683A20002066696C65200000EE
:10CF1800636F646563206661696C00005344206632
:10CF280061696C00525443206661696C000000001E
:10CF3800536574757020636F6D706C6574652E0031
:10CF48005265626F6F74696E672073686F72746C74
:10CF5800792E00004E4F0000594553000A2D2D2D03
:10CF68002D2D205245504F5254202D2D2D2D2D0062
:10CF7800526F6C652000000046696C652000000057
:10CF880052544320000000004177616B6520000087
:10CF980050574D2072616E676520000054726163BE
:10CFA8006B206974657220004350552074656D705C
:10CFB80020000000204300002D2D2D2D2D20454E52
:10CFC80044202D2D2D2D2D0A00000000736574744A
:10CFD800696D65002564202564202564202564206A
:10CFE8002564202564000000525443207365742092
:10CFF8000000000055736167653A203A73657474E0
:10D00800696D652059595959204D4D20444420488F
:10D0180048204D4D2053530073796E6374696D65D4
:10D0280000000000525443203D20636F6D70696C0E
:10D03800652074696D652000556E6B6E6F776E2084
:10D048003A20636F6D6D616E640000004F464600C4
:10D058004F4E000050574D20000000004B6E6F628D
:10D06800200000000A4B6579733A205020706C61EB
:10D07800792020582073746F702020572077616BB7
:10D088006520205320736C656570202052207265DE
:10D09800706F7274202042207265626F6F74000096
:10D0A8002020202020202B202D20766F6C756D6588
:10D0B8002020203E203C2050574D2020204B206B24
:10D0C8006E6F62002020202020203A7365747469F6
:10D0D8006D652059595959204D4D204444204848E0
:10D0E800204D4D2053532020203A73796E63746984
:10D0F8006D652020203A74696D650000506C617977
:10D10800696E6720000000002069746572200000C5
:10D11800706C61792829206661696C65643A200021
:10D1280025632563257300002325732A253032588B
:10D138000A0000004361726420697320746F6F20D5
:10D14800736D616C6C2E0D0A00000000466F726DE5
:10D15800617420446F6E650D0A000000466F726DA1
:10D168006174204661696C65640D0A00426164203F
:10D17800636C757374657220636F756E740D0A0045
:10D1880044657669636520697320746F6F20736DD9
:10D19800616C6C0D0A00000057726974696E672033
:10D1A800464154200000000057726974696E672078
:10D1B800757063617365207461626C650D0A0000A7
:10D1C80057726974696E6720726F6F740D0A000078
:10D1D800466F726D617420646F6E650D0A00000001
:10D1E800466F726D6174206661696C65640D0A0032
:10D1F8004558464154000000534D414C4C2E574170
:10D20800560000005345415348454C4C2E57415653
:10D2180000000000020304054C4F4E472E574156AC
:10D22800000000006E616E00696E66006F76660031
:10D2380085C5000089C500008DC5000091C50000A6
:10D2480031373A32343A31380000000041756720EE
:10D25800313920323032360052544320756E6176AF
:10D2680061696C61626C6500253034752F25303238
:10D27800752F2530327520253032753A25303275B4
:10D288003A253032750000006CC00F40C000000025
:10D29800504F0000493800000C0000001300000047
:10D2A8000000000024851F400B0000001300000050
:10D2B8000000000028851F400D000000130000003A
:10D2C8000000000020851F400A0000001300000035
:10D2D800010000001C851F40000000000000000045
:10D2E800B11800009D1800003513000075180000E3
:10D2F8003919000029180000D117000000000000AB
:10D3080000000000BDD70000000000000000000081
:10D31800492900000000000000000000B1340000AE
:10D3280000000000000000002920000000000000AC
:10D3380000000000E51F00000000000000000000E1
:10D34800D51900600000000000000000BD8E00003C
:10D35800C98E0000C18E0000C98F000039970000F7
:10D3680069960000C596000065950000459100008B
:10D37800799B0000D98E00004D8E000009980000AE
:10D38800398E00003D8E0000458E0000498E000059
:10D398005D9100009999000021990000799400009E
:10D3A800318E0000418E0000799A0000A19700009C
:10D3B8003D8F0000000000000000000069C7000069
:10D3C8008DE1000089E1000085E1000081E10000B5
:10D3D8007DE1000079E1000075E100000000000037
:10D3E8000000000059EF0000F1C70000C5E9000087
:10D3F8001DEB0000E5E9000089EA00000DEA0000E5
:10D40800A1EB000039EB0000C1E9000000000000BA
:10D418000000000075230000092100006D240000B1
:10D428000D210000A52300000000000000000000FE
:10D43800D1190000311600003513000059170000FB
:10D448007516000001170000D51600000D1C00001D
:10D45800B51C00000000000000000000B11800002A
:10D468009D180000351300007518000039190000D8
:10D4780029180000D117000000000000000000007B
:10D48800251A0000651A000011180000891800000C
:10D4980085190000B9170000611800007914000010
:10D4A8007D1B0000811700009D170000511300002C
:10D4B8003D13000029140000E9170000791300004B
:10D4C80009150000C115000051150000B514000031
:10D4D800E51800000000000000000000BDD70000B3
:10D4E800F1C700003513000039130000BDD7000054
:10D4F800BDD70000BDD700000000000000000000FC
:10D50800993C0000A93E00006D3E0000B53D0000BA
:10D51800193E0000613D0000E13E0000D13F0000DF
:10D528000D400000E940000000000000000000007D
:10D53800CDBA0000F9BA000035130000C9BA0000DE
:10D54800A5BA0000C1B80000B1BA00000000000090
:10D5580000000000599D00005D9D0000C99B00006F
:10D568004DA1000095AD000015A7000079840000CA
:10D57800899D000065AD0000A5AE00009DA70000D4
:10D58800D17C0000BDA40000E99C0000F59C0000CF
:10D59800BD9B0000C19B0000C59B0000019D0000D1
:10D5A800259D0000499D0000C9A100006D9D000057
:10D5B800A19F000015A20000E9A200001DC0000004
:10D5C80021C0000029C0000031C00000D8399D27C3
:10D5D8000054EA2A00A4781F007B9A172C2066754D
:10D5E8006E6374696F6E3A200000000061737365A2
:10D5F8007274696F6E2022257322206661696C65DA
:10D60800643A2066696C6520222573222C206C6997
:10D618006E65202564257325730A000042616C6CD1
:10D628006F6320737563636565646564000000005B
:10D638002F646174612F6A656E6B696E732F776FE3
:10D64800726B73706163652F474E552D746F6F6CE5
:10D65800636861696E2F61726D2D31312F7372634A
:10D668002F6E65776C69622D63796777696E2F6EA7
:10D6780065776C69622F6C6962632F7374646C6977
:10D68800622F6764746F612D6765746865782E63AF
:10D698000000000000000000000000000000000082
:10D6A8000000000000000000000000000000000072
:10D6B8000000000000000000000000000000000062
:10D6C8000000000010111213141516171819000085
:10D6D80000000000001A1B1C1D1E1F000000000097
:10D6E8000000000000000000000000000000000032
:10D6F80000000000001A1B1C1D1E1F000000000077
:10D708000000000000000000000000000000000011
:10D718000000000000000000000000000000000001
:10D7280000000000000000000000000000000000F1
:10D7380000000000000000000000000000000000E1
:10D7480000000000000000000000000000000000D1
:10D7580000000000000000000000000000000000C1
:10D7680000000000000000000000000000000000B1
:10D7780000000000000000000000000000000000A1
:10D788000000000000000000000000000000000091
:10D79800000000002F646174612F6A656E6B696E0A
:10D7A800732F776F726B73706163652F474E552DBA
:10D7B800746F6F6C636861696E2F61726D2D3131A2
:10D7C8002F7372632F6E65776C69622D6379677743
:10D7D800696E2F6E65776C69622F6C6962632F734F
:10D7E80074646C69622F6D707265632E630000004B
:10D7F80065256C64000000000020202020202020E7
:10D8080020202828282828202020202020202020E8
:10D8180020202020202020202088101010101010F8
:10D828001010101010101010100404040404040444
:10D8380004040410101010101010414141414141DE
:10D8480001010101010101010101010101010101C0
:10D8580001010101101010101010424242424242D0
:10D868000202020202020202020202020202020290
:10D878000202020210101010200000000000000038
:10D888000000000000000000000000000000000090
:10D898000000000000000000000000000000000080
:10D8A8000000000000000000000000000000000070
:10D8B8000000000000000000000000000000000060
:10D8C8000000000000000000000000000000000050
:10D8D8000000000000000000000000000000000040
:10D8E8000000000000000000000000000000000030
:10D8F800000000000000000000000000496E66699A
:10D908006E697479000000004E614E002F646174E6
:10D91800612F6A656E6B696E732F776F726B7370A8
:10D928006163652F474E552D746F6F6C636861692D
:10D938006E2F61726D2D31312F7372632F6E657783
:10D948006C69622D63796777696E2F6E65776C698C
:10D95800622F6C6962632F7374646C69622F6474DC
:10D968006F612E63000000004A495300534A49532F
:10D97800000000004555434A500000006E66000054
:10D98800696E697479000000616E0000494E4600B6
:10D998004E414E00303132333435363738396162D2
:10D9A8006364656600000000303132333435363741
:10D9B800383941424344454600000000286E756CE2
:10D9C8006C2900000030013002300CFF0EFFFB30E4
:10D9D8001AFF1BFF1FFF01FF9B309C30B40040FF64
:10D9E800A8003EFF3E203FFFFD30FE309D309E30B8
:10D9F8000330DD4E053006300730FC30142010208F
:10DA08000FFF3CFF1C3016205CFF26202520182025
:10DA180019201C201D2008FF09FF143015303BFF7A
:10DA28003DFF5BFF5DFF083009300A300B300C30DA
:10DA38000D300E300F30103011300BFF1222B100B4
:10DA4800D700F7001DFF60221CFF1EFF6622672219
:10DA58001E22342242264026B000322033200321E1
:10DA6800A50004FFA200A30005FF03FF06FF0AFFAD
:10DA780020FFA70006260526CB25CF25CE25C725BE
:10DA8800C625A125A025B325B225BD25BC253B204B
:10DA9800123092219021912193211330000000002F
:10DAA800000000000000000000000000000000006E
:10DAB800000008220B2286228722822283222A2221
:10DAC8002922000000000000000000000000000003
:10DAD800000027222822AC00D221D42100220322D0
:10DAE80029220000000000000000000000000000E3
:10DAF8000000000000002022A52212230222072293
:10DB0800612252226A226B221A223D221D223522CC
:10DB18002B222C2200000000000000000000000062
:10DB280000002B2130206F266D266A262020212018
:10DB3800B6002C22000000000000EF2500000000C5
:10DB480000000000000000000000000101010101C8
:10DB580001010101010000000000000001010101B4
:10DB6800010101010101010101010101010101019D
:10DB78000101010101010000000000000001010194
:10DB8800010101010101010101010101010101017D
:10DB98000101010101010100910392039303940320
:10DBA800950396039703980399039A039B039C0391
:10DBB8009D039E039F03A003A103A303A403A5033E
:10DBC800A603A703A803A9030000000000000000A3
:10DBD8000000000000000000B103B203B303B40367
:10DBE800B503B603B703B803B903BA03BB03BC0351
:10DBF800BD03BE03BF03C003C103C303C403C503FE
:10DC0800C603C703C803C90310041104120413048C
:10DC180014041504010416041704180419041A043A
:10DC28001B041C041D041E041F04200421042204D8
:10DC380023042404250426042704280429042A0488
:10DC48002B042C042D042E042F04000000000000D7
:10DC580000000000000000000000000000000000BC
:10DC680000000000000000003004310432043304D6
:10DC780034043504510436043704380439043A04AA
:10DC88003B043C043D043E043F0440044104420478
:10DC980043044404450446044704480449044A0428
:10DCA8004B044C044D044E044F040000002502258B
:10DCB8000C251025182514251C252C25242534254C
:10DCC8003C25012503250F2513251B25172523256D
:10DCD80033252B253B254B2520252F252825372582
:10DCE8003F251D2530252525382542259C4E1655CE
:10DCF800035A3F96C0541B612863F65922907584D5
:10DD08001C83507AAA60E163256EED656684A6825D
:10DD1800F59B93682757A16571629B5BD0597B86F9
:10DD2800F498627DBE7D8E9B16629F7CB788895B66
:10DD3800B55E096397664868C7958D974F67E54E46
:10DD48000A4F4D4F9D4F4950F2563759D459015AF1
:10DD5800095CDF600F61706113660569BA704F7501
:10DD68007075FB79AD7DEF7DC3800E846388028B6F
:10DD780055907A903B53954EA54EDF57B280C1908F
:10DD8800EF78004EF158A26E3890327A28838B8251
:10DD98002F9C41517053BD54E154E056FB59155F17
:10DDA800F298EB6DE4802D8562967096A096FB97AD
:10DDB8000B54F353875BCF70BD7FC28FE8966F53C8
:10DDC8005C9DBA7A114E9378FC81266E18560455DC
:10DDD8001D6B1A853B9CE559A953666DDC748F95BC
:10DDE8004256914E4B90F2964F830C99E153B6559B
:10DDF800305B715F2066F3660468386CF36C296DDC
:10DE08005B74C8764E7A3498F1825B88608AED92AA
:10DE1800B26DAB75CA76C599A660018B8A8DB2952D
:10DE28008E69AD538651125730584459B45BF65E2B
:10DE38002860A963F463BF6C146F8E7014715971F4
:10DE4800D5713F73017E7682D182978560905B920F
:10DE58001B9D6958BC655A6C2575F9512E59655931
:10DE6800805FDC5FBC62FA652A6A276BB46B8B73D0
:10DE7800C17F56892C9D0E9DC49EA15C966C7B83A8
:10DE880004514B5CB661C68176686172594EFA4F8F
:10DE980078536960296E4F7AF3970B4E1653EE4EFE
:10DEA800554F3D4FA14F734FA052EF5309560F598D
:10DEB800C15AB65BE15BD17987669C67B6674C6BE4
:10DEC800B36C6B70C2738D79BE793C7A877BB182F3
:10DED800DB8204837783EF83D3836687B28A2956EC
:10DEE800A88CE68F4E901E978A86C44FE85C116214
:10DEF80059723B75E581BD82FE86C08CC596139923
:10DF0800D599CB4E1A4FE389DE564A58CA58FB5E5C
:10DF1800EB5F2A6094606260D0611262D0623965FA
:10DF2800419B6666B068776D70704C758676757DB6
:10DF3800A582F9878B958E969D8CF151BE52165904
:10DF4800B354B35B165D68618269AF6D8D78CB841D
:10DF58005788728AA793B89A6C6DA899D986A357DF
:10DF6800FF67CE860E92835287560454D35EE162D1
:10DF7800B9643C683868BB6B7273BA786B7A9A89F3
:10DF8800D2896B8D038FED90A39594966997665B04
:10DF9800B35C7D694D984E989B63207B2B6A7F6AA2
:10DFA800B6680D9C5F6F72529D557060EC623B6D58
:10DFB800076ED16E5B841089448F144E399CF653DA
:10DFC8001B693A6A84972A685C51C37AB284DC91E7
:10DFD8008C935B56289D226805833184A57C085262
:10DFE800C582E6747E4E834FA051D25B0A52D85246
:10DFF800E752FB5D9A552A58E6598C5B985BDB5BC8
:10E00800725E795EA3601F616361BE61DB636265F6
:10E01800D1675368FA683E6B536B576C226F976FE2
:10E02800456FB0741875E3760B77FF7AA17B217C76
:10E03800E97D367FF07F9D8066829E83B389CC8A96
:10E04800AB8C8490519493959195A2956596D397AE
:10E0580028991882384E2B54B85CCC5DA9734C763D
:10E068003C77A95CEB7F0B8DC19611985498589812
:10E07800014F0E4F71539C556856FA574759095B23
:10E08800C45B905C0C5E7E5ECC5FEE633A67D765DE
:10E09800E2651F67CB68C4685F6A305EC56B176C42
:10E0A8007D6C7F754879635B007A007DBD5F8F89E1
:10E0B800188AB48C778DCC8E1D8FE2980E9A3C9B73
:10E0C800804E7D50005193599C5B2F628062EC64B6
:10E0D8003A6BA07291754779A97FFB87BC8A708BD0
:10E0E800AC63CA83A09709540354AB555468586A63
:10E0F800708A27787567CD9E7453A25B1A81508603
:10E108000690184E454EC74E114FCA533854AE5B51
:10E11800135F256051653D67426C726CE36C7870E3
:10E128000374767AAE7A087B1A7DFE7C667DE76595
:10E138005B72BB53455CE85DD262E0621963206E96
:10E148005A86318ADD8DF892016FA6795A9BA84EBE
:10E15800AB4EAC4E9B4FA04FD1504751F67A715100
:10E16800F651545321537F53EB53AC558358E15C1C
:10E17800375F4A5F2F6050606D601F6359654B6A57
:10E18800C16CC272ED72EF77F880058108824E8506
:10E19800F790E193FF9757995A9AF04EDD512D5C0D
:10E1A80081666D69405CF266756989735068817C27
:10E1B800C550E4524757FE5D2693A465236B3D6B1B
:10E1C80034748179BD794B7BCA7DB982CC837F88D1
:10E1D8005F89398BD18FD1911F5480925D4E365013
:10E1E800E5533A53D7729673E977E682AF8EC699AC
:10E1F800C899D29977511A615E86B0557A7A765065
:10E20800D35B47908596324EDB6AE791515C485C58
:10E2180098639F7A936C7497618FAA7A8A718896AB
:10E22800827C1768707E51686C93F2521B54AB85E0
:10E23800138AA47FCD8EE190665388884179C24FB6
:10E24800BE501152445153552D57EA738B575159AB
:10E25800625F845F756076616761A961B2633A64E1
:10E268006C656F664268136E66753D7AFB7C4C7D03
:10E27800997D4B7E6B7F0E834A83CD86088A638A9D
:10E28800668BFD8E1A988F9DB882CE8FE89B875239
:10E298001F628364C06F999641689150206B7A6CB5
:10E2A800546F747A507D4088238A0867F64E395037
:10E2B800265065507C5138526352A7550F57055860
:10E2C800CC5AFA5EB261F861F36272631C69296A1A
:10E2D8007D72AC722E7314786F78797D0C77A98073
:10E2E8008B89198BE28CD28E639075937A965598A8
:10E2F800139A789E43519F53B3537B5E265F1B6EE0
:10E30800906E8473FE73437D3782008AFA8A509632
:10E318004E4E0B50E4537C54FA56D159645BF15D70
:10E32800AB5E275F38624565AF67566ED072CA7CB0
:10E33800B488A180E180F0834E86878AE88D379281
:10E34800C7966798139F944E924E0D4F4853495461
:10E358003E542F5A8C5FA15F9F60A7688E6A5A74DB
:10E3680081789E8AA48A778B90915E4EC99BA44E31
:10E378007C4FAF4F1950165049516C519F52B952AA
:10E38800FE529A53E35311540E5489555157A257CC
:10E398007D59545B5D5B8F5BE55DE75DF75D785E9E
:10E3A800835E9A5EB75E185F52604C619762D8626E
:10E3B800A7633B6502664366F4666D6721689768E4
:10E3C800CB695F6C2A6D696D2F6E9D6E327587768D
:10E3D8006C783F7AE07C057D187D5E7DB17D158087
:10E3E8000380AF80B18054818F812A8252834C8808
:10E3F80061881B8BA28CFC8CCA90759171923F78B6
:10E40800FC92A4954D9605989999D89A3B9D5B5294
:10E41800AB52F7530854D558F762E06F6A8C5F8F98
:10E42800B99E4B513B524A54FD56407A7791609DB4
:10E43800D29E4473096F70811175FD5FDA60A89AE6
:10E44800DB72BC8F646B0398CA4EF0566457BE5893
:10E458005A5A6860C7610F6606663968B168F76D11
:10E46800D5753A7D6E82429B9B4E504FC9530655D7
:10E478006F5DE65DEE5DFB67996C73740278508A98
:10E488009693DF885057A75E2B63B550AC508D51DB
:10E498000067C9545E58BB59B05B695F4D62A163A0
:10E4A8003D68736B086E7D70C79180721578267809
:10E4B8006D798E65307DDC83C188098F9B966452A7
:10E4C800285750676A7FA18CB45142572A963A5808
:10E4D8008A69B480B2540E5DFC579578FA9D5C4FFA
:10E4E8004A528B543E6428661467F567847A567BD3
:10E4F800227D2F935C68AD9B397B19538A51375223
:10E50800DF5BF662AE64E6642D67BA6BA985D196C7
:10E518009076D69B4C630693AB9BBF765266094EAA
:10E528009850C253715CE860926463655F68E671F5
:10E53800CA732375977B827E9586838BDB8C789153
:10E548001099AC65AB668B6BD54ED44E3A4F7F4F66
:10E558003A52F853F253E355DB56EB58CB59C959A5
:10E56800FF59505B4D5C025E2B5ED75F1D600763F1
:10E578002F655C5BAF65BD65E8659D67626B7B6B0E
:10E588000F6C45734979C179F87C197D2B7DA28080
:10E598000281F38196895E8A698A668A8C8AEE8A04
:10E5A800C78CDC8CCC96FC986F6B8B4E3C4F8D4F98
:10E5B8005051575BFA5B486101634266216BCB6E31
:10E5C800BB6C3E72BD74D475C1783A790C803380C7
:10E5D800EA8194849E8F506C7F9E0F5F588B2B9D91
:10E5E800FA7AF88E8D5BEB96034EF153F757315953
:10E5F800C95AA45B89607F6E066FBE75EA8C9F5B03
:10E608000085E07B7250F4679D82615C4A851E7EBE
:10E618000E829951045C6863668D9C656E713E79C3
:10E62800177D05801D8BCA8E6E90C786AA901F50D5
:10E63800FA523A5C53677C7035724C91C8912B93AF
:10E64800E582C25B315FF9603B4ED653885B4B6213
:10E6580031678A6BE972E0732E7A6B81A38D5291D0
:10E6680096991251D7536A54FF5B8863396AAC7D17
:10E678000097DA56CE536854975B315CDE5DEE4FF7
:10E688000161FE62326DC079CB79427D4D7ED27FC9
:10E69800ED811F82908446887289908B748E2F8FAB
:10E6A80031904B916C91C6969C91C04E4F4F4551FD
:10E6B8004153935F0E62D467416C0B6E6373267E81
:10E6C800CD918392D4531959BF5BD16D5D792E7E5C
:10E6D8009B7C7E589F71FA515388F08FCA4FFB5C20
:10E6E8002566AC77E37A1C82FF99C651AA5FEC6570
:10E6F8006F69896BF36D966E646FFE76147DE15DCC
:10E70800759087910698E6511D5240629166D966C8
:10E718001A6EB65ED27D727FF866AF85F785F88A85
:10E72800A952D95373598F5E905F5560E4926496ED
:10E73800B7501F51DD5220534753EC53E854465508
:10E74800315517566859BE593C5AB55B065C0F5C83
:10E75800115C1A5C845E8A5EE05E705F7F62846230
:10E76800DB628C63776307660C662D6676667E6768
:10E77800A2681F6A356ABC6C886D096E586E3C7158
:10E7880026716771C77501775D7801796579F079C8
:10E79800E07A117BA77C397D9680D6838B84498566
:10E7A8005D88F3881F8A3C8A548A738A618CDE8C60
:10E7B800A49166927E9318949C9698970A4E084E58
:10E7C8001E4E574E97517052CE573458CC58225B34
:10E7D800385EC560FE6461675667446DB6727375CE
:10E7E800637AB884728BB89120933156F457FE98A7
:10E7F800ED620D69966BED71547E77807282E689C1
:10E80800DF985587B18F3B5C384FE14FB54F0755BF
:10E81800205ADD5BE95BC35F4E612F63B0654B66D1
:10E82800EE689B69786DF16D3375B9751F775E7900
:10E83800E679337DE381AF82AA85AA893A8AAB8ECD
:10E848009B8F3290DD910797BA4EC14E035275588F
:10E85800EC580B5C1A753D5C4E810A8AC58F63962D
:10E868006D97257BCF8A08986291F356A853179025
:10E8780039548257255EA863346C8A7061778B7C23
:10E88800E07F708842905491109318938F965E742D
:10E89800C49A075D695D7065A267A88DDB966E6393
:10E8A80049671969C5831798C096FE88846F7A648A
:10E8B800F85B164E2C705D752F66C4513652E252C5
:10E8C800D359815F276010623F6574651F6674665F
:10E8D800F2681668636B056E72721F75DB76BE7C14
:10E8E8005680F058FD887F89A08A938ACB8A1D902C
:10E8F80092915297599789650E7A0681BB962D5E3B
:10E90800DC601A62A56514669067F3774D7A4D7CD2
:10E918003E7E0A81AC8C648DE18D5F8EA9780752AA
:10E92800D962A563426498622D8A837AC07BAC8AD7
:10E93800EA96767D0C824987D94E485143536053F5
:10E94800A35B025C165CDD5D26624762B0641368F7
:10E958003468C96C456D176DD3675C6F4E717D71F6
:10E96800CB657F7AAD7BDA7D4A7EA87F7A811B8270
:10E978003982A6856E8ACE8CF58D78907790AD9287
:10E9880091928395AE9B4D528455386F367168517C
:10E998008579557EB381CE7C4C565158A85CAA63C4
:10E9A800FE66FD665A69D9728F758E750E7956792D
:10E9B800DF79977C207D447D0786348A3B96619079
:10E9C800209FE7507552CC53E2530950AA55EE5890
:10E9D8004F593D728B5B645C1D53E360F3605C636D
:10E9E80083633F63BB63CD64E965F966E35DCD6925
:10E9F800FD69156FE571894EE975F876937ADF7CC4
:10EA0800CF7D9C7D6180498358836C84BC84FB8561
:10EA1800C588708D01906D9097931C97129ACF506E
:10EA280097588E61D3813585088D2090C34F7450D7
:10EA3800475273536F6049635F672C6EB38D1F90A5
:10EA4800D74F5E5CCA8CCF659A7D525396887651B3
:10EA5800C363585B6B5B0A5C0D6451675C90D64E70
:10EA68001A592A59706C518A3E551558A559F060A3
:10EA78005362C167358255694096C499289A534FA5
:10EA88000658FE5B1080B15C2F5E855F20604B618D
:10EA98003462FF66F06CDE6ECE807F81D4828B8814
:10EAA800B88C00902E908A96DB9EDB9BE34EF05349
:10EAB80027592C7B8D914C98F99DDD6E2770535307
:10EAC8004455855B58629E62D362A26CEF6F2274D4
:10EAD800178A3894C16FFE8A3883E751F886EA535B
:10EAE800E953464F5490B08F6A593181FD5DEA7AF7
:10EAF800BF8FDA68378CF872489C3D6AB08A394E05
:10EB0800585306566657C562A263E6654E6BE16DBB
:10EB18005B6EAD70ED77EF7AAA7BBB7D3D80C680DA
:10EB2800CB86958A5B93E356C7583E5FAD6596667C
:10EB3800806AB56B3775C78A2450E57730571B5FF5
:10EB480065607A66606CF4751A7A6E7FF48118874E
:10EB58004590B399C97B5C75F97A517BC484109050
:10EB6800E979927A3683E15A40772D4EF24E995BD5
:10EB7800E05FBD623C66F167E86C6B8677883B8A2C
:10EB88004E91F392D099176A26702A73E7825784B8
:10EB9800AF8C014E4651CB518B55F55B165E335EFB
:10EBA800815E145F355F6B5FB45FF2611163A266CB
:10EBB8001D676E6F52723A753A7774803981788121
:10EBC8007687BF8ADC8A858DF38D9A92779502982D
:10EBD800E59CC5525763F4761567886CCD73C38C72
:10EBE800AE937396256D9C580E69CC69FD8F9A93E8
:10EBF800DB751A905A580268B463FB69434F2C6F4F
:10EC0800D867BB8F2685B47D54933F69706F6A5768
:10EC1800F7582C5B2C7D2A720A54E391B49DAD4EB3
:10EC28004E4F5C50755043529E8C485424589A5B02
:10EC38001D5E955EAD5EF75E1F5F8C60B5623A63E0
:10EC4800D063AF68406C87788E790B7AE07D478215
:10EC5800028AE68A448E1390B8902D91D8910E9F1F
:10EC6800E56C5864E2647565F46E84761B7B699084
:10EC7800D193BA6EF254B95FA4644D8FED8F44926C
:10EC880078516B582959555C975EFB6D8F7E1C75C2
:10EC9800BC8CE28E5B98B9701D4FBF6BB16F30753D
:10ECA800FB964E51105435585758AC59605C925FDA
:10ECB80097655C67216E7B76DF83ED8C1490FD9001
:10ECC8004D9325783A78AA52A65E1F577459126058
:10ECD80012505A51AC51CD510052105554585858F1
:10ECE8005759955BF65C8B5DBC6095622D647167C6
:10ECF8004368BC68DF68D776D86D6F6E9B6D6F70A0
:10ED0800C871535FD8757779497B547B527BD67C21
:10ED1800717D305263846985E4850E8A048B468C44
:10ED28000F8E03900F90199476962D98309AD89557
:10ED3800CD50D5520C5402580E5CA7619E641E6DCE
:10ED4800B377E57AF480048453908592E05C079D5C
:10ED58003F53975FB35F9C6D79726377BF79E47BAC
:10ED6800D26BEC72AD8A0368616AF851817A3469B2
:10ED78004A5CF69CEB82C55B49911E7078566F5CC5
:10ED8800C76066658C6C5A8C419013985154C7665D
:10ED98000D924859A39085514D4EEA5199850E8B95
:10EDA80058707A634B936269B499047E77755753A8
:10EDB8006069DF8EE3965D6C8C4E3C5C105FE98F7A
:10EDC8000253D18C89807986FF5EE565734E655163
:10EDD80082593F5CEE97FB4E8A59CD5F8D8AE16F71
:10EDE800B0796279E75B71842B73B171745EF55FFA
:10EDF8007B639A64C371987C434EFC5E4B4EDC5730
:10EE0800A256A960C36F0D7DFD803381BF81B28F8B
:10EE18009789A486F45D8A62AD6487897767E26C16
:10EE28003E6D36743478465A757FAD82AC99F34F8F
:10EE3800C35EDD62926357656F67C3764C72CC80A0
:10EE4800BA80298F4D910D50F957925A8568736988
:10EE58006471FD72B78CF258E08C6A9619907F87BE
:10EE6800E479E77729842F4F65525A53CD62CF67EB
:10EE7800CA6C7D76947B957C36828485EB8FDD66C3
:10EE8800206F06721B7EAB83C199A69EFD51B17B94
:10EE98007278B87B8780487BE86A615E8C805175A0
:10EEA80060756B5162928C6E7A769791EA9A104FE0
:10EEB800707F9C624F7BA595E99C7A565958E486E9
:10EEC800BC96344F24524A53CD53DB53065E2C6410
:10EED80091657F673E6C4E6C4872AF72ED735475E6
:10EEE800417E2C82E985A98CC47BC69169711298F0
:10EEF800EF983D6369666A75E476D0784385EE8657
:10EF08002A53515326548359875E7C5FB260496205
:10EF18007962AB629065D46BCC6CB275AE76917841
:10EF2800D879CB7D777FA580AB88B98ABB8C7F9059
:10EF38005E97DB980B6A387C99503E5CAE5F8767BA
:10EF4800D86B357409778E7F3B9FCA67177A395318
:10EF58008B75ED9A665F9D81F18398803C5FC55FF4
:10EF68006275467B3C906768EB599B5A107D7E76AC
:10EF78002C8BF54F6A5F196A376C026FE2746879F7
:10EF88006888558A798CDF5ECF63C575D279D78258
:10EF98002893F2929C84ED862D9CC1546C5F8C65FD
:10EFA8005C6D1570A78CD38C3B984F65F6740D4E2D
:10EFB800D84EE0572B59665ACC5BA851035E9C5E2D
:10EFC800166076627765A7656E666E6D3672267B0B
:10EFD80050819A8199825C8BA08CE68C748D1C96EA
:10EFE8004496AE4FAB64666B1E8261846A85E89076
:10EFF800015C5369A8987A8457850F4F6F52A95FAF
:10F00800455E0D678F79798107898689F56D175F68
:10F018005562B86CCF4E6972929B06523B54745637
:10F02800B358A4616E621A716E59897CDE7C1B7DAF
:10F03800F09687655E80194E754F75514058635E2E
:10F04800735E0A5FC467264E3D8589955B96737C1F
:10F058000198FB50C1585676A7782552A577118597
:10F06800867B4F5009594772C77BE87DBA8FD48F8A
:10F078004D90BF4FC952295A015FAD97DD4F178296
:10F08800EA9203575563696B2B75DC88148F427AB3
:10F09800DF52935855610A62AE66CD6B3F7CE983B7
:10F0A8002350F84F05534654315849599D5BF05C3D
:10F0B800EF5C295D965EB16267633E65B9650B6773
:10F0C800D56CE16CF97032782B7EDE80B3820C84CB
:10F0D800EC84028712892A8A4A8CA690D292FD98DB
:10F0E800F39C6C9D4F4EA14E8D5056524A57A859CD
:10F0F8003D5ED85FD95F3F62B4661B67D067D26850
:10F108009251217DAA80A881008B8C8CBF8C7E9225
:10F11800329620542C981753D5505C53A858B26493
:10F12800346767726677467AE691C352A16C866B3C
:10F1380000584C5E54592C67FB7FE151C6766964D0
:10F14800E878549BBB9ECB57B95927669A67CE6B14
:10F15800E954D969555E9C819567AA9BFE67529CC4
:10F168005D68A64EE34FC853B9622B67AB6CC48F7A
:10F17800AD4F6D7EBF9E074E6261806E2B6F13850B
:10F1880073542A67459BF35D957BAC5CC65B1C8713
:10F198004A6ED184147A088199598D7C116C207734
:10F1A800D952225921715F72DB772797619D0B69CC
:10F1B8007F5A185AA5510D547D540E66DF76F78F85
:10F1C8009892F49CEA595D72C56E4D51C968BF7D2D
:10F1D800EC7D6297BA9E7864216A028384595F5BEA
:10F1E800DB6B1B73F276B27D1780998432512867E6
:10F1F800D99EEE766267FF520599245C3B627E7C5D
:10F20800B08C4F55B6600B7D809501535F4EB6515B
:10F218001C593A723680CE91255FE2778453795F24
:10F22800047DAC85338A8D8E5697F367AE855394EB
:10F2380009610861B96C5276ED8A388F2F55514FA4
:10F248002A51C752CB53A55B7D5EA0608261D6630D
:10F258000967DA67676E8C6D367337733175507965
:10F26800D588988A4A909190F590C4968D871559BB
:10F27800884E594F0E4E898A3F8F1098AD507C5E4C
:10F288009659B95BB85EDA63FA63C164DC664A69A9
:10F29800D8690B6DB66E94712875AF7A8A7F008035
:10F2A8004984C9848189218B0A8E65907D960A9943
:10F2B8007E619162326B836C746DCC7FFC7FC06D14
:10F2C800857FBA87F8886567B1833C98F7961B6D88
:10F2D800617D3D846A91714E7553505D046BEB6F8F
:10F2E800CD852D86A78929520F54655C4E67A8687D
:10F2F80006748374E275CF88E188CC91E29678969B
:10F308008B5F8773CB7A4E84A06365758952416D94
:10F318009C6E097459756B78927C8696DC7A8D9F01
:10F32800B64F6E61C5655C86864EAE4EDA50214E8C
:10F33800CC51EE5B99658168BC6D1F734276AD77E1
:10F348001C7AE77C6F82D28A7C90CF917596189848
:10F358009B52D17D2B5098539767CB6DD0713374E6
:10F36800E8812A8FA396579C9F9E60744158996D97
:10F378002F7D5E98E44E364F8B4FB751B152BA5D30
:10F388001C60B2733C79D3823492B796F6960A978A
:10F39800979E629FA666746B1752A352C870C28864
:10F3A800C95E4B609061236F49713E7CF47D6F802C
:10F3B800EE8423902C9342546F9BD36A8970C28C3D
:10F3C800EF8D3297B452415ACA5E045F17677C6961
:10F3D80094696A6D0F6F6272FC72ED7B01807E80AA
:10F3E8004B87CE906D51939E84798B803293D68AC9
:10F3F8002D508C54718A6A6BC48C0781D160A067C8
:10F40800F29D994E984E109C6B8AC185688500695B
:10F418007E6E9778558100000A0001000200030003
:10F428000400050006000700080009000A000B0098
:10F438000C000D000E000F001000000020202020FE
:10F4480020202020202020202020202020202020B4
:10F458002020202020202020202020200000000024
:10F468001F001C20000000001421000002001624C8
:10F47800000000001425000002001528000000000C
:10F48800112900000000142A00000000182B0000B9
:10F498000000142C00000000102D00000000142EA5
:10F4A800000001000C3000000900143A00000100BF
:10F4B800183C00000200143F000001000341000056
:10F4C8001900155B00000000145C00000000115DCD
:10F4D80000000000175E000000000F5F0000000041
:10F4E800176000000000036100001900157B000090
:10F4F8000000187C00000000117D00000000187E4C
:10F5080000000000007F000020001CA00000000098
:10F5180014A10000000016A20000030019A60000B4
:10F52800000014A70000000017A80000000019A997
:10F538000000000006AA0000000013AB0000000055
:10F5480018AC0000000001AD0000000019AE00007A
:10F55800000017AF0000000019B00000000018B14B
:10F56800000000000EB20000010017B40000000007
:10F5780003B50000000014B60000010017B8000031
:10F5880000000EB90000000006BA0000000012BB1F
:10F59800000000000EBC0000020014BF00000000C4
:10F5A80003C00000160018D70000000003D80000B0
:10F5B800060004DF0000000003E00000160018F752
:10F5C8000000000003F800003F00043801000000BC
:10F5D800033901000F00044901000000034A01003B
:10F5E8004200048D01000000038E01000C00049B02
:10F5F80001000000039C01000D0004AA01000100A5
:10F6080003AC01000D0004BA0100000006BB0100B4
:10F61800000003BC0100010004BE0100000003BF9C
:10F628000100000006C00100030003C4010000003F
:10F6380007C50100000003C60100010007C801005A
:10F64800000003C90100010007CB0100000003CC42
:10F658000100230004F00100000003F10100000094
:10F6680007F20100000003F301002D00042102004D
:10F678000000032202001100043402000500033ACE
:10F6880002001A000455020000000356020001009F
:10F69800045802000000035902000000045A020046
:10F6A8000000035B02000100045D02000200036029
:10F6B800020001000462020000000363020000006F
:10F6C80004640200000003650200010004670200F0
:10F6D8000000036802000400046D02000100036FCB
:10F6E8000200000004700200000003710200010023
:10F6F8000473020001000375020000000476020092
:10F708000600037D02000000047E02000100038061
:10F7180002000000048102000000038202000100D0
:10F72800048402000200038702000500048D020021
:10F7380004000392020000000493020000000694F3
:10F7480002000000049502000700039D020001006A
:10F75800049F0200100005B00200110017C2020049
:10F76800030005C602000B0017D202000D0005E0D9
:10F778000200040017E50200060005EC0200000084
:10F7880017ED0200000005EE0200000017EF02006E
:10F7980010000B0003006F000370030003000574E2
:10F7A8000300000017750300000003760300010042
:10F7B800057A03000000037B03000200147E0300A7
:10F7C8000000037F03000000178403000100038684
:10F7D80003000000148703000000038803000200F0
:10F7E800038C03000000038E030001000490030053
:10F7F800000003910300100003A303000C0004B0F1
:10F808000300000003B10300200008D20300020037
:10F8180003D50300200018F60300000003F70300D7
:10F82800040004FC0300000003FD030084001982A7
:10F83800040000000B83040004000A88040001008F
:10F84800038A0400A50003310500250005590500B9
:10F858000000145A0500050004600500000003615B
:10F868000500250004870500010014890500000033
:10F87800108A05000000198D05000100168F05008B
:10F8880000000B9105002C0010BE050000000BBF06
:10F898000500000014C0050000000BC105000100B0
:10F8A80014C3050000000BC40500010014C60500C0
:10F8B80000000BC70500000006D005001A0006EF7F
:10F8C8000500030014F3050001000100060005000F
:10F8D800180606000200140906000100160B0600AF
:10F8E8000000140C06000100190E060001000B10A0
:10F8F80006000A00141B06000000011C0600000098
:10F90800141D06000200062006001F000540060020
:10F9180000000641060009000B4B060014000C60AD
:10F9280006000900146A06000300066E06000100BE
:10F938000B700600000006710600620014D4060071
:10F94800000006D5060000000BD60600060001DD03
:10F958000600000019DE060000000BDF06000500A7
:10F9680005E5060001000BE70600010019E906009D
:10F9780000000BEA0600030006EE060001000CF08A
:10F988000600090006FA0600020019FD060001003B
:10F9980006FF06000000140007000D00010F070015
:10F9A80000000610070000000B11070000000612F7
:10F9B80007001D000B3007001A00064D070058000D
:10F9C8000BA607000A0006B1070000000CC00700DC
:10F9D800090006CA070020000BEB0700080005F421
:10F9E8000700010019F60700000014F707000200DD
:10F9F80005FA070000000BFD0700000016FE0700CF
:10FA080001000600080015000B1608000300051A7F
:10FA1800080000000B1B080008000524080000006F
:10FA28000B25080002000528080000000B29080023
:10FA38000400143008000E000640080018000B5996
:10FA480008000200145E08000000066008000A00B2
:10FA580006700800170017880800000006890800CB
:10FA680005000190080001000B980800070006A097
:10FA78000800280005C9080000000BCA0800170084
:10FA880001E2080000000BE308001F000903090059
:10FA980000000604090035000B3A09000000093B84
:10FAA800090000000B3C09000000063D09000000A9
:10FAB800093E090002000B41090007000949090035
:10FAC80003000B4D09000000094E09000100065013
:10FAD800090000000B51090006000658090009003A
:10FAE8000B62090001001464090001000C6609009A
:10FAF8000900147009000000057109000000067271
:10FB080009000E000B8109000000098209000100AC
:10FB1800068509000700068F090001000693090001
:10FB2800150006AA0900060006B20900000006B67C
:10FB3800090003000BBC0900000006BD0900000015
:10FB480009BE090002000BC10900030009C709002A
:10FB5800010009CB090001000BCD0900000006CE09
:10FB68000900000009D70900000006DC09000100AF
:10FB780006DF090002000BE2090001000CE609009B
:10FB8800090006F00900010016F2090001000EF450
:10FB98000900050019FA0900000016FB0900000019
:10FBA80006FC0900000014FD090000000BFE090016
:10FBB80000000B010A00010009030A000000060505
:10FBC8000A000500060F0A00010006130A001500C6
:10FBD800062A0A00060006320A00010006350A0055
:10FBE800010006380A0001000B3C0A000000093E2B
:10FBF8000A0002000B410A0001000B470A0001003D
:10FC08000B4B0A0002000B510A00000006590A00BB
:10FC18000300065E0A0000000C660A0009000B706B
:10FC28000A00010006720A0002000B750A000000B3
:10FC380014760A0000000B810A00010009830A00FB
:10FC4800000006850A000800068F0A0002000693D5
:10FC58000A00150006AA0A00060006B20A000100FA
:10FC680006B50A0004000BBC0A00000006BD0A0025
:10FC7800000009BE0A0002000BC10A0004000BC7FD
:10FC88000A00010009C90A00000009CB0A000100A6
:10FC98000BCD0A00000006D00A00000006E00A00AA
:10FCA80001000BE20A0001000CE60A00090014F04A
:10FCB8000A00000016F10A00000006F90A00000018
:10FCC8000BFA0A0005000B010B00000009020B00EB
:10FCD800010006050B000700060F0B0001000613C4
:10FCE8000B001500062A0B00060006320B00010067
:10FCF80006350B0004000B3C0B000000063D0B0012
:10FD08000000093E0B0000000B3F0B0000000940FB
:10FD18000B0000000B410B00030009470B0001001A
:10FD2800094B0B0001000B4D0B0000000B550B009D
:10FD3800010009570B000000065C0B000100065F7C
:10FD48000B0002000B620B0001000C660B0009009F
:10FD580019700B00000006710B0000000E720B00FA
:10FD680005000B820B00000006830B0000000685CF
:10FD78000B000500068E0B00020006920B00030024
:10FD880006990B000100069C0B000000069E0B0064
:10FD9800010006A30B00010006A80B00020006AE36
:10FDA8000B000B0009BE0B0001000BC00B0000008C
:10FDB80009C10B00010009C60B00020009CA0B00AB
:10FDC80002000BCD0B00000006D00B00000009D785
:10FDD8000B0000000CE60B0009000EF00B000200FF
:10FDE80019F30B00050016F90B00000019FA0B00B7
:10FDF80000000B000C00000009010C0002000B04BD
:10FE08000C00000006050C000700060E0C0002009E
:10FE180006120C001600062A0C000F000B3C0C0002
:10FE28000000063D0C0000000B3E0C0002000941DA
:10FE38000C0003000B460C0002000B4A0C000300E8
:10FE48000B550C00010006580C000200065D0C0062
:10FE5800000006600C0001000B620C0001000C663B
:10FE68000C00090014770C0000000E780C00060046
:10FE7800197F0C00000006800C0000000B810C00AC
:10FE8800000009820C00010014840C0000000685A3
:10FE98000C000700068E0C00020006920C001600EB
:10FEA80006AA0C00090006B50C0004000BBC0C00E7
:10FEB800000006BD0C00000009BE0C0000000BBFCE
:10FEC8000C00000009C00C0004000BC60C00000068
:10FED80009C70C00010009CA0C0001000BCC0C007A
:10FEE800010009D50C00010006DD0C00010006E048
:10FEF8000C0001000BE20C0001000CE60C000900EC
:10FF080006F10C0001000B000D00010009020D00B4
:10FF1800010006040D000800060E0D00020006127E
:10FF28000D0028000B3B0D000100063D0D000000F0
:10FF3800093E0D0002000B410D00030009460D00AB
:10FF48000200094A0D0002000B4D0D000000064E8C
:10FF58000D000000194F0D00000006540D000200AE
:10FF680009570D0000000E580D000600065F0D0031
:10FF780002000B620D0001000C660D0009000E70F6
:10FF88000D00080019790D000000067A0D00050023
:10FF98000B810D00000009820D00010006850D008F
:10FFA8001100069A0D00170006B30D00080006BDE3
:10FFB8000D00000006C00D0006000BCA0D00000071
:10FFC80009CF0D0002000BD20D0002000BD60D0068
:10FFD800000009D80D0007000CE60D00090009F221
:10FFE8000D00010014F40D00000006010E002F00A2
:08FFF8000B310E00000006327F
:02000004600298
:100000000E0001000B340E000600163F0E0000002B
:1000100006400E00050005460E0000000B470E00CE
:100020000700144F0E0000000C500E000900145A77
:100030000E00010006810E00010006840E00000083
:1000400006860E000400068C0E00170006A50E00A2
:10005000000006A70E0009000BB10E00000006B25A
:100060000E0001000BB40E00080006BD0E000000DB
:1000700006C00E00040005C60E0000000BC80E00EE
:1000800005000CD00E00090006DC0E00030006007F
:100090000F00000019010F00020014040F000E00F1
:1000A00019130F00000014140F00000019150F00A1
:1000B00002000B180F000100191A0F0005000C2098
:1000C0000F0009000E2A0F00090019340F0000006C
:1000D0000B350F00000019360F0000000B370F0022
:1000E000000019380F0000000B390F000000153A0E
:1000F0000F000000113B0F000000153C0F00000036
:10010000113D0F000000093E0F00010006400F00E6
:10011000070006490F0023000B710F000D00097F37
:100120000F0000000B800F00040014850F0000007A
:100130000B860F00010006880F0004000B8D0F00D6
:100140000A000B990F00230019BE0F0007000BC611
:100150000F00000019C70F00050019CE0F000100A5
:1001600014D00F00040019D50F00030014D90F009C
:100170000100060010002A00092B100001000B2DC1
:10018000100003000931100000000B3210000500C0
:100190000938100000000B3910000100093B100065
:1001A00001000B3D10000100063F100000000C4054
:1001B00010000900144A1000050006501000050048
:1001C0000956100001000B5810000100065A1000DB
:1001D00003000B5E100002000661100000000962BF
:1001E00010000200066510000100096710000600FB
:1001F000066E100002000B7110000300067510005F
:100200000C000B82100000000983100001000B8518
:10021000100001000987100005000B8D1000000080
:10022000068E10000000098F100000000C901000D6
:100230000900099A100002000B9D10000000199E91
:100240001000010003A01000250003C710000000EB
:1002500003CD1000000003D010002A0014FB100092
:10026000000005FC1000000003FD10000200060065
:1002700011004801064A1200030006501200060051
:10028000065812000000065A120003000660120011
:100290002800068A1200030006901200200006B211
:1002A0001200030006B81200060006C0120000008B
:1002B00006C21200030006C812000E0006D8120083
:1002C00038000612130003000618130042000B5DED
:1002D000130002001460130008000E6913001300DD
:1002E000068013000F0019901300090003A01300EB
:1002F000550003F81300050010001400000006016B
:1003000014006B02196D16000000146E1600000038
:10031000066F160010001C801600000006811600F3
:100320001900159B16000000119C1600000006A085
:1003300016004A0014EB160002000DEE1600020033
:1003400006F1160007000600170011000B12170037
:100350000200091517000000061F170012000B32DB
:1003600017000100093417000000143517000100C0
:100370000640170011000B5217000100066017001D
:100380000C00066E170002000B72170001000680B9
:10039000170033000BB41700010009B61700000066
:1003A0000BB71700060009BE170007000BC61700A1
:1003B000000009C7170001000BC917000A0014D478
:1003C0001700020005D71700000014D8170002001C
:1003D00016DB1700000006DC170000000BDD17001D
:1003E00000000CE0170009000EF0170009001400CF
:1003F000180005001006180000001407180003007C
:100400000B0B18000200010E180000000B0F180063
:1004100000000C10180009000620180022000543F7
:10042000180000000644180034000680180004007C
:100430000B85180001000687180021000BA9180081
:10044000000006AA1800000006B0180045000600CB
:1004500019001E000B2019000200092319000300D7
:100460000B271900010009291900020009301900A1
:1004700001000B32190000000933190005000B3987
:10048000190002001940190000001444190001006D
:100490000C4619000900065019001D0006701900CD
:1004A0000400068019002B0006B0190019000CD0BA
:1004B000190009000EDA1900000019DE19002100E8
:1004C00006001A0016000B171A00010009191A007D
:1004D00001000B1B1A000000141E1A000100062068
:1004E0001A00340009551A0000000B561A000000CB
:1004F00009571A0000000B581A0006000B601A007A
:10050000000009611A0000000B621A000000096374
:100510001A0001000B651A000700096D1A0005009A
:100520000B731A0009000B7F1A0000000C801A00E0
:1005300009000C901A00090014A01A00060005A773
:100540001A00000014A81A0005000BB01A000D00D4
:100550000ABE1A0000000BBF1A000F000B001B00A0
:10056000030009041B00000006051B002E000B34CD
:100570001B00000009351B0000000B361B000400A7
:10058000093B1B0000000B3C1B000000093D1B0049
:1005900004000B421B00000009431B00010006453C
:1005A0001B0007000C501B000900145A1B0006001A
:1005B00019611B0009000B6B1B00080019741B005C
:1005C0000800147D1B0001000B801B000100098244
:1005D0001B00000006831B001D0009A11B0000007A
:1005E0000BA21B00030009A61B0001000BA81B00A7
:1005F000010009AA1B0000000BAB1B00020006AEA5
:100600001B0001000CB01B00090006BA1B002B00E8
:100610000BE61B00000009E71B0000000BE81B00B5
:10062000010009EA1B0002000BED1B00000009EEAF
:100630001B0000000BEF1B00020009F21B00010071
:1006400014FC1B00030006001C00230009241C00EE
:1006500007000B2C1C00070009341C0001000B369E
:100660001C000100143B1C0004000C401C0009008D
:10067000064D1C0002000C501C000900065A1C000C
:100680001D0005781C000500147E1C00010003807D
:100690001C00080003901C002A0003BD1C0002007F
:1006A00014C01C0007000BD01C00020014D31C0057
:1006B00000000BD41C000C0009E11C0000000BE240
:1006C0001C00060006E91C0003000BED1C000000E6
:1006D00006EE1C0005000BF41C00000006F51C00D3
:1006E000010009F71C0000000BF81C00010006FACD
:1006F0001C00000004001D002B00052C1D003E0006
:10070000046B1D000C0005781D00000003791D001E
:100710000000047A1D000200037D1D000000047E1D
:100720001D000F00038E1D000000048F1D000B0034
:10073000059B1D0024000BC01D003F0003001E0090
:10074000950004961E000400039B1E000000049CFC
:100750001E000100039E1E000000049F1E000000FA
:1007600003A01E00750003181F00050003201F00D2
:10077000250003481F00050004501F00000003511E
:100780001F00000004521F00000003531F00000060
:1007900004541F00000003551F00000004561F00F2
:1007A000000003571F00000003591F000000035BF7
:1007B0001F000000035D1F000000035F1F001E00FC
:1007C00003801F00070007881F00070003901F0019
:1007D000070007981F00070003A01F00070007A8D5
:1007E0001F00070003B01F00010004B21F0000003B
:1007F00003B31F00000004B41F00000004B61F0074
:10080000010003B81F00030007BC1F00000017BD54
:100810001F00000003BE1F00000017BF1F000200E2
:1008200004C21F00000003C31F00000004C41F0017
:10083000000004C61F00010003C81F00030007CC0E
:100840001F00000017CD1F00020003D01F00010091
:1008500004D21F00010004D61F00010003D81F00AE
:10086000030017DD1F00020003E01F00010004E287
:100870001F00020003E51F00000004E61F00010046
:1008800003E81F00040017ED1F00020004F21F0020
:10089000000003F31F00000004F41F00000004F632
:1008A0001F00010003F81F00030007FC1F000000E9
:1008B00017FD1F0001001C0020000A00010B200092
:1008C0000400101020000500141620000100131869
:1008D00020000000121920000000151A200000005E
:1008E000131B20000100121D20000000151E200017
:1008F0000000131F200000001420200007001A2809
:10090000200000001B2920000000012A2000040014
:100910001C2F200000001430200008001339200094
:100920000000123A20000000143B200003000F3F9B
:1009300020000100144120000200184420000000A3
:10094000154520000000114620000000144720003B
:100950000A001852200000001453200000000F5419
:10096000200000001455200009001C5F200000003A
:100970000160200004000166200009000E702000C4
:1009800000000571200000000E7420000500187A98
:1009900020000200157D20000000117E20000000D4
:1009A000057F200000000E8020000900188A20002A
:1009B0000200158D20000000118E2000000005901F
:1009C00020000C0016A0200020000BD020000C00FE
:1009D0000ADD200003000BE1200000000AE22000F5
:1009E00002000BE520000B001900210001000802A5
:1009F0002100000019032100030008072100000066
:100A0000190821000100040A21000000080B210040
:100A10000200040E2100010008102100020004134E
:100A20002100000019142100000008152100000019
:100A300019162100010018182100000008192100D2
:100A40000400191E210005000824210000001925BA
:100A500021000000032621000000192721000000CA
:100A6000082821000000192921000000032A210084
:100A70000100082C21000100192E21000000042F84
:100A80002100000008302100010003322100000095
:100A90000833210000000434210000000635210045
:100AA0000300043921000000193A21000100043C30
:100AB00021000100083E210001001840210004002F
:100AC000084521000000044621000300194A2100C6
:100AD0000000184B21000000194C21000100034EBA
:100AE00021000000194F210000000E5021000F00CE
:100AF0000D60210022000383210001000D852100EB
:100B000003000E8921000000198A210001001890BD
:100B100021000400199521000400189A2100010009
:100B2000199C2100030018A02100000019A1210038
:100B3000010018A32100000019A42100010018A63B
:100B40002100000019A72100060018AE21000000B6
:100B500019AF21001E0018CE2100010019D021007C
:100B6000010018D22100000019D32100000018D480
:100B70002100000019D521001E0018F421000B01EE
:100B800019002300070015082300000011092300A5
:100B90000000150A23000000110B23000000190CAF
:100BA000230013001820230001001922230006004F
:100BB000152923000000112A23000000192B23000F
:100BC0005000187C23000000197D23001D00189B95
:100BD0002300180019B42300270018DC23000500A7
:100BE00019E223004400194024000A000E6024008A
:100BF0003B00199C24004D000EEA2400150019004A
:100C00002500B60018B72500000019B82500080017
:100C100018C12500000019C22500350018F825006C
:100C20000700190026006E00186F260000001970DA
:100C30002600F70015682700000011692700000052
:100C4000156A27000000116B27000000156C2700B3
:100C50000000116D27000000156E27000000116FC5
:100C60002700000015702700000011712700000008
:100C7000157227000000117327000000157427006B
:100C800000001175270000000E7627001D00199442
:100C900027002B0018C02700040015C527000000FE
:100CA00011C62700000018C727001E0015E6270000
:100CB000000011E72700000015E82700000011E9F7
:100CC0002700000015EA2700000011EB27000000B4
:100CD00015EC2700000011ED2700000015EE27009D
:100CE000000011EF2700000018F027000F00190086
:100CF0002800FF0018002900820015832900000049
:100D000011842900000015852900000011862900A2
:100D100000001587290000001188290000001589AE
:100D200029000000118A29000000158B290000000D
:100D3000118C29000000158D29000000118E29005A
:100D40000000158F29000000119029000000159166
:100D500029000000119229000000159329000000CD
:100D60001194290000001595290000001196290012
:100D7000000015972900000011982900000018991B
:100D800029003E0015D82900000011D929000000D3
:100D900015DA2900000011DB2900000018DC290009
:100DA0001F0015FC2900000011FD2900000018FE9D
:100DB0002900010119002B002F0018302B0014000E
:100DC00019452B00010018472B000500194D2B0079
:100DD000260019762B001F0019972B0068000300CE
:100DE0002C00700004712C00000003722C00010024
:100DF00004742C00000003752C00010004772C0003
:100E00000400057C2C000100037E2C00650004E436
:100E10002C00000019E52C00050003EB2C0003005A
:100E20000BEF2C00020003F22C00010014F92C003F
:100E300003000EFD2C00000014FE2C000100030036
:100E40002D00250003272D000000032D2D0000009C
:100E500006302D003700056F2D00000014702D00A6
:100E600000000B7F2D00000006802D00160006A05C
:100E70002D00060006A82D00060006B02D00060075
:100E800006B82D00060006C02D00060006C82D007D
:100E9000060006D02D00060006D82D0006000BE047
:100EA0002D001F0014002E00010013022E00000070
:100EB00012032E00000013042E00000012052E0065
:100EC000000014062E00020013092E000000120A72
:100ED0002E000000140B2E000000130C2E0000004A
:100EE000120D2E000000140E2E00080010172E0008
:100EF000000014182E000100101A2E000000141B10
:100F00002E000000131C2E000000121D2E000000F9
:100F1000141E2E00010013202E00000012212E00AE
:100F2000000015222E00000011232E0000001524C1
:100F30002E00000011252E00000015262E000000B6
:100F400011272E00000015282E00000011292E0068
:100F50000000142A2E000400052F2E00000014307B
:100F60002E000900103A2E000100143C2E00030050
:100F700010402E00000014412E00000015422E00EB
:100F8000000014432E000C0019502E0001001452D2
:100F90002E00020015552E00000011562E000000F4
:100FA00015572E00000011582E00000015592E0074
:100FB0000000115A2E000000155B2E000000115C8D
:100FC0002E000000105D2E00000019802E00190078
:100FD000199B2E00580019002F00D50019F02F0082
:100FE0000B001C0030000000140130000200190446
:100FF000300000000505300000000606300000004B
:101000000D07300000001508300000001109300005
:101010000000150A30000000110B30000000150C14
:1010200030000000110D30000000150E30000000EF
:10103000110F3000000015103000000011113000B9
:1010400000001912300001001514300000001115C5
:1010500030000000151630000000111730000000AD
:10106000151830000000111930000000151A30006A
:101070000000111B30000000101C30000000151D86
:1010800030000000111E3000010019203000000067
:101090000D21300008000B2A30000300092E30001B
:1010A0000100103030000000053130000400193616
:1010B000300001000D3830000200053B3000000018
:1010C000063C30000000143D30000000193E3000A6
:1010D00001000641300055000B9930000100179BBC
:1010E00030000100059D30000100069F3000000027
:1010F00010A03000000006A13000590014FB3000A1
:10110000000005FC3000020006FF3000000006056C
:1011100031002A00063131005D00199031000100D4
:101120000E923100030019963100090006A031002B
:101130001F0019C03100230006F031000F00190014
:1011400032001E000E2032000900192A32001D0054
:101150000E48320007001950320000000E513200D4
:101160000E00196032001F000E8032000900198A3B
:10117000320026000EB132000E0019C032003F01CD
:1011800006003400BF1919C04D003F0006004E0094
:1011900014520515A00000000616A0007604199050
:1011A000A400360006D0A400270005F8A40005001E
:1011B00014FEA40001000600A5000B01050CA6000A
:1011C0000000140DA60002000610A6000F000C205F
:1011D000A6000900062AA60001000340A6002D0073
:1011E000066EA60000000B6FA60000000A70A600A5
:1011F00002001473A60000000B74A6000900147E00
:10120000A6000000057FA60000000380A6001B00CA
:10121000059CA60001000B9EA600010006A0A600EA
:1012200045000DE6A60009000BF0A600010014F22F
:10123000A60005001700A70016000517A700080064
:101240001720A70001000322A7000D000430A7000B
:1012500001000332A7003D000570A70000000471E3
:10126000A70007000379A7000E000588A70000006B
:101270001789A7000100038BA7000200048EA700B6
:101280000000068FA70000000390A700040004954B
:10129000A70000000396A700180004AFA7000000F5
:1012A00003B0A7001A0003D0A700010004D3A700D1
:1012B000000004D5A700000003D6A700030005F234
:1012C000A700020003F5A700010006F7A700000031
:1012D00005F8A700010004FAA700000006FBA7001C
:1012E00006000B02A80000000603A80002000B067F
:1012F000A80000000607A80003000B0BA8000000D0
:10130000060CA80016000923A80001000B25A80060
:1013100001000927A80000001928A80003000B2CD1
:10132000A80000000E30A80005001936A800010032
:101330001638A80000001939A80000000640A800CF
:1013400033001474A80003000980A800010006827D
:10135000A800310009B4A8000F000BC4A8000100C8
:1013600014CEA80001000CD0A80009000BE0A800D2
:10137000110006F2A800050014F8A800020006FB00
:10138000A800000014FCA800000006FDA800010051
:101390000BFFA80000000C00A9000900060AA90024
:1013A0001B000B26A9000700142EA900010006301F
:1013B000A90016000B47A9000A000952A900010064
:1013C000145FA90000000660A9001C000B80A900A2
:1013D00002000983A90000000684A9002E000BB3B7
:1013E000A900000009B4A90001000BB6A900030080
:1013F00009BAA90001000BBCA900010009BEA9009F
:10140000020014C1A9000C0005CFA90000000CD0F7
:10141000A900090014DEA900010006E0A9000400EB
:101420000BE5A900000005E6A900000006E7A900F9
:1014300008000CF0A900090006FAA9000400060043
:10144000AA0028000B29AA000500092FAA00010004
:101450000B31AA0001000933AA0001000B35AA00D4
:1014600001000640AA0002000B43AA000000064447
:10147000AA0007000B4CAA000000094DAA000000BA
:101480000C50AA000900145CAA0003000660AA0020
:101490000F000570AA0000000671AA000500197768
:1014A000AA000200067AAA000000097BAA00000038
:1014B0000B7CAA000000097DAA000000067EAA009D
:1014C00031000BB0AA00000006B1AA0000000BB268
:1014D000AA00020006B5AA0001000BB7AA0001008D
:1014E00006B9AA0004000BBEAA00010006C0AA00AB
:1014F00000000BC1AA00000006C2AA00000006DB23
:10150000AA00010005DDAA00000014DEAA00010007
:1015100006E0AA000A0009EBAA0000000BECAA00F2
:10152000010009EEAA00010014F0AA00010006F271
:10153000AA00000005F3AA00010009F5AA000000B6
:101540000BF6AA0000000601AB0005000609AB007F
:1015500005000611AB0005000620AB0006000628BA
:10156000AB0006000430AB0022000353AB000000C8
:101570000454AB000600175BAB000000055CAB0039
:1015800003000460AB0008000569AB000000176AA7
:10159000AB0001000370AB004F0006C0AB0022009F
:1015A00009E3AB0001000BE5AB00000009E6AB006E
:1015B00001000BE8AB00000009E9AB00010014EBEF
:1015C000AB00000009ECAB0000000BEDAB0000002D
:1015D0000CF0AB0009000600AC00A32B06B0D7004E
:1015E000160006CBD70030000200D800FF07060027
:1015F000F9006D010670FA0069000400FB000600A6
:101600000413FB000400061DFB0000000B1EFB0082
:101610000000061FFB0009001829FB000000062A35
:10162000FB000C000638FB000400063EFB00000037
:101630000640FB0001000643FB0001000646FB00DC
:101640006B0017B2FB00100006D3FB006A01113ECD
:10165000FD000000153FFD0000001940FD000F00D7
:101660000650FD003F000692FD00350019CFFD0039
:10167000000006F0FD000B0016FCFD00000019FD47
:10168000FD0002000B00FE000F001410FE0006001B
:101690001517FE0000001118FE0000001419FE00CE
:1016A00000000B20FE000F001430FE00000010317F
:1016B000FE0001000F33FE0001001535FE000000A2
:1016C0001136FE0000001537FE0000001138FE0044
:1016D00000001539FE000000113AFE000000153B25
:1016E000FE000000113CFE000000153DFE00000061
:1016F000113EFE000000153FFE0000001140FE00FC
:1017000000001541FE0000001142FE0000001543DC
:10171000FE0000001144FE0000001445FE00010020
:101720001547FE0000001148FE0000001449FE00AD
:1017300003000F4DFE0002001450FE00020014547E
:10174000FE0003001058FE0000001559FE000000C6
:10175000115AFE000000155BFE000000115CFE0047
:101760000000155DFE000000115EFE000000145F29
:10177000FE0002001862FE0000001063FE00000080
:101780001864FE0002001468FE0000001669FE00E6
:101790000000146AFE0001000670FE0004000676D8
:1017A000FE00860001FFFE0000001401FF000200A1
:1017B0001604FF0000001405FF0002001508FF00DA
:1017C00000001109FF000000140AFF000000180BC0
:1017D000FF000000140CFF000000100DFF000000CF
:1017E000140EFF0001000C10FF000900141AFF0086
:1017F0000100181CFF000200141FFF00010003215C
:10180000FF001900153BFF000000143CFF00000022
:10181000113DFF000000173EFF0000000F3FFF00DA
:1018200000001740FF0000000341FF001900155B96
:10183000FF000000185CFF000000115DFF000000C9
:10184000185EFF000000155FFF0000001160FF0040
:1018500000001461FF0000001562FF00000011632A
:10186000FF0000001464FF0001000666FF0009008D
:101870000570FF0000000671FF002C00059EFF00B0
:10188000010006A0FF001E0006C2FF00050006CAF8
:10189000FF00050006D2FF00050006DAFF00020087
:1018A00016E0FF00010018E2FF00000017E3FF0050
:1018B000000019E4FF00000016E5FF00010019E830
:1018C000FF00000018E9FF00030019EDFF00010010
:1018D00001F9FF00020019FCFF00010006000001F1
:1018E0000B00060D00011900062800011200063C3D
:1018F00000010100063F00010E00065000010D002E
:10190000068000017A001400010102000E070101A7
:101910002C001937010108000D40010134000E753B
:10192000010103001979010110000E8A0101010073
:10193000198C01010200199001010C0019A001018C
:10194000000019D001012C000BFD010100000680F0
:1019500002011C0006A0020130000BE002010000A1
:101960000EE102011A00060003011F000E20030110
:101970000300062D030113000D4103010000064280
:10198000030107000D4A0301000006500301250072
:101990000B7603010400068003011D00149F030160
:1019A000000006A00301230006C80301070014D0AD
:1019B000030100000DD103010400030004014F00E6
:1019C000065004014D000CA00401090003B00401FD
:1019D000230003D804012300060005012700063078
:1019E00005013300146F05010000037005010A00B2
:1019F000037C05010E00038C05010600039405011C
:101A00000100039705010A0003A305010E0003B3BB
:101A10000501060003BB05010100060006013601B1
:101A20000640070115000660070107000580070151
:101A3000050005870701290005B207010800060017
:101A400008010500060808010000060A08012B002D
:101A5000063708010100063C08010000063F0801A6
:101A600016001457080100000E5808010700066010
:101A7000080116001977080101000E790801060017
:101A8000068008011E000EA70801080006E00801F4
:101A9000120006F4080101000EFB08010400060014
:101AA000090115000E1609010500141F09010000A7
:101AB000062009011900143F0901000006800901F0
:101AC00037000EBC0901010006BE090101000EC06D
:101AD00009010F000ED209012D0006000A010000C5
:101AE0000B010A0102000B050A0101000B0C0A019F
:101AF000030006100A01030006150A010200061978
:101B00000A011C000B380A0102000B3F0A01000009
:101B10000E400A01080014500A01080006600A017C
:101B20001C000E7D0A010100147F0A0100000680DE
:101B30000A011C000E9D0A01020006C00A010700EE
:101B400019C80A01000006C90A011B000BE50A01B9
:101B500001000EEB0A01040014F00A010600060061
:101B60000B01350014390B01060006400B0115006E
:101B70000E580B01070006600B0112000E780B01D6
:101B8000070006800B01110014990B0103000EA938
:101B90000B01060006000C01480003800C01320016
:101BA00003C00C0132000EFA0C01050006000D0105
:101BB00023000B240D0103000C300D0109000E6001
:101BC0000E011E0006800E0129000BAB0E01010064
:101BD00010AD0E01000006B00E01010006000F015D
:101BE0001C000E1D0F01090006270F010000063022
:101BF0000F0115000B460F010A000E510F010300E3
:101C000014550F01040006700F0111000B820F0123
:101C1000030014860F01030006B00F0114000EC567
:101C20000F01060006E00F01160009001001000078
:101C30000B01100100000902100100000603100151
:101C400034000B3810010E001447100106000E522C
:101C5000100113000C66100109000B701001000048
:101C60000671100101000B731001010006751001CF
:101C700000000B7F100102000982100100000683A2
:101C800010012C0009B0100102000BB31001030079
:101C900009B7100101000BB91001010014BB1001BC
:101CA000010001BD1001000014BE100103000BC2B1
:101CB0001001000001CD1001000006D01001180035
:101CC0000CF0100109000B001101020006031101C4
:101CD00023000B2711010400092C110100000B2D1A
:101CE000110107000C361101090014401101030015
:101CF00006441101000009451101010006471101C8
:101D000000000650110122000B7311010000147431
:101D1000110101000676110100000B801101010084
:101D2000098211010000068311012F0009B311017E
:101D300002000BB61101080009BF1101010006C124
:101D40001101030014C5110103000BC911010300A7
:101D500014CD1101000009CE110100000BCF1101BB
:101D600000000CD01101090006DA1101000014DB9B
:101D70001101000006DC1101000014DD1101020058
:101D80000EE11101130006001201110006131201E9
:101D90001800092C120102000B2F12010200093257
:101DA000120101000B34120100000935120100007C
:101DB0000B36120101001438120105000B3E12010E
:101DC0000000068012010600068812010000068A43
:101DD00012010300068F12010E00069F1201090076
:101DE00014A91201000006B012012E000BDF12012F
:101DF000000009E0120102000BE3120107000CF0E1
:101E0000120109000B001301010009021301010076
:101E1000060513010700060F130101000613130145
:101E20001500062A130106000632130101000635CB
:101E3000130104000B3B13010100063D13010000D8
:101E4000093E130101000B40130100000941130179
:101E50000300094713010100094B1301020006505A
:101E600013010000095713010000065D130104006F
:101E70000962130101000B66130106000B701301C8
:101E800004000600140134000935140102000B3867
:101E9000140107000940140101000B421401020063
:101EA0000945140100000B46140100000647140107
:101EB0000300144B140104000C5014010900145ABF
:101EC00014010100145D140100000B5E14010000F8
:101ED000065F14010200068014012F0009B01401EE
:101EE00002000BB31401050009B9140100000BBA7C
:101EF0001401000009BB140103000BBF1401010011
:101F000009C1140100000BC21401010006C4140130
:101F1000010014C61401000006C7140100000CD013
:101F200014010900068015012E0009AF15010200F9
:101F30000BB21501030009B8150103000BBC150114
:101F4000010009BE150100000BBF1501010014C1FD
:101F50001501160006D8150103000BDC1501010060
:101F6000060016012F000930160102000B3316017E
:101F70000700093B160101000B3D16010000093E58
:101F8000160100000B3F160101001441160102006A
:101F90000644160100000C501601090014601601D9
:101FA0000C00068016012A000BAB1601000009ACDC
:101FB000160100000BAD1601000009AE160101006C
:101FC0000BB01601050009B6160100000BB716018B
:101FD000000006B81601000014B9160100000CC07C
:101FE00016010900060017011A000B1D1701020057
:101FF0000920170101000B22170103000926170110
:1020000000000B27170104000C30170109000E3ADD
:1020100017010100143C17010200193F17010000CD
:10202000064017010600060018012B00092C1801B4
:1020300002000B2F180108000938180100000B39A5
:1020400018010100143B1801000003A018013F0013
:102050000CE0180109000EEA1801080006FF18013B
:102060000700060919010000060C190107000615F2
:10207000190101000618190117000930190105009E
:102080000937190101000B3B19010100093D190134
:1020900000000B3E19010000063F19010000094035
:1020A0001901000006411901000009421901000050
:1020B0000B43190100001444190102000C501901CE
:1020C000090006A01901070006AA1901260009D176
:1020D000190102000BD4190103000BDA19010100E8
:1020E00009DC190103000BE01901000006E11901E8
:1020F000000014E21901000006E31901000009E4E0
:102100001901000006001A0100000B011A01090064
:10211000060B1A0127000B331A01050009391A01B1
:102120000000063A1A0100000B3B1A010300143F9D
:102130001A0107000B471A01000006501A0100009F
:102140000B511A01050009571A0101000B591A0118
:102150000200065C1A012D000B8A1A010C00099777
:102160001A0100000B981A010100149A1A010200CA
:10217000069D1A010000149E1A01040006B01A01FF
:10218000480006001C010800060A1C012400092F53
:102190001C0100000B301C0106000B381C0105005F
:1021A000093E1C0100000B3F1C01000006401C0101
:1021B000000014411C0104000C501C0109000E5ABF
:1021C0001C01120014701C01010006721C011D008C
:1021D0000B921C01150009A91C0100000BAA1C018F
:1021E000060009B11C0100000BB21C01010009B47A
:1021F0001C0100000BB51C01010006001D010600BA
:1022000006081D010100060B1D0125000B311D01F3
:1022100005000B3A1D0100000B3C1D0101000B3FA6
:102220001D01060006461D0100000B471D010000B0
:102230000C501D01090006601D01050006671D0107
:102240000100066A1D011F00098A1D0104000B9090
:102250001D01010009931D0101000B951D010000E6
:1022600009961D0100000B971D01000006981D0135
:1022700000000CA01D01090006E01E0112000BF376
:102280001E01010009F51E01010014F71E010100E5
:1022900006B01F0100000EC01F01140019D51F0158
:1022A000070016DD1F01030019E11F01100014FFD4
:1022B0001F0100000600200199030D0024016E009B
:1022C00014702401040006802401C30006902F012D
:1022D000600014F12F010100060030012E040130CE
:1022E0003401080006004401460206006801380275
:1022F00006406A011E000C606A010900146E6A0142
:10230000010006706A014E000CC06A01090006D087
:102310006A011D000BF06A01040014F56A01000057
:1023200006006B012F000B306B01060014376B01A8
:102330000400193C6B01030005406B0103001444C9
:102340006B01000019456B0100000C506B01090086
:102350000E5B6B01060006636B011400067D6B01CA
:10236000120003406E013F000E806E0116001497AC
:102370006E01030006006F014A000B4F6F01000061
:1023800006506F01000009516F0136000B8F6F017D
:10239000030005936F010C0005E06F01010014E2DA
:1023A0006F01000005E36F0100000BE46F01000006
:1023B00009F06F01010006007001F717060088019F
:1023C000D50406008D01080005F0AF01030005F5F6
:1023D000AF01060005FDAF0101000600B0012201BA
:1023E0000650B10102000664B10103000670B1019C
:1023F0008B010600BC016A000670BC010C0006805F
:10240000BC0108000690BC010900199CBC01000039
:102410000B9DBC010100149FBC01000001A0BC0188
:1024200003000B00CF012D000B30CF011600195017
:10243000CF0173001900D001F5001900D101260069
:102440001929D1013B000965D10101000B67D101B8
:102450000200196AD1010200096DD1010500017362
:10246000D10107000B7BD10107001983D1010100C5
:102470000B85D1010600198CD1011D000BAAD101D9
:10248000030019AED1013C001900D20141000B42FA
:10249000D20102001945D20100000EE0D201130062
:1024A0001900D30156000E60D30118000800D401B2
:1024B0001900041AD40119000834D4011900044E7B
:1024C000D40106000456D40111000868D401190093
:1024D0000482D4011900089CD4010000089ED40194
:1024E000010008A2D401000008A5D401010008A938
:1024F000D401030008AED401070004B6D4010300E0
:1025000004BBD401000004BDD401060004C5D401FD
:102510000A0008D0D401190004EAD4011900080403
:10252000D50101000807D5010300080DD5010700FA
:102530000816D5010600041ED50119000838D5017A
:102540000100083BD50103000840D50104000846FE
:10255000D5010000084AD50106000452D501190032
:10256000086CD50119000486D501190008A0D50111
:10257000190004BAD501190008D4D501190004EED8
:10258000D50119000808D60119000422D601190046
:10259000083CD60119000456D60119000870D6016E
:1025A0001900048AD6011B0008A8D601180018C11A
:1025B000D601000004C2D601180018DBD6010000C5
:1025C00004DCD601050008E2D601180018FBD6018C
:1025D000000004FCD60118001815D70100000416ED
:1025E000D7010500081CD70118001835D7010000D5
:1025F0000436D7011800184FD70100000450D70146
:1026000005000856D7011800186FD70100000470A4
:10261000D70118001889D7010000048AD7010500E6
:102620000890D701180018A9D701000004AAD70103
:10263000180018C3D701000004C4D701050008CA58
:10264000D701000004CBD70100000CCED701310028
:102650001900D801FF010B00DA0136001937DA0141
:1026600003000B3BDA013100196DDA0107000B752D
:10267000DA0100001976DA010D000B84DA0100009E
:102680001985DA0101001487DA0104000B9BDA01D5
:1026900004000BA1DA010E000400DF010900060AA4
:1026A000DF010000040BDF0113000B00E001060056
:1026B0000B08E00110000B1BE00106000B23E001FA
:1026C00001000B26E00104000600E1012C000B30A4
:1026D000E10106000537E10106000C40E1010900B7
:1026E000064EE1010000194FE10100000690E201F1
:1026F0001D000BAEE201000006C0E2012B000BEC56
:10270000E20103000CF0E201090016FFE201000003
:1027100006E0E701060006E8E701030006EDE70131
:10272000010006F0E7010E000600E801C4000EC734
:10273000E80108000BD0E80106000300E9014300AE
:102740000B44E9010600054BE90100000C50E901CA
:102750000900145EE90101000E71EC013A0019ACA8
:10276000EC0100000EADEC01020016B0EC0100001F
:102770000EB1EC0103000E01ED012C00192EED014C
:1027800000000E2FED010E000600EE01030006050D
:10279000EE011A000621EE0101000624EE01000000
:1027A0000627EE0100000629EE0109000634EE01BD
:1027B00003000639EE010000063BEE010000064270
:1027C000EE0100000647EE0100000649EE010000A0
:1027D000064BEE010000064DEE0102000651EE012F
:1027E00001000654EE0100000657EE0100000659F4
:1027F000EE010000065BEE010000065DEE01000048
:10280000065FEE0100000661EE0101000664EE01C4
:1028100000000667EE010300066CEE010600067478
:10282000EE0103000679EE010300067EEE010000D2
:102830000680EE010900068BEE01100006A1EE01F4
:10284000020006A5EE01040006ABEE01100018F030
:10285000EE0101001900F0012B001930F0016300B6
:1028600019A0F0010E0019B1F0010E0019C1F0011C
:102870000E0019D1F00124000E00F1010C00190D19
:10288000F101A00019E6F1011C001910F2012B0062
:102890001940F20108001950F20101001960F2011B
:1028A00005001900F301FA0017FBF30104001900F9
:1028B000F401D70219DDF6010F0019F0F6010C0042
:1028C0001900F70173001980F701580019E0F701AA
:1028D0000B0019F0F70100001900F8010B001910A6
:1028E000F80137001950F80109001960F8012700B4
:1028F0001990F8011D0019B0F80101001900F90143
:1029000053011960FA010D001970FA0104001978D9
:10291000FA0104001980FA0106001990FA011C005E
:1029200019B0FA010A0019C0FA01050019D0FA011C
:10293000090019E0FA01070019F0FA010600190070
:10294000FB0192001994FB0136000CF0FB01090019
:1029500006000002DFA60600A70238100640B702F4
:10296000DD000620B802811606B0CE02301D06003A
:10297000F8021D02060000034A130101000E0000C8
:102980000120000E5F000B00010EEF000C5F104EE7
:10299000154E2A4E314E364E3C4E3F4E424E564E0E
:1029A000584E824E854E6B8C8A4E12820D5F8E4E33
:1029B0009E4E9F4EA04EA24EB04EB34EB64ECE4E41
:1029C000CD4EC44EC64EC24ED74EDE4EED4EDF4EFD
:1029D000F74E094F5A4F304F5B4F5D4F574F474FA0
:1029E000764F884F8F4F984F7B4F694F704F914F65
:1029F0006F4F864F964F1851D44FDF4FCE4FD84F61
:102A0000DB4FD14FDA4FD04FE44FE54F1A502850EB
:102A100014502A50255005501C4FF64F2150295074
:102A20002C50FE4FEF4F1150065043504750036754
:102A30005550505048505A5056506C507850805015
:102A40009A508550B450B250C950CA50B350C25079
:102A5000D650DE50E550ED50E350EE50F950F550B1
:102A60000951015102511651155114511A51215158
:102A70003A5137513C513B513F51405152514C51C9
:102A800054516251F87A69516A516E5180518251A4
:102A9000D8568C5189518F519151935195519651DE
:102AA000A451A651A251A951AA51AB51B351B15150
:102AB000B251B051B551BD51C551C951DB51E05171
:102AC0005586E951ED51F051F551FE5104520B522A
:102AD00014520E5227522A522E52335239524F520A
:102AE00044524B524C525E5254526A527452695282
:102AF00073527F527D528D5294529252715288522B
:102B00009152A88FA78FAC52AD52BC52B552C15250
:102B1000CD52D752DE52E352E652ED98E052F352D4
:102B2000F552F852F9520653085338750D531053A5
:102B30000F5315531A5323532F53315333533853D1
:102B4000405346534553174E49534D53D6515E5348
:102B500069536E5318597B53775382539653A0533E
:102B6000A653A553AE53B053B653C353127CD99654
:102B7000DF53FC66EE71EE53E853ED53FA53015404
:102B80003D5440542C542D543C542E543654295406
:102B90001D544E548F5475548E545F547154775451
:102BA000705492547B548054765484549054865478
:102BB000C754A254B854A554AC54C454C854A854CF
:102BC000AB54C254A454BE54BC54D854E554E65437
:102BD0000F551455FD54EE54ED54FA54E254395542
:102BE000405563554C552E555C55455556555755D2
:102BF000385533555D5599558055AF548A559F5575
:102C00007B557E5598559E55AE557C558355A95597
:102C10008755A855DA55C555DF55C455DC55E455DB
:102C2000D4551456F7551656FE55FD551B56F955F5
:102C30004E565056DF7134563656325638566B560D
:102C400064562F566C566A56865680568A56A0563B
:102C500094568F56A556AE56B656B456C256BC5666
:102C6000C156C356C056C856CE56D156D356D7565F
:102C7000EE56F9560057FF560457095708570B5799
:102C80000D57135718571657C7551C572657375700
:102C900038574E573B5740574F576957C05788577B
:102CA00061577F5789579357A057B357A457AA57CF
:102CB000B057C357C657D457D257D3570A58D657C9
:102CC000E3570B5819581D587258215862584B58E1
:102CD0007058C06B52583D5879588558B9589F580C
:102CE000AB58BA58DE58BB58B858AE58C558D35828
:102CF000D158D758D958D858E558DC58E458DF5837
:102D0000EF58FA58F958FB58FC58FD5802590A591F
:102D100010591B59A66825592C592D593259385923
:102D20003E59D27A555950594E595A5958596259A3
:102D3000605967596C596959785981599D595E4F45
:102D4000AB4FA359B259C659E859DC598D59D959D5
:102D5000DA59255A1F5A115A1C5A095A1A5A405AF6
:102D60006C5A495A355A365A625A6A5A9A5ABC5A51
:102D7000BE5ACB5AC25ABD5AE35AD75AE65AE95AF2
:102D8000D65AFA5AFB5A0C5B0B5B165B325BD05A75
:102D90002A5B365B3E5B435B455B405B515B555B4F
:102DA0005A5B5B5B655B695B705B735B755B785BF8
:102DB00088657A5B805B835BA65BB85BC35BC75B44
:102DC000C95BD45BD05BE45BE65BE25BDE5BE55B4F
:102DD000EB5BF05BF65BF35B055C075C085C0D5C32
:102DE000135C205C225C285C385C395C415C465C8E
:102DF0004E5C535C505C4F5C715B6C5C6E5C624E15
:102E0000765C795C8C5C915C945C9B59AB5CBB5C44
:102E1000B65CBC5CB75CC55CBE5CC75CD95CE95C9D
:102E2000FD5CFA5CED5C8C5DEA5C0B5D155D175D2D
:102E30005C5D1F5D1B5D115D145D225D1A5D195D9A
:102E4000185D4C5D525D4E5D4B5D6C5D735D765DF6
:102E5000875D845D825DA25D9D5DAC5DAE5DBD5DA7
:102E6000905DB75DBC5DC95DCD5DD35DD25DD65D66
:102E7000DB5DEB5DF25DF55D0B5E1A5E195E115E6A
:102E80001B5E365E375E445E435E405E4E5E575E5E
:102E9000545E5F5E625E645E475E755E765E7A5E1D
:102EA000BC9E7F5EA05EC15EC25EC85ED05ECF5E2D
:102EB000D65EE35EDD5EDA5EDB5EE25EE15EE85E2C
:102EC000E95EEC5EF15EF35EF05EF45EF85EFE5E7F
:102ED000035F095F5D5F5C5F0B5F115F165F295FDA
:102EE0002D5F385F415F485F4C5F4E5F2F5F515FE2
:102EF000565F575F595F615F6D5F735F775F835F99
:102F0000825F7F5F8A5F885F915F875F9E5F995F67
:102F1000985FA05FA85FAD5FBC5FD65FFB5FE45FBB
:102F2000F85FF15FDD5FB360FF5F21606060196093
:102F3000106029600E6031601B6015602B60266098
:102F40000F603A605A6041606A6077605F604A6013
:102F500046604D6063604360646042606C606B60BB
:102F6000596081608D60E76083609A6084609B60D7
:102F7000966097609260A7608B60E160B860E060E7
:102F8000D360B460F05FBD60C660B560D8604D616D
:102F900015610661F660F7600061F460FA60036134
:102FA0002161FB60F1600D610E6147613E61286146
:102FB00027614A613F613C612C6134613D6142613E
:102FC000446173617761586159615A616B617461E1
:102FD0006F61656171615F615D6153617561996187
:102FE00096618761AC6194619A618A619161AB611C
:102FF000AE61CC61CA61C961F761C861C361C66174
:10300000BA61CB61797FCD61E661E361F661FA6116
:10301000F461FF61FD61FC61FE61006208620962AA
:103020000D620C6214621B621E6221622A622E62B1
:1030300030623262336241624E625E6263625B6240
:10304000606268627C62826289627E62926293627E
:103050009662D46283629462D762D162BB62CF62AD
:10306000FF62C662D464C862DC62CC62CA62C262B9
:10307000C7629B62C9620C63EE62F16227630263FE
:103080000863EF62F56250633E634D631C644F63F7
:1030900096638E638063AB637663A3638F63896398
:1030A0009F63B5636B636963BE63E963C063C663B3
:1030B000E363C963D263F663C4631664346406646D
:1030C0001364266436641D65176428640F6467649E
:1030D0006F6476644E642A6595649364A564A964FC
:1030E0008864BC64DA64D264C564C764BB64D864B1
:1030F000C264F164E7640982E064E164AC62E364A1
:10310000EF642C65F664F464F264FA640065FD64AF
:1031100018651C650565246523652B653465356573
:103120003765366538654B754865566555654D6537
:1031300058655E655D6572657865826583658A8BB5
:103140009B659F65AB65B765C365C665C165C465AD
:10315000CC65D265DB65D965E065E165F1657267CF
:103160000A660366FB6573673566366634661C66F9
:103170004F664466496641665E665D66646667667C
:1031800068665F6662667066836688668E66896654
:10319000846698669D66C166B966C966BE66BC6689
:1031A000C466B866D666DA66E0663F66E666E966D5
:1031B000F066F566F7660F6716671E67266727676E
:1031C00038972E673F6736674167386737674667C6
:1031D0005E67606759676367646789677067A96737
:1031E0007C676A678C678B67A667A1678567B76727
:1031F000EF67B467EC67B367E967B867E467DE67F2
:10320000DD67E267EE67B967CE67C667E7679C6A06
:103210001E684668296840684D6832684E68B36821
:103220002B685968636877687F689F688F68AD68A6
:1032300094689D689B688368AE6AB9687468B5686D
:10324000A068BA680F698D687E680169CA680869F4
:10325000D86822692669E1680C69CD68D468E76896
:10326000D568366912690469D768E3682569F96821
:10327000E068EF6828692A691A6923692169C668C4
:10328000796977695C6978696B6954697E696E6987
:10329000396974693D695969306961695E695D6957
:1032A00081696A69B269AE69D069BF69C169D36968
:1032B000BE69CE69E85BCA69DD69BB69C369A76994
:1032C0002E6A9169A0699C699569B469DE69E869AB
:1032D000026A1B6AFF690A6BF969F269E769056AA4
:1032E000B1691E6AED69146AEB690A6A126AC16AF9
:1032F000236A136A446A0C6A726A366A786A476A91
:10330000626A596A666A486A386A226A906A8D6A8D
:10331000A06A846AA26AA36A976A1786BB6AC36AAC
:10332000C26AB86AB36AAC6ADE6AD16ADF6AAA6A3C
:10333000DA6AEA6AFB6A056B1686FA6A126B166B22
:10334000319B1F6B386B376BDC76396BEE98476BB4
:10335000436B496B506B596B546B5B6B5F6B616B71
:10336000786B796B7F6B806B846B836B8D6B986BE9
:10337000956B9E6BA46BAA6BAB6BAF6BB26BB16BB7
:10338000B36BB76BBC6BC66BCB6BD36BDF6BEC6B90
:10339000EB6BF36BEF6BBE9E086C136C146C1B6CC9
:1033A000246C236C5E6C556C626C6A6C826C8D6CE8
:1033B0009A6C816C9B6C7E6C686C736C926C906C7C
:1033C000C46CF16CD36CBD6CD76CC56CDD6CAE6C31
:1033D000B16CBE6CBA6CDB6CEF6CD96CEA6C1F6DB7
:1033E0004D88366D2B6D3D6D386D196D356D336DB6
:1033F000126D0C6D636D936D646D5A6D796D596DC1
:103400008E6D956DE46F856DF96D156E0A6EB56DF7
:10341000C76DE66DB86DC66DEC6DDE6DCC6DE86D9B
:10342000D26DC56DFA6DD96DE46DD56DEA6DEE6D39
:103430002D6E6E6E2E6E196E726E5F6E3E6E236E08
:103440006B6E2B6E766E4D6E1F6E436E3A6E4E6EC9
:10345000246EFF6E1D6E386E826EAA6E986EC96EF7
:10346000B76ED36EBD6EAF6EC46EB26ED46ED56ED7
:103470008F6EA56EC26E9F6E416F116F4C70EC6EB9
:10348000F86EFE6E3F6FF26E316FEF6E326FCC6E84
:103490003E6F136FF76E866F7A6F786F816F806FF4
:1034A0006F6F5B6FF36F6D6F826F7C6F586F8E6F96
:1034B000916FC26F666FB36FA36FA16FA46FB96F87
:1034C000C66FAA6FDF6FD56FEC6FD46FD86FF16FD7
:1034D000EE6FDB6F09700B70FA6F117001700F7077
:1034E000FE6F1B701A70746F1D7018701F70307033
:1034F0003E7032705170637099709270AF70F1705D
:10350000AC70B870B370AE70DF70CB70DD70D97016
:103510000971FD701C711971657155718871667141
:1035200062714C7156716C718F71FB718471957100
:10353000A871AC71D771B971BE71D271C971D471F2
:10354000CE71E071EC71E771F571FC71F971FF7189
:103550000D7210721B7228722D722C7230723272C0
:103560003B723C723F72407246724B725872747278
:103570007E7282728172877292729672A272A77242
:10358000B972B272C372C672C472CE72D272E27271
:10359000E072E172F972F7720F5017730A731C73BD
:1035A00016731D7334732F73297325733E734E7313
:1035B0004F73D89E57736A7368737073787375739B
:1035C0007B737A73C873B373CE73BB73C073E573C5
:1035D000EE73DE73A27405746F742574F87332741D
:1035E0003A7455743F745F74597441745C746974AF
:1035F000707463746A7476747E748B749E74A7742A
:10360000CA74CF74D474F173E074E374E774E9742A
:10361000EE74F274F074F174F874F7740475037551
:1036200005750C750E750D75157513751E7526755A
:103630002C753C7544754D754A7549755B754675B5
:103640005A756975647567756B756D75787576757E
:103650008675877574758A758975827594759A757E
:103660009D75A575A375C275B375C375B575BD7523
:10367000B875BC75B175CD75CA75D275D975E37558
:10368000DE75FE75FF75FC750176F075FA75F275DD
:10369000F3750B760D7609761F76277620762176E0
:1036A00022762476347630763B76477648764676B0
:1036B0005C76587661766276687669766A76677641
:1036C0006C7670767276767678767C76807683768F
:1036D00088768B768E769676937699769A76B0768D
:1036E000B476B876B976BA76C276CD76D676D27614
:1036F000DE76E176E576E776EA762F86FB76087762
:1037000007770477297724771E77257726771B7725
:103710003777387747775A7768776B775B7765774E
:103720007F777E7779778E778B779177A0779E7783
:10373000B077B677B977BF77BC77BD77BB77C777F8
:10374000CD77D777DA77DC77E377EE77FC770C788D
:103750001278267920782A7945788E787478867858
:103760007C789A788C78A378B578AA78AF78D17875
:10377000C678CB78D478BE78BC78C578CA78EC782F
:10378000E778DA78FD78F478077912791179197980
:103790002C792B794079607957795F795A79557905
:1037A00053797A797F798A799D79A7794B9FAA791C
:1037B000AE79B379B979BA79C979D579E779EC79FC
:1037C000E179E379087A0D7A187A197A207A1F7AE2
:1037D0008079317A3B7A3E7A377A437A577A497AD6
:1037E000617A627A697A9D9F707A797A7D7A887A2D
:1037F000977A957A987A967AA97AC87AB07AB67AC8
:10380000C57AC47ABF7A8390C77ACA7ACD7ACF7ADA
:10381000D57AD37AD97ADA7ADD7AE17AE27AE67AF7
:10382000ED7AF07A027B0F7B0A7B067B337B187B79
:10383000197B1E7B357B287B367B507B7A7B047B18
:103840004D7B0B7B4C7B457B757B657B747B677B02
:10385000707B717B6C7B6E7B9D7B987B9F7B8D7B74
:103860009C7B9A7B8B7B927B8F7B5D7B997BCB7BDD
:10387000C17BCC7BCF7BB47BC67BDD7BE97B117CC2
:10388000147CE67BE57B607C007C077C137CF37B0F
:10389000F77B177C0D7CF67B237C277C2A7C1F7CA6
:1038A000377C2B7C3D7C4C7C437C547C4F7C407C27
:1038B000507C587C5F7C647C567C657C6C7C757C21
:1038C000837C907CA47CAD7CA27CAB7CA17CA87C1E
:1038D000B37CB27CB17CAE7CB97CBD7CC07CC57C49
:1038E000C27CD87CD27CDC7CE27C3B9BEF7CF27C93
:1038F000F47CF67CFA7C067D027D1C7D157D0A7DBC
:10390000457D4B7D2E7D327D3F7D357D467D737DB2
:10391000567D4E7D727D687D6E7D4F7D637D937D8E
:10392000897D5B7D8F7D7D7D9B7DBA7DAE7DA37D19
:10393000B57DC77DBD7DAB7D3D7EA27DAF7DDC7D50
:10394000B87D9F7DB07DD87DDD7DE47DDE7DFB7D16
:10395000F27DE17D057E0A7E237E217E127E317E10
:103960001F7E097E0B7E227E467E667E3B7E357EF6
:10397000397E437E377E327E3A7E677E5D7E567E1E
:103980005E7E597E5A7E797E6A7E697E7C7E7B7EF3
:10399000837ED57D7D7EAE8F7F7E887E897E8C7E88
:1039A000927E907E937E947E967E8E7E9B7E9C7E83
:1039B000387F3A7F457F4C7F4D7F4E7F507F517FD0
:1039C000557F547F587F5F7F607F687F697F677F07
:1039D000787F827F867F837F887F877F8C7F947FBD
:1039E0009E7F9D7F9A7FA37FAF7FB27FB97FAE7F9F
:1039F000B67FB87F718BC57FC67FCA7FD57FD47FE6
:103A0000E17FE67FE97FF37FF97FDC980680048021
:103A10000B801280188019801C80218028803F80B4
:103A20003B804A804680528058805A805F80628006
:103A30006880738072807080768079807D807F80DE
:103A40008480868085809B8093809A80AD80905111
:103A5000AC80DB80E580D980DD80C480DA80D680D0
:103A60000981EF80F1801B81298123812F814B8186
:103A70008B9646813E8153815181FC8071816E819C
:103A8000658166817481838188818A818081828158
:103A9000A0819581A481A3815F819381A981B08157
:103AA000B581BE81B881BD81C081C281BA81C98121
:103AB000CD81D181D981D881C881DA81DF81E0814E
:103AC000E781FA81FB81FE81018202820582078201
:103AD0000A820D821082168229822B8238823382DA
:103AE0004082598258825D825A825F8264826282F9
:103AF00068826A826B822E827182778278827E826D
:103B00008D829282AB829F82BB82AC82E182E38211
:103B1000DF82D282F482F382FA8293830383FB8270
:103B2000F982DE820683DC820983D982358334837D
:103B300016833283318340833983508345832F83B7
:103B40002B831783188385839A83AA839F83A283F9
:103B5000968323838E8387838A837C83B583738351
:103B60007583A0838983A883F4831384EB83CE8336
:103B7000FD830384D8830B84C183F7830784E083A8
:103B8000F2830D8422842084BD8338840685FB83E0
:103B90006D842A843C845A85848477846B84AD84C4
:103BA0006E848284698446842C846F84798435840D
:103BB000CA846284B984BF849F84D984CD84BB8441
:103BC000DA84D084C184C684D684A1842185FF840C
:103BD000F484178518852C851F8515851485FC842C
:103BE0004085638558854885418502864B85558586
:103BF0008085A485888591858A85A8856D8594852D
:103C00009B85EA8587859C8577857E859085C98596
:103C1000BA85CF85B985D085D585DD85E585DC85F7
:103C2000F9850A8613860B86FE85FA850686228626
:103C30001A8630863F864D86554E54865F86678647
:103C400071869386A386A986AA868B868C86B6867D
:103C5000AF86C486C686B086C9862388AB86D486DE
:103C6000DE86E986EC86DF86DB86EF8612870687AE
:103C7000088700870387FB86118709870D87F986E8
:103C80000A8734873F8737873B87258729871A87A5
:103C900060875F8778874C874E87748757876887E8
:103CA0006E875987538763876A870588A2879F87AE
:103CB0008287AF87CB87BD87C087D087D696AB87F3
:103CC000C487B387C787C687BB87EF87F287E0873C
:103CD0000F880D88FE87F687F7870E88D2871188B0
:103CE000168815882288218831883688398827885F
:103CF0003B8844884288528859885E8862886B88ED
:103D000081887E889E8875887D88B588728882883B
:103D100097889288AE889988A2888D88A488B08870
:103D2000BF88B188C388C488D488D888D988DD88FA
:103D3000F9880289FC88F488E888F28804890C896B
:103D40000A89138943891E8925892A892B894189F2
:103D500044893B89368938894C891D8960895E8907
:103D6000668964896D896A896F89748977897E8992
:103D7000838988898A8993899889A189A989A6894B
:103D8000AC89AF89B289BA89BD89BF89C089DA890E
:103D9000DC89DD89E789F489F889038A168A108A23
:103DA0000C8A1B8A1D8A258A368A418A5B8A528A36
:103DB000468A488A7C8A6D8A6C8A628A858A828A67
:103DC000848AA88AA18A918AA58AA68A9A8AA38ABD
:103DD000C48ACD8AC28ADA8AEB8AF38AE78AE48ABD
:103DE000F18A148BE08AE28AF78ADE8ADB8A0C8BFE
:103DF000078B1A8BE18A168B108B178B208B338BDA
:103E0000AB97268B2B8B3E8B288B418B4C8B4F8B10
:103E10004E8B498B568B5B8B5A8B6B8B5F8B6C8B72
:103E20006F8B748B7D8B808B8C8B8E8B928B938B1B
:103E3000968B998B9A8B3A8C418C3F8C488C4C8C0E
:103E40004E8C508C558C628C6C8C788C7A8C828CDD
:103E5000898C858C8A8C8D8C8E8C948C7C8C988CA7
:103E60001D62AD8CAA8CBD8CB28CB38CAE8CB68C22
:103E7000C88CC18CE48CE38CDA8CFD8CFA8CFB8CC6
:103E8000048D058D0A8D078D0F8D0D8D108D4E9F24
:103E9000138DCD8C148D168D678D6D8D718D738DF9
:103EA000818D998DC28DBE8DBA8DCF8DDA8DD68DD7
:103EB000CC8DDB8DCB8DEA8DEB8DDF8DE38DFC8D95
:103EC000088E098EFF8D1D8E1E8E108E1F8E428EC7
:103ED000358E308E348E4A8E478E498E4C8E508E63
:103EE000488E598E648E608E2A8E638E558E768EA5
:103EF000728E7C8E818E878E858E848E8B8E8A8E3E
:103F0000938E918E948E998EAA8EA18EAC8EB08E49
:103F1000C68EB18EBE8EC58EC88ECB8EDB8EE38EE6
:103F2000FC8EFB8EEB8EFE8E0A8F058F158F128F07
:103F3000198F138F1C8F1F8F1B8F0C8F268F338F22
:103F40003B8F398F458F428F3E8F4C8F498F468FE5
:103F50004E8F578F5C8F628F638F648F9C8F9F8F84
:103F6000A38FAD8FAF8FB78FDA8FE58FE28FEA8F98
:103F7000EF8F8790F48F0590F98FFA8F119015903D
:103F800021900D901E9016900B90279036903590B2
:103F90003990F88F4F905090519052900E904990D8
:103FA0003E90569058905E9068906F907690A8964C
:103FB000729082907D90819080908A9089908F906D
:103FC000A890AF90B190B590E290E4904862DB90F9
:103FD000029112911991329130914A9156915891D2
:103FE000639165916991739172918B91899182919D
:103FF000A291AB91AF91AA91B591B491BA91C091B0
:10400000C191C991CB91D091D691DF91E191DB9192
:10401000FC91F591F6911E92FF9114922C921592BB
:1040200011925E925792459249926492489295926B
:104030003F924B9250929C92969293929B925A925C
:10404000CF92B992B792E9920F93FA9244932E933A
:10405000199322931A9323933A9335933B935C934A
:1040600060937C936E935693B093AC93AD9394937B
:10407000B993D693D793E893E593D893C393DD93FD
:10408000D093C893E4931A941494139403940794CC
:10409000109436942B94359421943A9441945294EC
:1040A00044945B94609462945E946A9429927094B0
:1040B000759477947D945A947C947E9481947F94A3
:1040C000829587958A959495969598959995A095BA
:1040D000A895A795AD95BC95BB95B995BE95CA9584
:1040E000F66FC395CD95CC95D595D495D695DC95A1
:1040F000E195E595E295219628962E962F96429683
:104100004C964F964B9677965C965E965D965F962C
:10411000669672966C968D96989695969796AA96B0
:10412000A796B196B296B096B496B696B896B9964A
:10413000CE96CB96C996CD964D89DC960D97D596A1
:10414000F99604970697089713970E9711970F976C
:104150001697199724972A97309739973D973E9746
:10416000449746974897429749975C97609764971A
:1041700066976897D2526B977197799785977C97D6
:1041800081977A9786978B978F9790979C97A89708
:10419000A697A397B397B497C397C697C897CB979B
:1041A000DC97ED974F9FF297DF7AF697F5970F9888
:1041B0000C9838982498219837983D9846984F98AD
:1041C0004B986B986F987098719874987398AA9898
:1041D000AF98B198B698C498C398C698E998EB98E8
:1041E0000399099912991499189921991D991E9961
:1041F000249920992C992E993D993E994299499953
:10420000459950994B99519952994C99559997992B
:104210009899A599AD99AE99BC99DF99DB99DD99EB
:10422000D899D199ED99EE99F199F299FB99F8996C
:10423000019A0F9A059AE299199A2B9A379A459AF8
:10424000429A409A439A3E9A559A4D9A5B9A579A47
:104250005F9A629A659A649A699A6B9A6A9AAD9A19
:10426000B09ABC9AC09ACF9AD19AD39AD49ADE9A2D
:10427000DF9AE29AE39AE69AEF9AEB9AEE9AF49A28
:10428000F19AF79AFB9A069B189B1A9B1F9B229BFD
:10429000239B259B279B289B299B2A9B2E9B2F9BFF
:1042A000329B449B439B4F9B4D9B4E9B519B589BEA
:1042B000749B939B839B919B969B979B9F9BA09B9F
:1042C000A89BB49BC09BCA9BB99BC69BCF9BD19B11
:1042D000D29BE39BE29BE49BD49BE19B3A9CF29BA9
:1042E000F19BF09B159C149C099C139C0C9C069CB8
:1042F000089C129C0A9C049C2E9C1B9C259C249C24
:10430000219C309C479C329C469C3E9C5A9C609CC5
:10431000679C769C789CE79CEC9CF09C099D089D92
:10432000EB9C039D069D2A9D269DAF9D239D1F9D71
:10433000449D159D129D419D3F9D3E9D469D489DDE
:104340005D9D5E9D649D519D509D599D729D899D71
:10435000879DAB9D6F9D7A9D9A9DA49DA99DB29DC1
:10436000C49DC19DBB9DB89DBA9DC69DCF9DC29D5C
:10437000D99DD39DF89DE69DED9DEF9DFD9D1A9ED7
:104380001B9E1E9E759E799E7D9E819E889E8B9E05
:104390008C9E929E959E919E9D9EA59EA99EB89E46
:1043A000AA9EAD9E6197CC9ECE9ECF9ED09ED49E5F
:1043B000DC9EDE9EDD9EE09EE59EE89EEF9EF49EE6
:1043C000F69EF79EF99EFB9EFC9EFD9E079F089F12
:1043D000B776159F219F2C9F3E9F4A9F529F549FC7
:1043E000639F5F9F609F619F669F679F6C9F6A9FAF
:1043F000779F729F769F959F9C9FA09F2F58C7691C
:1044000059906474DC51997100000042C8801F40CB
:10441000B8821F400800000000000042C4801F4016
:10442000B4821F400400000000C0004224801F40EE
:1044300014821F401000000000C0004228801F406E
:1044400018821F402000000000C000422C801F4046
:104450001C821F404000000000C0004234801F400A
:1044600024821F40000100000040004264811F4080
:1044700054831F40000400000040004280811F4020
:1044800070831F4000000200004000427C811F40FA
:104490006C831F40000001000040004268811F4003
:1044A00058831F4000080000004000423C811F402C
:1044B0002C831F40010000000040004244811F4047
:1044C00034831F40040000000040004240811F4030
:1044D00030831F40020000000040004248811F401E
:1044E00038831F40080000000000004204811F4084
:1044F000F4821F40000004000000004208811F40B9
:10450000F8821F40000008000000004218811F4090
:1045100008831F40000080000000004214811F40FB
:1045200004831F40000040000000004200811F4043
:10453000F0821F400000020000000042FC801F408B
:10454000EC821F40000001000000004224811F4057
:1045500014831F40000000040000004228811F4017
:1045600018831F4000000008000000421C811F400B
:104570000C831F40000000010000004220811F400A
:1045800010831F400000000200000042EC801F402A
:10459000DC821F400010000000000042F0801F403D
:1045A000E0821F40002000000000004234811F40D4
:1045B00024831F40000000400000004238811F405B
:1045C00028831F40000000800080004294801F402C
:1045D00084821F400000040000C0004290801F4001
:1045E00080821F400000008000800042A8801F40A1
:1045F00098821F400000800000800042A4801F407D
:1046000094821F4000004000004000426C811F4027
:104610005C831F400010000000C0004230801F403B
:1046200020821F408000000000800042C8811F409F
:10463000B8831F400080000000800042C4811F40FA
:10464000B4831F400040000000800042C0811F4032
:10465000B0831F400020000000800042BC811F404A
:10466000AC831F400010000000800042D0811F403A
:10467000C0831F400000020000800042CC811F4028
:10468000BC831F400000010035000000CEFBFFFF8F
:10469000CB03000001000000000000003400000017
:1046A000CEFBFFFFCB030000010000000000000074
:1046B00005000000190000007D00000007080C0B39
:1046C00006050F000D0E0102838407080C0B06057A
:1046D0000F000D0E0102838401010004010000049B
:1046E0000132010101320201011001010111010138
:1046F0000112010201030206010301060112020276
:10470000020000010202000102010001021000018A
:10471000022200010223000100000000000000004E
:104720000221000102200001000000000000000042
:104730000130010101310101010200040103000403
:104740000000000000000000012102010121010120
:104750000000000000000000000000000110020145
:104760000101020101010101010002010100010139
:104770000102020101020101437261736852657016
:104780006F72743A000000002020412070726F6246
:104790006C656D206F63637572726564206174204F
:1047A0002873797374656D2074696D652920000024
:1047B0003A0000002020436F646520776173206514
:1047C0007865637574696E672066726F6D206164C9
:1047D0006472657373203078000000002020434627
:1047E00053523A20000000000928494143435649EA
:1047F0004F4C2920496E737472756374696F6E2013
:104800004163636573732056696F6C6174696F6E81
:104810000000000009284441434356494F4C2920D9
:1048200044617461204163636573732056696F6CE2
:104830006174696F6E00000009284D554E53544B4A
:1048400045525229204D656D4D616E676520466168
:10485000756C74206F6E20556E737461636B696E36
:104860006700000009284D53544B45525229204DF2
:10487000656D4D616E6765204661756C74206F6E65
:1048800020737461636B696E6700000009284D4CEA
:10489000535045525229204D656D4D616E6765201C
:1048A0004661756C74206F6E204650204C617A7999
:1048B000205374617465000009284D4D41525641E2
:1048C0004C494429204163636573736564204164E6
:1048D00064726573733A20307800000020286E758A
:1048E0006C6C707472290A092020436865636B2020
:1048F000636F64652061742030780000202D20767D
:10490000657279206C696B656C79206120627567CE
:10491000210A09202052756E202261646472326C73
:10492000696E65202D65206D79736B657463682EE3
:10493000696E6F2E656C6620307800002220666FED
:10494000722066696C656E616D652026206C696EEB
:1049500065206E756D6265722E000000202853740C
:1049600061636B2070726F626C656D290A0920208B
:10497000436865636B20666F7220737461636B209C
:104980006F766572666C6F77732C206172726179D5
:1049900020626F756E64732C206574632E000000B6
:1049A0000928494255534552522920496E73747261
:1049B000756374696F6E20427573204572726F72F1
:1049C00000000000092850524543495345525229DE
:1049D000204461746120627573206572726F722861
:1049E0006164647265737320696E20424641522986
:1049F000000000000928494D505245434953455293
:104A00005229204461746120627573206572726F4F
:104A100072206275742061646472657373206E6FB6
:104A2000742072656C6174656420746F20696E73A4
:104A30007472756374696F6E000000000928554E2A
:104A400053544B4552522920427573204661756C70
:104A500074206F6E20756E737461636B696E67206E
:104A6000666F7220612072657475726E2066726F57
:104A70006D20657863657074696F6E000928535402
:104A80004B4552522920427573204661756C742043
:104A90006F6E20737461636B696E6720666F72203E
:104AA000657863657074696F6E20656E74727900E5
:104AB00009284C53504552522920427573204661B3
:104AC000756C74206F6E204650206C617A7920736B
:104AD0007461746520707265736572766174696F54
:104AE0006E00000009284246415256414C49442973
:104AF0002041636365737365642041646472657308
:104B0000733A2030780000000928554E4445464944
:104B10004E5354522920556E646566696E65642053
:104B2000696E737472756374696F6E000928494EFB
:104B30005653544154452920496E737472756374F9
:104B4000696F6E206D616B657320696C6C65676160
:104B50006C20757365206F66204550535229000004
:104B60000928494E565043292055736167652066D0
:104B700061756C743A20696E76616C696420455881
:104B8000435F52455455524E0000000009284E4FD5
:104B9000435029204E6F20436F70726F63657373AB
:104BA0006F7200000928554E414C49474E45442933
:104BB00020556E616C69676E65642061636365731F
:104BC000732055736167654661756C740000000061
:104BD000092844495642595A45524F29204469767A
:104BE000696465206279207A65726F0020204854DC
:104BF00053523A20000000000928564543545442BD
:104C00004C2920427573204661756C74206F6E20AC
:104C1000566563205461626C6520526561640000D2
:104C20000928464F524345442920466F7263656404
:104C30002048617264204661756C740020205465C0
:104C40006D706572617475726520696E73696465F3
:104C500020746865206368697020776173200000A4
:104C600020C2B0430A0000002020537461727475A2
:104C7000702043505520636C6F636B2073706565C3
:104C800064206973200000004D487A0A000000008B
:104C90004E6F204372617368204461746120546FC9
:104CA000205265706F7274002020486F70656675C1
:104CB0006C6C7920616C6C2069732077656C6C2C4E
:104CC00020627574206365727461696E20747970F6
:104CD0006573206F6620637261736865732063611A
:104CE0006E2774206265207265706F727465643A15
:104CF0000000000009737475636B20696E20616E9B
:104D000020696E66696E697465206C6F6F7020280B
:104D1000746563686E6963616C6C792C206861727C
:104D20006477617265207374696C6C2072756E6E45
:104D3000696E672070726F7065726C79290000006F
:104D40000972656D61696E696E6720696E20612008
:104D50006C6F7720706F77657220736C656570205B
:104D60006D6F646500000000096163636573732003
:104D7000746F206365727461696E2070657269700A
:104D8000686572616C7320776974686F75742074DC
:104D90006865697220636C6F636B20656E61626C1D
:104DA0006564202865672C20466C6578494F29008A
:104DB000096368616E6765206F6620435055206FF8
:104DC000722062757320636C6F636B20737065650E
:104DD0006420776974686F757420757365206F66D9
:104DE00020676C697463686C657373206D757800F7
:104DF00020205265626F6F74207761732063617544
:104E0000736564206279206175746F207265626FCA
:104E10006F74206166746572206661756C74206FB2
:104E2000722062616420696E74657272757074209C
:104E30006465746563746564000000002020526539
:104E4000626F6F742077617320636175736564208E
:104E5000627920736F667477617265207772697406
:104E60006520746F205343425F4149524352206F83
:104E70007220435055206C6F636B7570000000000A
:104E800020205265626F6F742077617320636175B3
:104E90007365642062792073656375726974792023
:104EA0006D6F6E69746F720020205265626F6F744F
:104EB0002077617320636175736564206279207067
:104EC0006F776572206F6E2F6F66662062757474DF
:104ED0006F6E000020205265626F6F7420776173DF
:104EE00020636175736564206279207761746368FB
:104EF000646F672031206F722032000020205265DD
:104F0000626F6F74207761732063617573656420CD
:104F10006279204A54414720626F756E64617279EC
:104F2000207363616E00000020205265626F6F7411
:104F30002077617320636175736564206279204A0C
:104F40005441472064656275670000002020526567
:104F5000626F6F742077617320636175736564207D
:104F60006279207761746368646F672033000000A2
:104F700020205265626F6F742077617320636175C2
:104F80007365642062792074656D706572617475F3
:104F900072652073656E736F7200000050616E69F8
:104FA000632054656D702045786365656465642091
:104FB0005368757474696E6720446F776E000000E3
:104FC00043616E2062652063617573656420627958
:104FD000204F766572636C6F636B696E6720772F05
:104FE0006F204865617473696E6B206F72206F74F7
:104FF00068657220756E6B6E6F776E207265617377
:105000006F6E0000202042726561646372756D628C
:1050100020230000207761732000000020283078D2
:10502000000000004C435F434F4C4C41544500008E
:105030004C435F4354595045000000004C435F4DC2
:105040004F4E4554415259004C435F4E554D4552C9
:10505000494300004C435F54494D45004C435F4D6C
:1050600045535341474553000001000090930020F1
:105070001200000000060000A02800600A000000E6
:10508000000200003C2800606200000000070000F1
:10509000D827006062000000EE030000CC930020DF
:1050A00012000000000004EEA4930020280000007D
:1050B00000030000D4270060000000000103090481
:1050C000BC2700600000000002030904A427006060
:1050D0000000000003030904E0930020000000002A
:1050E0000000000000000000000000003030303000
:1050F00030303030303030303030303030303030B0
:10510000303030303030303030303030000000005F
:1051100000000000BCA5002024A600208CA60020D2
:10512000000000000000000000000000000000007F
:10513000000000000000000000000000000000006F
:10514000000000000000000000000000000000005F
:10515000000000000000000000000000000000004F
:10516000000000000000000000000000000000003F
:10517000000000000000000000000000000000002F
:10518000000000000000000000000000000000001F
:10519000000000000000000000000000000000000F
:1051A00000000000000000000100000000000000FE
:1051B0000E33CDAB34126DE6ECDE05000B000000C3
:1051C00000000000000000000000000000000000DF
:1051D00000000000000000000000000000000000CF
:1051E00000000000000000000000000000000000BF
:1051F00000000000000000000000000000000000AF
:10520000000000000000000000000000000000009E
:10521000000000000000000000000000000000008E
:10522000000000000000000000000000000000007E
:10523000200A00200029DE07007B9A1700003A4070
:1052400068090020000000000000000000000000CD
:10525000000000000000000000000000000000004E
:10526000000000000000000000000000000000003E
:10527000000000000000000000000000000000002E
:105280000000000000000000000000009C0A002058
:1052900000000000E803000000000000C40A002035
:1052A00000000000E803000000000000008018403B
:1052B000948D002000000000E4A10020A4A10020A3
:1052C0000000000000000000280000004000000076
:1052D0002800000040000000000000000000000066
:1052E00000000000000000000000000000000000BE
:1052F000000000000000000000000000100C002072
:1053000000000000E80300000000000000003F4033
:1053100054270060000000000000000000000000B2
:10532000000000000000000000000000000000007D
:10533000000000000000000000000000000000006D
:10534000000000000000000000000000000000005D
:10535000000000000000000000000000000000004D
:10536000000000000000000000000000000000003D
:10537000000000000000000000000000000000002D
:10538000000000000000000000000000000000001D
:10539000000000000000000000000000000000000D
:1053A00000000000000000000000000000000000FD
:1053B00000000000000000000000000000000000ED
:1053C00000000000000000000000000000000000DD
:1053D00000000000000000000000000000000000CD
:1053E00000000000000000000000000000000000BD
:1053F00000000000000000000000000000000000AD
:10540000000000000000000000000000000000009C
:10541000000000000000000000000000000000008C
:10542000000000000000000000000000000000007C
:10543000000000000000000000000000100C002030
:1054400000000000E80300000000000000803F4072
:1054500004270060000000000000000000000000C1
:10546000000000000000000000000000000000003C
:10547000000000000000000000000000000000002C
:10548000000000000000000000000000000000001C
:10549000000000000000000000000000000000000C
:1054A00000000000000000000000000000000000FC
:1054B00000000000000000000000000000000000EC
:1054C00000000000000000000000000000000000DC
:1054D00000000000000000000000000000000000CC
:1054E00000000000000000000000000000000000BC
:1054F00000000000000000000000000000000000AC
:10550000000000000000000000000000000000009B
:10551000000000000000000000000000000000008B
:10552000000000000000000000000000000000007B
:10553000000000000000000000000000000000006B
:10554000000000000000000000000000000000005B
:10555000000000000000000000000000000000004B
:10556000000000000000000000000000000000003B
:10557000000000000000000000000000100C0020EF
:1055800000000000E80300000000000000C03F40F1
:10559000B4260060000000000000000000000000D1
:1055A00000000000000000000000000000000000FB
:1055B00000000000000000000000000000000000EB
:1055C00000000000000000000000000000000000DB
:1055D00000000000000000000000000000000000CB
:1055E00000000000000000000000000000000000BB
:1055F00000000000000000000000000000000000AB
:10560000000000000000000000000000000000009A
:10561000000000000000000000000000000000008A
:10562000000000000000000000000000000000007A
:10563000000000000000000000000000000000006A
:10564000000000000000000000000000000000005A
:10565000000000000000000000000000000000004A
:10566000000000000000000000000000000000003A
:10567000000000000000000000000000000000002A
:10568000000000000000000000000000000000001A
:10569000000000000000000000000000000000000A
:1056A00000000000000000000000000000000000FA
:1056B00000000000000000000000000002150000D3
:1056C00079C500000000000068C00F4000000030F5
:1056D0000F000000020000002C851F4001000000A8
:1056E000FF000000FF0000000000000000000000BC
:1056F0000E0000000200000030851F400100000085
:10570000FF000000FF00000000000000000000009B
:10571000130240002600180078000000FFFFFFFF82
:105720007CA50020806F20200000000043000000C6
:105730000000000000000000000000000000000069
:105740000000000000000000000000004300000016
:105750000000000000000000000000000000000049
:1057600000000000000000000000000043000000F6
:105770000000000000000000000000000000000029
:1057800000000000000000000000000043000000D6
:105790000000000000000000000000000000000009
:1057A00000000000000000000000000043000000B6
:1057B00000000000000000000000000000000000E9
:1057C0000000000000000000000000004300000096
:1057D00000000000000000000000000000000000C9
:1057E0000000000000000000000000004300000076
:1057F00000000000000000000000000000000000A9
:10580000000000000000000000000000E53601007C
:10581000452C010000000000D80E002074800020FC
:105820002808002028080020280800202808002038
:105830002808002028080020280800202808002028
:1058400028080020FFFFFFFFFFFFFFFFFFFFFFFF14
:10585000FFFF0000010041534349490000000000E0
:105860000000000000000000000000000000000038
:1058700000000000000041534349490000000000BF
:105880000000000000000000000000000000000018
:105890000000000000000000000000000000000008
:1058A000708F0020708F0020788F0020788F00206C
:1058B000808F0020808F0020888F0020888F00201C
:1058C000908F0020908F0020988F0020988F0020CC
:1058D000A08F0020A08F0020A88F0020A88F00207C
:1058E000B08F0020B08F0020B88F0020B88F00202C
:1058F000C08F0020C08F0020C88F0020C88F0020DC
:10590000D08F0020D08F0020D88F0020D88F00208B
:10591000E08F0020E08F0020E88F0020E88F00203B
:10592000F08F0020F08F0020F88F0020F88F0020EB
:105930000090002000900020089000200890002097
:105940001090002010900020189000201890002047
:1059500020900020209000202890002028900020F7
:1059600030900020309000203890002038900020A7
:105970004090002040900020489000204890002057
:105980005090002050900020589000205890002007
:1059900060900020609000206890002068900020B7
:1059A0007090002070900020789000207890002067
:1059B0008090002080900020889000208890002017
:1059C00090900020909000209890002098900020C7
:1059D000A0900020A0900020A8900020A890002077
:1059E000B0900020B0900020B8900020B890002027
:1059F000C0900020C0900020C8900020C8900020D7
:105A0000D0900020D0900020D8900020D890002086
:105A1000E0900020E0900020E8900020E890002036
:105A2000F0900020F0900020F8900020F8900020E6
:105A30000091002000910020089100200891002092
:105A40001091002010910020189100201891002042
:105A500020910020209100202891002028910020F2
:105A600030910020309100203891002038910020A2
:105A70004091002040910020489100204891002052
:105A80005091002050910020589100205891002002
:105A900060910020609100206891002068910020B2
:105AA0007091002070910020789100207891002062
:105AB0008091002080910020889100208891002012
:105AC00090910020909100209891002098910020C2
:105AD000A0910020A0910020A8910020A891002072
:105AE000B0910020B0910020B8910020B891002022
:105AF000C0910020C0910020C8910020C8910020D2
:105B0000D0910020D0910020D8910020D891002081
:105B1000E0910020E0910020E8910020E891002031
:105B2000F0910020F0910020F8910020F8910020E1
:105B3000009200200092002008920020089200208D
:105B4000109200201092002018920020189200203D
:105B500020920020209200202892002028920020ED
:105B6000309200203092002038920020389200209D
:105B7000409200204092002048920020489200204D
:105B800050920020509200205892002058920020FD
:105B900060920020609200206892002068920020AD
:105BA000709200207092002078920020789200205D
:105BB000809200208092002088920020889200200D
:105BC00090920020909200209892002098920020BD
:105BD000A0920020A0920020A8920020A89200206D
:105BE000B0920020B0920020B8920020B89200201D
:105BF000C0920020C0920020C8920020C8920020CD
:105C0000D0920020D0920020D8920020D89200207C
:105C1000E0920020E0920020E8920020E89200202C
:105C2000F0920020F0920020F8920020F8920020DC
:105C30000093002000930020089300200893002088
:105C40001093002010930020189300201893002038
:105C500020930020209300202893002028930020E8
:105C60003093002030930020389300203893002098
:105C70004093002040930020489300204893002048
:105C800050930020509300205893002058930020F8
:105C900060930020609300206893002068930020A8
:105CA000FFFFFFFF000002000000000003000000F3
:105CB000BCA50020E887002012010002EF0201408D
:105CC000C0168304790201020301000028000000CD
:105CD000000104000100000000000000020157491B
:105CE0004E5553420000000000000000000000007C
:105CF0000000000012034D00530046005400310024
:105D000030003000F80000000C030000000000002C
:105D10000000000000000000000000000000290852
:105D20000000000000000000000000000000000073
:105D30000000000000000000000000000000000063
:105D40000000000000000000000000000000000053
:105D50000000000000000000000000000000000043
:105D60000000000000000000000000000000000033
:105D70000000000000000000000000000000000023
:105D80000000000000000000000000000000000013
:105D90000000000000000000000000000000000003
:105DA00000000000000000000000000000000000F3
:105DB00000000000000000000000000000000000E3
:105DC00000000000000000000000000000000000D3
:105DD00000000000000000000000000000000000C3
:105DE00000000000000000000000000000000000B3
:105DF00000000000000000000000000000000000A3
:105E00000000000000000000000000000000000092
:105E10000000000000000000000000000000000082
:105E20000000000000000000000000000000000072
:105E30000000000000000000000000000000000062
:105E40000000000000000000000000000000000052
:105E50000000000000000000000000000000000042
:105E60000000000000000000000000000000000032
:105E70000000000000000000000000000000000022
:105E80000000000000000000000000000000000012
:105E90000000000000000000000000000000000002
:105EA00000000000000000000000000000000000F2
:105EB00000000000000000000000000000000000E2
:105EC00000000000000000000000000000000000D2
:105ED00000000000000000000000000000000000C2
:105EE00000000000000000000000000000000000B2
:105EF00000000000000000000000000000000000A2
:105F00000000000000000000000000000000000091
:105F10000000000000000000000000000000000081
:105F20000000000000000000000000000000000071
:105F30000000000000000000000000000000000061
:105F40000000000000000000000000000000000051
:105F50000000000000000000000000000000000041
:105F60000000000000000000000000000000000031
:105F70000000000000000000000000000000000021
:105F80000000000000000000000000000000000011
:105F90000000000000000000000000000000000001
:105FA00000000000000000000000000000000000F1
:105FB00000000000000000000000000000000000E1
:105FC00000000000000000000000000000000000D1
:105FD00000000000000000000000000000000000C1
:085FE0000000000000000000B9
:105FE800FFFFFFFFFFFFFFFFFFFFFFFFFFFFFFFFB9
:105FF800FFFFFFFFFFFFFFFF0000000000000000A1
:106008000000000000000000000000000000000088
:106018000000000000000000000000000000000078
:106028000000000000000000000000000000000068
:106038000000000000000000000000000000000058
:106048000000000000000000000000000000000048
:106058000000000000000000000000000000000038
:106068000000000000000000000000000000000028
:106078000000000000000000000000000000000018
:106088000000000000000000000000000000000008
:1060980000000000000000000000000000000000F8
:1060A80000000000000000000000000000000000E8
:1060B80000000000000000000000000000000000D8
:1060C80000000000000000000000000000000000C8
:1060D80000000000000000000000000000000000B8
:1060E80000000000000000000000000000000000A8
:1060F8000000000000000000000000000000000098
:106108000000000000000000000000000000000087
:106118000000000000000000000000000000000077
:106128000000000000000000000000000000000067
:106138000000000000000000000000000000000057
:106148000000000000000000000000000000000047
:106158000000000000000000000000000000000037
:106168000000000000000000000000000000000027
:106178000000000000000000000000000000000017
:106188000000000000000000000000000000000007
:1061980000000000000000000000000000000000F7
:1061A80000000000000000000000000000000000E7
:1061B80000000000000000000000000000000000D7
:1061C80000000000000000000000000000000000C7
:1061D80000000000000000000000000000000000B7
:1061E80000000000000000000000000000000000A7
:1061F8000000000000000000000000000000000097
:106208000000000000000000000000000000000086
:106218000000000000000000000000000000000076
:106228000000000000000000000000000000000066
:106238000000000000000000000000000000000056
:106248000000000000000000000000000000000046
:106258000000000000000000000000000000000036
:106268000000000000000000000000000000000026
:106278000000000000000000000000000000000016
:106288000000000000000000000000000000000006
:1062980000000000000000000000000000000000F6
:1062A80000000000000000000000000000000000E6
:1062B80000000000000000000000000000000000D6
:1062C80000000000000000000000000000000000C6
:1062D80000000000000000000000000000000000B6
:1062E80000000000000000000000000000000000A6
:1062F8000000000000000000000000000000000096
:106308000000000000000000000000000000000085
:106318000000000000000000000000000000000075
:106328000000000000000000000000000000000065
:106338000000000000000000000000000000000055
:106348000000000000000000000000000000000045
:106358000000000000000000000000000000000035
:106368000000000000000000000000000000000025
:106378000000000000000000000000000000000015
:106388000000000000000000000000000000000005
:1063980000000000000000000000000000000000F5
:1063A80000000000000000000000000000000000E5
:1063B80000000000000000000000000000000000D5
:1063C80000000000000000000000000000000000C5
:1063D80000000000000000000000000000000000B5
:1063E80000000000000000000000000000000000A5
:1063F8000000000000000000000000000000000095
:106408000000000000000000000000000000000084
:106418000000000000000000000000000000000074
:106428000000000000000000000000000000000064
:106438000000000000000000000000000000000054
:106448000000000000000000000000000000000044
:106458000000000000000000000000000000000034
:106468000000000000000000000000000000000024
:106478000000000000000000000000000000000014
:106488000000000000000000000000000000000004
:1064980000000000000000000000000000000000F4
:1064A80000000000000000000000000000000000E4
:1064B80000000000000000000000000000000000D4
:1064C80000000000000000000000000000000000C4
:1064D80000000000000000000000000000000000B4
:1064E80000000000000000000000000000000000A4
:1064F8000000000000000000000000000000000094
:106508000000000000000000000000000000000083
:106518000000000000000000000000000000000073
:106528000000000000000000000000000000000063
:106538000000000000000000000000000000000053
:106548000000000000000000000000000000000043
:106558000000000000000000000000000000000033
:106568000000000000000000000000000000000023
:106578000000000000000000000000000000000013
:106588000000000000000000000000000000000003
:1065980000000000000000000000000000000000F3
:1065A80000000000000000000000000000000000E3
:1065B80000000000000000000000000000000000D3
:1065C80000000000000000000000000000000000C3
:1065D80000000000000000000000000000000000B3
:1065E80000000000000000000000000000000000A3
:1065F8000000000000000000000000000000000093
:106608000000000000000000000000000000000082
:106618000000000000000000000000000000000072
:106628000000000000000000000000000000000062
:106638000000000000000000000000000000000052
:106648000000000000000000000000000000000042
:106658000000000000000000000000000000000032
:106668000000000000000000000000000000000022
:106678000000000000000000000000000000000012
:106688000000000000000000000000000000000002
:1066980000000000000000000000000000000000F2
:1066A80000000000000000000000000000000000E2
:1066B80000000000000000000000000000000000D2
:1066C80000000000000000000000000000000000C2
:1066D80000000000000000000000000000000000B2
:1066E80000000000000000000000000000000000A2
:1066F8000000000000000000000000000000000092
:106708000000000000000000000000000000000081
:106718000000000000000000000000000000000071
:106728000000000000000000000000000000000061
:106738000000000000000000000000000000000051
:106748000000000000000000000000000000000041
:106758000000000000000000000000000000000031
:106768000000000000000000000000000000000021
:106778000000000000000000000000000000000011
:106788000000000000000000000000000000000001
:1067980000000000000000000000000000000000F1
:1067A80000000000000000000000000000000000E1
:1067B80000000000000000000000000000000000D1
:1067C80000000000000000000000000000000000C1
:1067D80000000000000000000000000000000000B1
:1067E80000000000000000000000000000000000A1
:1067F8000000000000000000000000000000000091
:106808000000000000000000000000000000000080
:106818000000000000000000000000000000000070
:106828000000000000000000000000000000000060
:106838000000000000000000000000000000000050
:106848000000000000000000000000000000000040
:106858000000000000000000000000000000000030
:106868000000000000000000000000000000000020
:106878000000000000000000000000000000000010
:106888000000000000000000000000000000000000
:1068980000000000000000000000000000000000F0
:1068A80000000000000000000000000000000000E0
:1068B80000000000000000000000000000000000D0
:1068C80000000000000000000000000000000000C0
:1068D80000000000000000000000000000000000B0
:1068E80000000000000000000000000000000000A0
:1068F8000000000000000000000000000000000090
:10690800000000000000000000000000000000007F
:10691800000000000000000000000000000000006F
:10692800000000000000000000000000000000005F
:10693800000000000000000000000000000000004F
:10694800000000000000000000000000000000003F
:10695800000000000000000000000000000000002F
:10696800000000000000000000000000000000001F
:10697800000000000000000000000000000000000F
:1069880000000000000000000000000000000000FF
:1069980000000000000000000000000000000000EF
:1069A80000000000000000000000000000000000DF
:1069B80000000000000000000000000000000000CF
:1069C80000000000000000000000000000000000BF
:1069D80000000000000000000000000000000000AF
:1069E800000000000000000000000000000000009F
:1069F800000000000000000000000000000000008F
:106A0800000000000000000000000000000000007E
:106A1800000000000000000000000000000000006E
:106A2800000000000000000000000000000000005E
:106A3800000000000000000000000000000000004E
:106A4800000000000000000000000000000000003E
:106A5800000000000000000000000000000000002E
:106A6800000000000000000000000000000000001E
:106A7800000000000000000000000000000000000E
:106A880000000000000000000000000000000000FE
:106A980000000000000000000000000000000000EE
:106AA80000000000000000000000000000000000DE
:106AB80000000000000000000000000000000000CE
:106AC80000000000000000000000000000000000BE
:106AD80000000000000000000000000000000000AE
:106AE800000000000000000000000000000000009E
:106AF800000000000000000000000000000000008E
:106B0800000000000000000000000000000000007D
:106B1800000000000000000000000000000000006D
:106B2800000000000000000000000000000000005D
:106B3800000000000000000000000000000000004D
:106B4800000000000000000000000000000000003D
:106B5800000000000000000000000000000000002D
:106B6800000000000000000000000000000000001D
:106B7800000000000000000000000000000000000D
:106B880000000000000000000000000000000000FD
:106B980000000000000000000000000000000000ED
:106BA80000000000000000000000000000000000DD
:106BB80000000000000000000000000000000000CD
:106BC80000000000000000000000000000000000BD
:106BD80000000000000000000000000000000000AD
:106BE800000000000000000000000000000000009D
:086BF800000000000000000095
:040000056000100087
:00000001FF
